Command line invocation:
    /Applications/Xcode.app/Contents/Developer/usr/bin/xcodebuild -project LogicAudioAssistant.xcodeproj -scheme CompanionMacApp -configuration Release -destination platform=macOS,arch=arm64 -derivedDataPath .build/xcode-release-reviewfix CODE_SIGNING_ALLOWED=NO build

Build settings from command line:
    CODE_SIGNING_ALLOWED = NO

Resolve Package Graph


Resolved source packages:
  LogicAudioAssistant: /Users/marcboyer/LogicAudioAssistant

ComputePackagePrebuildTargetDependencyGraph

Prepare packages

CreateBuildRequest

SendProjectDescription

CreateBuildOperation

ComputeTargetDependencyGraph
note: Building targets in dependency order
note: Target dependency graph (33 targets)
    Target 'CompanionMacApp' in project 'LogicAudioAssistant'
        ➜ Explicit dependency on target 'AssistantAudioUnitExtension' in project 'LogicAudioAssistant'
        ➜ Explicit dependency on target 'SharedIPC' in project 'LogicAudioAssistant'
        ➜ Explicit dependency on target 'SessionCore' in project 'LogicAudioAssistant'
        ➜ Explicit dependency on target 'PreviewWorkflow' in project 'LogicAudioAssistant'
        ➜ Explicit dependency on target 'PreviewAudition' in project 'LogicAudioAssistant'
        ➜ Explicit dependency on target 'DSPCore' in project 'LogicAudioAssistant'
        ➜ Explicit dependency on target 'PlanSchema' in project 'LogicAudioAssistant'
        ➜ Explicit dependency on target 'AgentCore' in project 'LogicAudioAssistant'
        ➜ Explicit dependency on target 'AudioAnalysis' in project 'LogicAudioAssistant'
        ➜ Explicit dependency on target 'ProductionIntelligence' in project 'LogicAudioAssistant'
        ➜ Explicit dependency on target 'ProductionTutor' in project 'LogicAudioAssistant'
        ➜ Explicit dependency on target 'TutorConversation' in project 'LogicAudioAssistant'
        ➜ Explicit dependency on target 'TutorLogicObserver' in project 'LogicAudioAssistant'
        ➜ Explicit dependency on target 'VocalProduction' in project 'LogicAudioAssistant'
    Target 'VocalProduction' in project 'LogicAudioAssistant'
        ➜ Explicit dependency on target 'VocalProduction' in project 'LogicAudioAssistant'
        ➜ Explicit dependency on target 'PlanSchema' in project 'LogicAudioAssistant'
        ➜ Explicit dependency on target 'DSPCore' in project 'LogicAudioAssistant'
        ➜ Explicit dependency on target 'CAtomics' in project 'LogicAudioAssistant'
        ➜ Explicit dependency on target 'AudioAnalysis' in project 'LogicAudioAssistant'
    Target 'TutorLogicObserver' in project 'LogicAudioAssistant'
        ➜ Explicit dependency on target 'TutorLogicObserver' in project 'LogicAudioAssistant'
        ➜ Explicit dependency on target 'PlanSchema' in project 'LogicAudioAssistant'
        ➜ Explicit dependency on target 'DSPCore' in project 'LogicAudioAssistant'
        ➜ Explicit dependency on target 'CAtomics' in project 'LogicAudioAssistant'
        ➜ Explicit dependency on target 'AudioAnalysis' in project 'LogicAudioAssistant'
        ➜ Explicit dependency on target 'StateStore' in project 'LogicAudioAssistant'
        ➜ Explicit dependency on target 'AgentCore' in project 'LogicAudioAssistant'
        ➜ Explicit dependency on target 'ProductionIntelligence' in project 'LogicAudioAssistant'
        ➜ Explicit dependency on target 'ProductionTutor' in project 'LogicAudioAssistant'
        ➜ Explicit dependency on target 'TutorConversation' in project 'LogicAudioAssistant'
    Target 'TutorLogicObserver' in project 'LogicAudioAssistant'
        ➜ Explicit dependency on target 'PlanSchema' in project 'LogicAudioAssistant'
        ➜ Explicit dependency on target 'DSPCore' in project 'LogicAudioAssistant'
        ➜ Explicit dependency on target 'CAtomics' in project 'LogicAudioAssistant'
        ➜ Explicit dependency on target 'AudioAnalysis' in project 'LogicAudioAssistant'
        ➜ Explicit dependency on target 'StateStore' in project 'LogicAudioAssistant'
        ➜ Explicit dependency on target 'AgentCore' in project 'LogicAudioAssistant'
        ➜ Explicit dependency on target 'ProductionIntelligence' in project 'LogicAudioAssistant'
        ➜ Explicit dependency on target 'ProductionTutor' in project 'LogicAudioAssistant'
        ➜ Explicit dependency on target 'TutorConversation' in project 'LogicAudioAssistant'
    Target 'TutorConversation' in project 'LogicAudioAssistant'
        ➜ Explicit dependency on target 'TutorConversation' in project 'LogicAudioAssistant'
        ➜ Explicit dependency on target 'PlanSchema' in project 'LogicAudioAssistant'
        ➜ Explicit dependency on target 'DSPCore' in project 'LogicAudioAssistant'
        ➜ Explicit dependency on target 'CAtomics' in project 'LogicAudioAssistant'
        ➜ Explicit dependency on target 'AudioAnalysis' in project 'LogicAudioAssistant'
        ➜ Explicit dependency on target 'StateStore' in project 'LogicAudioAssistant'
        ➜ Explicit dependency on target 'AgentCore' in project 'LogicAudioAssistant'
        ➜ Explicit dependency on target 'ProductionIntelligence' in project 'LogicAudioAssistant'
        ➜ Explicit dependency on target 'ProductionTutor' in project 'LogicAudioAssistant'
    Target 'TutorConversation' in project 'LogicAudioAssistant'
        ➜ Explicit dependency on target 'PlanSchema' in project 'LogicAudioAssistant'
        ➜ Explicit dependency on target 'DSPCore' in project 'LogicAudioAssistant'
        ➜ Explicit dependency on target 'CAtomics' in project 'LogicAudioAssistant'
        ➜ Explicit dependency on target 'AudioAnalysis' in project 'LogicAudioAssistant'
        ➜ Explicit dependency on target 'StateStore' in project 'LogicAudioAssistant'
        ➜ Explicit dependency on target 'AgentCore' in project 'LogicAudioAssistant'
        ➜ Explicit dependency on target 'ProductionIntelligence' in project 'LogicAudioAssistant'
        ➜ Explicit dependency on target 'ProductionTutor' in project 'LogicAudioAssistant'
    Target 'ProductionTutor' in project 'LogicAudioAssistant'
        ➜ Explicit dependency on target 'ProductionTutor' in project 'LogicAudioAssistant'
        ➜ Explicit dependency on target 'LogicAudioAssistant_ProductionTutor' in project 'LogicAudioAssistant'
        ➜ Explicit dependency on target 'PlanSchema' in project 'LogicAudioAssistant'
        ➜ Explicit dependency on target 'DSPCore' in project 'LogicAudioAssistant'
        ➜ Explicit dependency on target 'CAtomics' in project 'LogicAudioAssistant'
        ➜ Explicit dependency on target 'AudioAnalysis' in project 'LogicAudioAssistant'
        ➜ Explicit dependency on target 'StateStore' in project 'LogicAudioAssistant'
        ➜ Explicit dependency on target 'AgentCore' in project 'LogicAudioAssistant'
    Target 'ProductionTutor' in project 'LogicAudioAssistant'
        ➜ Explicit dependency on target 'LogicAudioAssistant_ProductionTutor' in project 'LogicAudioAssistant'
        ➜ Explicit dependency on target 'PlanSchema' in project 'LogicAudioAssistant'
        ➜ Explicit dependency on target 'DSPCore' in project 'LogicAudioAssistant'
        ➜ Explicit dependency on target 'CAtomics' in project 'LogicAudioAssistant'
        ➜ Explicit dependency on target 'AudioAnalysis' in project 'LogicAudioAssistant'
        ➜ Explicit dependency on target 'StateStore' in project 'LogicAudioAssistant'
        ➜ Explicit dependency on target 'AgentCore' in project 'LogicAudioAssistant'
    Target 'LogicAudioAssistant_ProductionTutor' in project 'LogicAudioAssistant' (no dependencies)
    Target 'ProductionIntelligence' in project 'LogicAudioAssistant'
        ➜ Explicit dependency on target 'ProductionIntelligence' in project 'LogicAudioAssistant'
        ➜ Explicit dependency on target 'PlanSchema' in project 'LogicAudioAssistant'
        ➜ Explicit dependency on target 'DSPCore' in project 'LogicAudioAssistant'
        ➜ Explicit dependency on target 'CAtomics' in project 'LogicAudioAssistant'
        ➜ Explicit dependency on target 'AudioAnalysis' in project 'LogicAudioAssistant'
        ➜ Explicit dependency on target 'StateStore' in project 'LogicAudioAssistant'
        ➜ Explicit dependency on target 'AgentCore' in project 'LogicAudioAssistant'
    Target 'ProductionIntelligence' in project 'LogicAudioAssistant'
        ➜ Explicit dependency on target 'PlanSchema' in project 'LogicAudioAssistant'
        ➜ Explicit dependency on target 'DSPCore' in project 'LogicAudioAssistant'
        ➜ Explicit dependency on target 'CAtomics' in project 'LogicAudioAssistant'
        ➜ Explicit dependency on target 'AudioAnalysis' in project 'LogicAudioAssistant'
        ➜ Explicit dependency on target 'StateStore' in project 'LogicAudioAssistant'
        ➜ Explicit dependency on target 'AgentCore' in project 'LogicAudioAssistant'
    Target 'AgentCore' in project 'LogicAudioAssistant'
        ➜ Explicit dependency on target 'AgentCore' in project 'LogicAudioAssistant'
        ➜ Explicit dependency on target 'PlanSchema' in project 'LogicAudioAssistant'
        ➜ Explicit dependency on target 'DSPCore' in project 'LogicAudioAssistant'
        ➜ Explicit dependency on target 'CAtomics' in project 'LogicAudioAssistant'
        ➜ Explicit dependency on target 'AudioAnalysis' in project 'LogicAudioAssistant'
        ➜ Explicit dependency on target 'StateStore' in project 'LogicAudioAssistant'
    Target 'PreviewAudition' in project 'LogicAudioAssistant'
        ➜ Explicit dependency on target 'PreviewAudition' in project 'LogicAudioAssistant'
    Target 'PreviewAudition' in project 'LogicAudioAssistant' (no dependencies)
    Target 'PreviewWorkflow' in project 'LogicAudioAssistant'
        ➜ Explicit dependency on target 'PreviewWorkflow' in project 'LogicAudioAssistant'
        ➜ Explicit dependency on target 'PlanSchema' in project 'LogicAudioAssistant'
        ➜ Explicit dependency on target 'DSPCore' in project 'LogicAudioAssistant'
        ➜ Explicit dependency on target 'CAtomics' in project 'LogicAudioAssistant'
        ➜ Explicit dependency on target 'AudioAnalysis' in project 'LogicAudioAssistant'
        ➜ Explicit dependency on target 'StateStore' in project 'LogicAudioAssistant'
        ➜ Explicit dependency on target 'AgentCore' in project 'LogicAudioAssistant'
        ➜ Explicit dependency on target 'PreviewRenderer' in project 'LogicAudioAssistant'
        ➜ Explicit dependency on target 'VocalProduction' in project 'LogicAudioAssistant'
    Target 'SessionCore' in project 'LogicAudioAssistant'
        ➜ Explicit dependency on target 'SessionCore' in project 'LogicAudioAssistant'
        ➜ Explicit dependency on target 'PlanSchema' in project 'LogicAudioAssistant'
        ➜ Explicit dependency on target 'DSPCore' in project 'LogicAudioAssistant'
        ➜ Explicit dependency on target 'CAtomics' in project 'LogicAudioAssistant'
        ➜ Explicit dependency on target 'AudioAnalysis' in project 'LogicAudioAssistant'
        ➜ Explicit dependency on target 'StateStore' in project 'LogicAudioAssistant'
        ➜ Explicit dependency on target 'AgentCore' in project 'LogicAudioAssistant'
        ➜ Explicit dependency on target 'SharedIPC' in project 'LogicAudioAssistant'
        ➜ Explicit dependency on target 'PreviewRenderer' in project 'LogicAudioAssistant'
        ➜ Explicit dependency on target 'VocalProduction' in project 'LogicAudioAssistant'
        ➜ Explicit dependency on target 'PreviewWorkflow' in project 'LogicAudioAssistant'
    Target 'SessionCore' in project 'LogicAudioAssistant'
        ➜ Explicit dependency on target 'PlanSchema' in project 'LogicAudioAssistant'
        ➜ Explicit dependency on target 'DSPCore' in project 'LogicAudioAssistant'
        ➜ Explicit dependency on target 'CAtomics' in project 'LogicAudioAssistant'
        ➜ Explicit dependency on target 'AudioAnalysis' in project 'LogicAudioAssistant'
        ➜ Explicit dependency on target 'StateStore' in project 'LogicAudioAssistant'
        ➜ Explicit dependency on target 'AgentCore' in project 'LogicAudioAssistant'
        ➜ Explicit dependency on target 'SharedIPC' in project 'LogicAudioAssistant'
        ➜ Explicit dependency on target 'PreviewRenderer' in project 'LogicAudioAssistant'
        ➜ Explicit dependency on target 'VocalProduction' in project 'LogicAudioAssistant'
        ➜ Explicit dependency on target 'PreviewWorkflow' in project 'LogicAudioAssistant'
    Target 'PreviewWorkflow' in project 'LogicAudioAssistant'
        ➜ Explicit dependency on target 'PlanSchema' in project 'LogicAudioAssistant'
        ➜ Explicit dependency on target 'DSPCore' in project 'LogicAudioAssistant'
        ➜ Explicit dependency on target 'CAtomics' in project 'LogicAudioAssistant'
        ➜ Explicit dependency on target 'AudioAnalysis' in project 'LogicAudioAssistant'
        ➜ Explicit dependency on target 'StateStore' in project 'LogicAudioAssistant'
        ➜ Explicit dependency on target 'AgentCore' in project 'LogicAudioAssistant'
        ➜ Explicit dependency on target 'PreviewRenderer' in project 'LogicAudioAssistant'
        ➜ Explicit dependency on target 'VocalProduction' in project 'LogicAudioAssistant'
    Target 'VocalProduction' in project 'LogicAudioAssistant'
        ➜ Explicit dependency on target 'PlanSchema' in project 'LogicAudioAssistant'
        ➜ Explicit dependency on target 'DSPCore' in project 'LogicAudioAssistant'
        ➜ Explicit dependency on target 'CAtomics' in project 'LogicAudioAssistant'
        ➜ Explicit dependency on target 'AudioAnalysis' in project 'LogicAudioAssistant'
    Target 'PreviewRenderer' in project 'LogicAudioAssistant'
        ➜ Explicit dependency on target 'PlanSchema' in project 'LogicAudioAssistant'
        ➜ Explicit dependency on target 'DSPCore' in project 'LogicAudioAssistant'
        ➜ Explicit dependency on target 'CAtomics' in project 'LogicAudioAssistant'
        ➜ Explicit dependency on target 'AudioAnalysis' in project 'LogicAudioAssistant'
    Target 'AgentCore' in project 'LogicAudioAssistant'
        ➜ Explicit dependency on target 'PlanSchema' in project 'LogicAudioAssistant'
        ➜ Explicit dependency on target 'DSPCore' in project 'LogicAudioAssistant'
        ➜ Explicit dependency on target 'CAtomics' in project 'LogicAudioAssistant'
        ➜ Explicit dependency on target 'AudioAnalysis' in project 'LogicAudioAssistant'
        ➜ Explicit dependency on target 'StateStore' in project 'LogicAudioAssistant'
    Target 'StateStore' in project 'LogicAudioAssistant'
        ➜ Explicit dependency on target 'PlanSchema' in project 'LogicAudioAssistant'
    Target 'AssistantAudioUnitExtension' in project 'LogicAudioAssistant'
        ➜ Explicit dependency on target 'CAtomics' in project 'LogicAudioAssistant'
        ➜ Explicit dependency on target 'AudioAnalysis' in project 'LogicAudioAssistant'
        ➜ Explicit dependency on target 'DSPCore' in project 'LogicAudioAssistant'
        ➜ Explicit dependency on target 'PlanSchema' in project 'LogicAudioAssistant'
        ➜ Explicit dependency on target 'SharedIPC' in project 'LogicAudioAssistant'
    Target 'SharedIPC' in project 'LogicAudioAssistant'
        ➜ Explicit dependency on target 'SharedIPC' in project 'LogicAudioAssistant'
        ➜ Explicit dependency on target 'PlanSchema' in project 'LogicAudioAssistant'
    Target 'SharedIPC' in project 'LogicAudioAssistant'
        ➜ Explicit dependency on target 'PlanSchema' in project 'LogicAudioAssistant'
    Target 'PlanSchema' in project 'LogicAudioAssistant'
        ➜ Explicit dependency on target 'PlanSchema' in project 'LogicAudioAssistant'
    Target 'DSPCore' in project 'LogicAudioAssistant'
        ➜ Explicit dependency on target 'DSPCore' in project 'LogicAudioAssistant'
        ➜ Explicit dependency on target 'PlanSchema' in project 'LogicAudioAssistant'
    Target 'AudioAnalysis' in project 'LogicAudioAssistant'
        ➜ Explicit dependency on target 'AudioAnalysis' in project 'LogicAudioAssistant'
        ➜ Explicit dependency on target 'PlanSchema' in project 'LogicAudioAssistant'
        ➜ Explicit dependency on target 'DSPCore' in project 'LogicAudioAssistant'
        ➜ Explicit dependency on target 'CAtomics' in project 'LogicAudioAssistant'
    Target 'AudioAnalysis' in project 'LogicAudioAssistant'
        ➜ Explicit dependency on target 'PlanSchema' in project 'LogicAudioAssistant'
        ➜ Explicit dependency on target 'DSPCore' in project 'LogicAudioAssistant'
        ➜ Explicit dependency on target 'CAtomics' in project 'LogicAudioAssistant'
    Target 'DSPCore' in project 'LogicAudioAssistant'
        ➜ Explicit dependency on target 'PlanSchema' in project 'LogicAudioAssistant'
    Target 'PlanSchema' in project 'LogicAudioAssistant' (no dependencies)
    Target 'CAtomics' in project 'LogicAudioAssistant'
        ➜ Explicit dependency on target 'CAtomics' in project 'LogicAudioAssistant'
    Target 'CAtomics' in project 'LogicAudioAssistant' (no dependencies)

GatherProvisioningInputs

CreateBuildDescription

ExecuteExternalTool /Applications/Xcode.app/Contents/Developer/Toolchains/XcodeDefault.xctoolchain/usr/bin/clang -v -E -dM -arch arm64 -isysroot /Applications/Xcode.app/Contents/Developer/Platforms/MacOSX.platform/Developer/SDKs/MacOSX26.5.sdk -x c -c /dev/null

ExecuteExternalTool /Applications/Xcode.app/Contents/Developer/Toolchains/XcodeDefault.xctoolchain/usr/bin/swiftc --version

ExecuteExternalTool /Applications/Xcode.app/Contents/Developer/Toolchains/XcodeDefault.xctoolchain/usr/bin/clang -v -E -dM -isysroot /Applications/Xcode.app/Contents/Developer/Platforms/MacOSX.platform/Developer/SDKs/MacOSX26.5.sdk -x c -c /dev/null

ExecuteExternalTool /Applications/Xcode.app/Contents/Developer/usr/bin/actool --version --output-format xml1

ExecuteExternalTool /Applications/Xcode.app/Contents/Developer/Toolchains/XcodeDefault.xctoolchain/usr/bin/ld -version_details

Build description signature: bda58b502eeffa691241f9b70cdfe778
Build description path: /Users/marcboyer/LogicAudioAssistant/.build/xcode-release-reviewfix/Build/Intermediates.noindex/XCBuildData/bda58b502eeffa691241f9b70cdfe778.xcbuilddata
ClangStatCache /Applications/Xcode.app/Contents/Developer/Toolchains/XcodeDefault.xctoolchain/usr/bin/clang-stat-cache /Applications/Xcode.app/Contents/Developer/Platforms/MacOSX.platform/Developer/SDKs/MacOSX26.5.sdk /Users/marcboyer/LogicAudioAssistant/.build/xcode-release-reviewfix/SDKStatCaches.noindex/macosx26.5-25F70-e082c4a02f00227109f4ed75e425c832.sdkstatcache
    cd /Users/marcboyer/LogicAudioAssistant/LogicAudioAssistant.xcodeproj
    /Applications/Xcode.app/Contents/Developer/Toolchains/XcodeDefault.xctoolchain/usr/bin/clang-stat-cache /Applications/Xcode.app/Contents/Developer/Platforms/MacOSX.platform/Developer/SDKs/MacOSX26.5.sdk -o /Users/marcboyer/LogicAudioAssistant/.build/xcode-release-reviewfix/SDKStatCaches.noindex/macosx26.5-25F70-e082c4a02f00227109f4ed75e425c832.sdkstatcache

CreateBuildDirectory /Users/marcboyer/LogicAudioAssistant/.build/xcode-release-reviewfix/Build/Products
    cd /Users/marcboyer/LogicAudioAssistant/LogicAudioAssistant.xcodeproj
    builtin-create-build-directory /Users/marcboyer/LogicAudioAssistant/.build/xcode-release-reviewfix/Build/Products

CreateBuildDirectory /Users/marcboyer/LogicAudioAssistant/.build/xcode-release-reviewfix/Build/Intermediates.noindex
    cd /Users/marcboyer/LogicAudioAssistant/LogicAudioAssistant.xcodeproj
    builtin-create-build-directory /Users/marcboyer/LogicAudioAssistant/.build/xcode-release-reviewfix/Build/Intermediates.noindex

CreateBuildDirectory /Users/marcboyer/LogicAudioAssistant/.build/xcode-release-reviewfix/Build/Products/Release
    cd /Users/marcboyer/LogicAudioAssistant/LogicAudioAssistant.xcodeproj
    builtin-create-build-directory /Users/marcboyer/LogicAudioAssistant/.build/xcode-release-reviewfix/Build/Products/Release

CreateBuildDirectory /Users/marcboyer/LogicAudioAssistant/.build/xcode-release-reviewfix/Build/Intermediates.noindex/SwiftExplicitPrecompiledModules
    cd /Users/marcboyer/LogicAudioAssistant/LogicAudioAssistant.xcodeproj
    builtin-create-build-directory /Users/marcboyer/LogicAudioAssistant/.build/xcode-release-reviewfix/Build/Intermediates.noindex/SwiftExplicitPrecompiledModules

CreateBuildDirectory /Users/marcboyer/LogicAudioAssistant/.build/xcode-release-reviewfix/Build/Intermediates.noindex/ExplicitPrecompiledModules
    cd /Users/marcboyer/LogicAudioAssistant/LogicAudioAssistant.xcodeproj
    builtin-create-build-directory /Users/marcboyer/LogicAudioAssistant/.build/xcode-release-reviewfix/Build/Intermediates.noindex/ExplicitPrecompiledModules

CreateBuildDirectory /Users/marcboyer/LogicAudioAssistant/.build/xcode-release-reviewfix/Build/Intermediates.noindex/EagerLinkingTBDs/Release
    cd /Users/marcboyer/LogicAudioAssistant/LogicAudioAssistant.xcodeproj
    builtin-create-build-directory /Users/marcboyer/LogicAudioAssistant/.build/xcode-release-reviewfix/Build/Intermediates.noindex/EagerLinkingTBDs/Release

WriteAuxiliaryFile /Users/marcboyer/LogicAudioAssistant/.build/xcode-release-reviewfix/Build/Intermediates.noindex/LogicAudioAssistant.build/Release/LogicAudioAssistant-ad80f5d6a5c2eb78a281f1b37698cd26-VFS/all-product-headers.yaml
    cd /Users/marcboyer/LogicAudioAssistant/LogicAudioAssistant.xcodeproj
    write-file /Users/marcboyer/LogicAudioAssistant/.build/xcode-release-reviewfix/Build/Intermediates.noindex/LogicAudioAssistant.build/Release/LogicAudioAssistant-ad80f5d6a5c2eb78a281f1b37698cd26-VFS/all-product-headers.yaml

CreateBuildDirectory /Users/marcboyer/LogicAudioAssistant/.build/xcode-release-reviewfix/Build/Products/Release/PackageFrameworks
    cd /Users/marcboyer/LogicAudioAssistant/LogicAudioAssistant.xcodeproj
    builtin-create-build-directory /Users/marcboyer/LogicAudioAssistant/.build/xcode-release-reviewfix/Build/Products/Release/PackageFrameworks

WriteAuxiliaryFile /Users/marcboyer/LogicAudioAssistant/.build/xcode-release-reviewfix/Build/Intermediates.noindex/LogicAudioAssistant.build/Release/TutorLogicObserver.build/TutorLogicObserver.modulemap (in target 'TutorLogicObserver' from project 'LogicAudioAssistant' at path '/Users/marcboyer/LogicAudioAssistant/Package.swift')
    cd /Users/marcboyer/LogicAudioAssistant
    write-file /Users/marcboyer/LogicAudioAssistant/.build/xcode-release-reviewfix/Build/Intermediates.noindex/LogicAudioAssistant.build/Release/TutorLogicObserver.build/TutorLogicObserver.modulemap

WriteAuxiliaryFile /Users/marcboyer/LogicAudioAssistant/.build/xcode-release-reviewfix/Build/Intermediates.noindex/LogicAudioAssistant.build/Release/VocalProduction.build/VocalProduction.DependencyMetadataFileList (in target 'VocalProduction' from project 'LogicAudioAssistant' at path '/Users/marcboyer/LogicAudioAssistant/Package.swift')
    cd /Users/marcboyer/LogicAudioAssistant
    write-file /Users/marcboyer/LogicAudioAssistant/.build/xcode-release-reviewfix/Build/Intermediates.noindex/LogicAudioAssistant.build/Release/VocalProduction.build/VocalProduction.DependencyMetadataFileList

WriteAuxiliaryFile /Users/marcboyer/LogicAudioAssistant/.build/xcode-release-reviewfix/Build/Intermediates.noindex/LogicAudioAssistant.build/Release/VocalProduction.build/VocalProduction.modulemap (in target 'VocalProduction' from project 'LogicAudioAssistant' at path '/Users/marcboyer/LogicAudioAssistant/Package.swift')
    cd /Users/marcboyer/LogicAudioAssistant
    write-file /Users/marcboyer/LogicAudioAssistant/.build/xcode-release-reviewfix/Build/Intermediates.noindex/LogicAudioAssistant.build/Release/VocalProduction.build/VocalProduction.modulemap

WriteAuxiliaryFile /Users/marcboyer/LogicAudioAssistant/.build/xcode-release-reviewfix/Build/Intermediates.noindex/LogicAudioAssistant.build/Release/VocalProduction.build/VocalProduction.DependencyStaticMetadataFileList (in target 'VocalProduction' from project 'LogicAudioAssistant' at path '/Users/marcboyer/LogicAudioAssistant/Package.swift')
    cd /Users/marcboyer/LogicAudioAssistant
    write-file /Users/marcboyer/LogicAudioAssistant/.build/xcode-release-reviewfix/Build/Intermediates.noindex/LogicAudioAssistant.build/Release/VocalProduction.build/VocalProduction.DependencyStaticMetadataFileList

WriteAuxiliaryFile /Users/marcboyer/LogicAudioAssistant/.build/xcode-release-reviewfix/Build/Intermediates.noindex/LogicAudioAssistant.build/Release/VocalProduction.build/Objects-normal/arm64/VocalProduction_const_extract_protocols.json (in target 'VocalProduction' from project 'LogicAudioAssistant' at path '/Users/marcboyer/LogicAudioAssistant/Package.swift')
    cd /Users/marcboyer/LogicAudioAssistant
    write-file /Users/marcboyer/LogicAudioAssistant/.build/xcode-release-reviewfix/Build/Intermediates.noindex/LogicAudioAssistant.build/Release/VocalProduction.build/Objects-normal/arm64/VocalProduction_const_extract_protocols.json

WriteAuxiliaryFile /Users/marcboyer/LogicAudioAssistant/.build/xcode-release-reviewfix/Build/Intermediates.noindex/LogicAudioAssistant.build/Release/VocalProduction.build/Objects-normal/arm64/VocalProduction.SwiftFileList (in target 'VocalProduction' from project 'LogicAudioAssistant' at path '/Users/marcboyer/LogicAudioAssistant/Package.swift')
    cd /Users/marcboyer/LogicAudioAssistant
    write-file /Users/marcboyer/LogicAudioAssistant/.build/xcode-release-reviewfix/Build/Intermediates.noindex/LogicAudioAssistant.build/Release/VocalProduction.build/Objects-normal/arm64/VocalProduction.SwiftFileList

WriteAuxiliaryFile /Users/marcboyer/LogicAudioAssistant/.build/xcode-release-reviewfix/Build/Intermediates.noindex/LogicAudioAssistant.build/Release/VocalProduction.build/Objects-normal/arm64/VocalProduction.SwiftConstValuesFileList (in target 'VocalProduction' from project 'LogicAudioAssistant' at path '/Users/marcboyer/LogicAudioAssistant/Package.swift')
    cd /Users/marcboyer/LogicAudioAssistant
    write-file /Users/marcboyer/LogicAudioAssistant/.build/xcode-release-reviewfix/Build/Intermediates.noindex/LogicAudioAssistant.build/Release/VocalProduction.build/Objects-normal/arm64/VocalProduction.SwiftConstValuesFileList

WriteAuxiliaryFile /Users/marcboyer/LogicAudioAssistant/.build/xcode-release-reviewfix/Build/Intermediates.noindex/LogicAudioAssistant.build/Release/VocalProduction.build/Objects-normal/arm64/VocalProduction.LinkFileList (in target 'VocalProduction' from project 'LogicAudioAssistant' at path '/Users/marcboyer/LogicAudioAssistant/Package.swift')
    cd /Users/marcboyer/LogicAudioAssistant
    write-file /Users/marcboyer/LogicAudioAssistant/.build/xcode-release-reviewfix/Build/Intermediates.noindex/LogicAudioAssistant.build/Release/VocalProduction.build/Objects-normal/arm64/VocalProduction.LinkFileList

WriteAuxiliaryFile /Users/marcboyer/LogicAudioAssistant/.build/xcode-release-reviewfix/Build/Intermediates.noindex/LogicAudioAssistant.build/Release/VocalProduction.build/Objects-normal/arm64/VocalProduction-OutputFileMap.json (in target 'VocalProduction' from project 'LogicAudioAssistant' at path '/Users/marcboyer/LogicAudioAssistant/Package.swift')
    cd /Users/marcboyer/LogicAudioAssistant
    write-file /Users/marcboyer/LogicAudioAssistant/.build/xcode-release-reviewfix/Build/Intermediates.noindex/LogicAudioAssistant.build/Release/VocalProduction.build/Objects-normal/arm64/VocalProduction-OutputFileMap.json

WriteAuxiliaryFile /Users/marcboyer/LogicAudioAssistant/.build/xcode-release-reviewfix/Build/Intermediates.noindex/LogicAudioAssistant.build/Release/TutorLogicObserver.build/TutorLogicObserver.DependencyMetadataFileList (in target 'TutorLogicObserver' from project 'LogicAudioAssistant' at path '/Users/marcboyer/LogicAudioAssistant/Package.swift')
    cd /Users/marcboyer/LogicAudioAssistant
    write-file /Users/marcboyer/LogicAudioAssistant/.build/xcode-release-reviewfix/Build/Intermediates.noindex/LogicAudioAssistant.build/Release/TutorLogicObserver.build/TutorLogicObserver.DependencyMetadataFileList

WriteAuxiliaryFile /Users/marcboyer/LogicAudioAssistant/.build/xcode-release-reviewfix/Build/Intermediates.noindex/LogicAudioAssistant.build/Release/TutorLogicObserver.build/TutorLogicObserver.DependencyStaticMetadataFileList (in target 'TutorLogicObserver' from project 'LogicAudioAssistant' at path '/Users/marcboyer/LogicAudioAssistant/Package.swift')
    cd /Users/marcboyer/LogicAudioAssistant
    write-file /Users/marcboyer/LogicAudioAssistant/.build/xcode-release-reviewfix/Build/Intermediates.noindex/LogicAudioAssistant.build/Release/TutorLogicObserver.build/TutorLogicObserver.DependencyStaticMetadataFileList

WriteAuxiliaryFile /Users/marcboyer/LogicAudioAssistant/.build/xcode-release-reviewfix/Build/Intermediates.noindex/LogicAudioAssistant.build/Release/TutorLogicObserver.build/Objects-normal/arm64/TutorLogicObserver.SwiftConstValuesFileList (in target 'TutorLogicObserver' from project 'LogicAudioAssistant' at path '/Users/marcboyer/LogicAudioAssistant/Package.swift')
    cd /Users/marcboyer/LogicAudioAssistant
    write-file /Users/marcboyer/LogicAudioAssistant/.build/xcode-release-reviewfix/Build/Intermediates.noindex/LogicAudioAssistant.build/Release/TutorLogicObserver.build/Objects-normal/arm64/TutorLogicObserver.SwiftConstValuesFileList

WriteAuxiliaryFile /Users/marcboyer/LogicAudioAssistant/.build/xcode-release-reviewfix/Build/Intermediates.noindex/LogicAudioAssistant.build/Release/TutorLogicObserver.build/Objects-normal/arm64/TutorLogicObserver.SwiftFileList (in target 'TutorLogicObserver' from project 'LogicAudioAssistant' at path '/Users/marcboyer/LogicAudioAssistant/Package.swift')
    cd /Users/marcboyer/LogicAudioAssistant
    write-file /Users/marcboyer/LogicAudioAssistant/.build/xcode-release-reviewfix/Build/Intermediates.noindex/LogicAudioAssistant.build/Release/TutorLogicObserver.build/Objects-normal/arm64/TutorLogicObserver.SwiftFileList

WriteAuxiliaryFile /Users/marcboyer/LogicAudioAssistant/.build/xcode-release-reviewfix/Build/Intermediates.noindex/LogicAudioAssistant.build/Release/TutorLogicObserver.build/Objects-normal/arm64/TutorLogicObserver_const_extract_protocols.json (in target 'TutorLogicObserver' from project 'LogicAudioAssistant' at path '/Users/marcboyer/LogicAudioAssistant/Package.swift')
    cd /Users/marcboyer/LogicAudioAssistant
    write-file /Users/marcboyer/LogicAudioAssistant/.build/xcode-release-reviewfix/Build/Intermediates.noindex/LogicAudioAssistant.build/Release/TutorLogicObserver.build/Objects-normal/arm64/TutorLogicObserver_const_extract_protocols.json

Copy /Users/marcboyer/LogicAudioAssistant/.build/xcode-release-reviewfix/Build/Intermediates.noindex/GeneratedModuleMaps/VocalProduction.modulemap /Users/marcboyer/LogicAudioAssistant/.build/xcode-release-reviewfix/Build/Intermediates.noindex/LogicAudioAssistant.build/Release/VocalProduction.build/VocalProduction.modulemap (in target 'VocalProduction' from project 'LogicAudioAssistant' at path '/Users/marcboyer/LogicAudioAssistant/Package.swift')
    cd /Users/marcboyer/LogicAudioAssistant
    builtin-copy -exclude .DS_Store -exclude CVS -exclude .svn -exclude .git -exclude .hg -strip-unsigned-binaries -strip-deterministic -strip-tool /Applications/Xcode.app/Contents/Developer/Toolchains/XcodeDefault.xctoolchain/usr/bin/strip -resolve-src-symlinks /Users/marcboyer/LogicAudioAssistant/.build/xcode-release-reviewfix/Build/Intermediates.noindex/LogicAudioAssistant.build/Release/VocalProduction.build/VocalProduction.modulemap /Users/marcboyer/LogicAudioAssistant/.build/xcode-release-reviewfix/Build/Intermediates.noindex/GeneratedModuleMaps

WriteAuxiliaryFile /Users/marcboyer/LogicAudioAssistant/.build/xcode-release-reviewfix/Build/Intermediates.noindex/LogicAudioAssistant.build/Release/TutorLogicObserver.build/Objects-normal/arm64/TutorLogicObserver.LinkFileList (in target 'TutorLogicObserver' from project 'LogicAudioAssistant' at path '/Users/marcboyer/LogicAudioAssistant/Package.swift')
    cd /Users/marcboyer/LogicAudioAssistant
    write-file /Users/marcboyer/LogicAudioAssistant/.build/xcode-release-reviewfix/Build/Intermediates.noindex/LogicAudioAssistant.build/Release/TutorLogicObserver.build/Objects-normal/arm64/TutorLogicObserver.LinkFileList

WriteAuxiliaryFile /Users/marcboyer/LogicAudioAssistant/.build/xcode-release-reviewfix/Build/Intermediates.noindex/LogicAudioAssistant.build/Release/TutorLogicObserver.build/Objects-normal/arm64/TutorLogicObserver-OutputFileMap.json (in target 'TutorLogicObserver' from project 'LogicAudioAssistant' at path '/Users/marcboyer/LogicAudioAssistant/Package.swift')
    cd /Users/marcboyer/LogicAudioAssistant
    write-file /Users/marcboyer/LogicAudioAssistant/.build/xcode-release-reviewfix/Build/Intermediates.noindex/LogicAudioAssistant.build/Release/TutorLogicObserver.build/Objects-normal/arm64/TutorLogicObserver-OutputFileMap.json

Copy /Users/marcboyer/LogicAudioAssistant/.build/xcode-release-reviewfix/Build/Intermediates.noindex/GeneratedModuleMaps/TutorLogicObserver.modulemap /Users/marcboyer/LogicAudioAssistant/.build/xcode-release-reviewfix/Build/Intermediates.noindex/LogicAudioAssistant.build/Release/TutorLogicObserver.build/TutorLogicObserver.modulemap (in target 'TutorLogicObserver' from project 'LogicAudioAssistant' at path '/Users/marcboyer/LogicAudioAssistant/Package.swift')
    cd /Users/marcboyer/LogicAudioAssistant
    builtin-copy -exclude .DS_Store -exclude CVS -exclude .svn -exclude .git -exclude .hg -strip-unsigned-binaries -strip-deterministic -strip-tool /Applications/Xcode.app/Contents/Developer/Toolchains/XcodeDefault.xctoolchain/usr/bin/strip -resolve-src-symlinks /Users/marcboyer/LogicAudioAssistant/.build/xcode-release-reviewfix/Build/Intermediates.noindex/LogicAudioAssistant.build/Release/TutorLogicObserver.build/TutorLogicObserver.modulemap /Users/marcboyer/LogicAudioAssistant/.build/xcode-release-reviewfix/Build/Intermediates.noindex/GeneratedModuleMaps

WriteAuxiliaryFile /Users/marcboyer/LogicAudioAssistant/.build/xcode-release-reviewfix/Build/Intermediates.noindex/LogicAudioAssistant.build/Release/TutorConversation.build/TutorConversation.DependencyStaticMetadataFileList (in target 'TutorConversation' from project 'LogicAudioAssistant' at path '/Users/marcboyer/LogicAudioAssistant/Package.swift')
    cd /Users/marcboyer/LogicAudioAssistant
    write-file /Users/marcboyer/LogicAudioAssistant/.build/xcode-release-reviewfix/Build/Intermediates.noindex/LogicAudioAssistant.build/Release/TutorConversation.build/TutorConversation.DependencyStaticMetadataFileList

WriteAuxiliaryFile /Users/marcboyer/LogicAudioAssistant/.build/xcode-release-reviewfix/Build/Intermediates.noindex/LogicAudioAssistant.build/Release/TutorConversation.build/TutorConversation.modulemap (in target 'TutorConversation' from project 'LogicAudioAssistant' at path '/Users/marcboyer/LogicAudioAssistant/Package.swift')
    cd /Users/marcboyer/LogicAudioAssistant
    write-file /Users/marcboyer/LogicAudioAssistant/.build/xcode-release-reviewfix/Build/Intermediates.noindex/LogicAudioAssistant.build/Release/TutorConversation.build/TutorConversation.modulemap

WriteAuxiliaryFile /Users/marcboyer/LogicAudioAssistant/.build/xcode-release-reviewfix/Build/Intermediates.noindex/LogicAudioAssistant.build/Release/TutorConversation.build/TutorConversation.DependencyMetadataFileList (in target 'TutorConversation' from project 'LogicAudioAssistant' at path '/Users/marcboyer/LogicAudioAssistant/Package.swift')
    cd /Users/marcboyer/LogicAudioAssistant
    write-file /Users/marcboyer/LogicAudioAssistant/.build/xcode-release-reviewfix/Build/Intermediates.noindex/LogicAudioAssistant.build/Release/TutorConversation.build/TutorConversation.DependencyMetadataFileList

WriteAuxiliaryFile /Users/marcboyer/LogicAudioAssistant/.build/xcode-release-reviewfix/Build/Intermediates.noindex/LogicAudioAssistant.build/Release/TutorConversation.build/Objects-normal/arm64/TutorConversation_const_extract_protocols.json (in target 'TutorConversation' from project 'LogicAudioAssistant' at path '/Users/marcboyer/LogicAudioAssistant/Package.swift')
    cd /Users/marcboyer/LogicAudioAssistant
    write-file /Users/marcboyer/LogicAudioAssistant/.build/xcode-release-reviewfix/Build/Intermediates.noindex/LogicAudioAssistant.build/Release/TutorConversation.build/Objects-normal/arm64/TutorConversation_const_extract_protocols.json

WriteAuxiliaryFile /Users/marcboyer/LogicAudioAssistant/.build/xcode-release-reviewfix/Build/Intermediates.noindex/LogicAudioAssistant.build/Release/TutorConversation.build/Objects-normal/arm64/TutorConversation.SwiftFileList (in target 'TutorConversation' from project 'LogicAudioAssistant' at path '/Users/marcboyer/LogicAudioAssistant/Package.swift')
    cd /Users/marcboyer/LogicAudioAssistant
    write-file /Users/marcboyer/LogicAudioAssistant/.build/xcode-release-reviewfix/Build/Intermediates.noindex/LogicAudioAssistant.build/Release/TutorConversation.build/Objects-normal/arm64/TutorConversation.SwiftFileList

WriteAuxiliaryFile /Users/marcboyer/LogicAudioAssistant/.build/xcode-release-reviewfix/Build/Intermediates.noindex/LogicAudioAssistant.build/Release/TutorConversation.build/Objects-normal/arm64/TutorConversation.SwiftConstValuesFileList (in target 'TutorConversation' from project 'LogicAudioAssistant' at path '/Users/marcboyer/LogicAudioAssistant/Package.swift')
    cd /Users/marcboyer/LogicAudioAssistant
    write-file /Users/marcboyer/LogicAudioAssistant/.build/xcode-release-reviewfix/Build/Intermediates.noindex/LogicAudioAssistant.build/Release/TutorConversation.build/Objects-normal/arm64/TutorConversation.SwiftConstValuesFileList

WriteAuxiliaryFile /Users/marcboyer/LogicAudioAssistant/.build/xcode-release-reviewfix/Build/Intermediates.noindex/LogicAudioAssistant.build/Release/TutorConversation.build/Objects-normal/arm64/TutorConversation.LinkFileList (in target 'TutorConversation' from project 'LogicAudioAssistant' at path '/Users/marcboyer/LogicAudioAssistant/Package.swift')
    cd /Users/marcboyer/LogicAudioAssistant
    write-file /Users/marcboyer/LogicAudioAssistant/.build/xcode-release-reviewfix/Build/Intermediates.noindex/LogicAudioAssistant.build/Release/TutorConversation.build/Objects-normal/arm64/TutorConversation.LinkFileList

WriteAuxiliaryFile /Users/marcboyer/LogicAudioAssistant/.build/xcode-release-reviewfix/Build/Intermediates.noindex/LogicAudioAssistant.build/Release/TutorConversation.build/Objects-normal/arm64/TutorConversation-OutputFileMap.json (in target 'TutorConversation' from project 'LogicAudioAssistant' at path '/Users/marcboyer/LogicAudioAssistant/Package.swift')
    cd /Users/marcboyer/LogicAudioAssistant
    write-file /Users/marcboyer/LogicAudioAssistant/.build/xcode-release-reviewfix/Build/Intermediates.noindex/LogicAudioAssistant.build/Release/TutorConversation.build/Objects-normal/arm64/TutorConversation-OutputFileMap.json

WriteAuxiliaryFile /Users/marcboyer/LogicAudioAssistant/.build/xcode-release-reviewfix/Build/Intermediates.noindex/LogicAudioAssistant.build/Release/StateStore.build/StateStore.modulemap (in target 'StateStore' from project 'LogicAudioAssistant' at path '/Users/marcboyer/LogicAudioAssistant/Package.swift')
    cd /Users/marcboyer/LogicAudioAssistant
    write-file /Users/marcboyer/LogicAudioAssistant/.build/xcode-release-reviewfix/Build/Intermediates.noindex/LogicAudioAssistant.build/Release/StateStore.build/StateStore.modulemap

Copy /Users/marcboyer/LogicAudioAssistant/.build/xcode-release-reviewfix/Build/Intermediates.noindex/GeneratedModuleMaps/TutorConversation.modulemap /Users/marcboyer/LogicAudioAssistant/.build/xcode-release-reviewfix/Build/Intermediates.noindex/LogicAudioAssistant.build/Release/TutorConversation.build/TutorConversation.modulemap (in target 'TutorConversation' from project 'LogicAudioAssistant' at path '/Users/marcboyer/LogicAudioAssistant/Package.swift')
    cd /Users/marcboyer/LogicAudioAssistant
    builtin-copy -exclude .DS_Store -exclude CVS -exclude .svn -exclude .git -exclude .hg -strip-unsigned-binaries -strip-deterministic -strip-tool /Applications/Xcode.app/Contents/Developer/Toolchains/XcodeDefault.xctoolchain/usr/bin/strip -resolve-src-symlinks /Users/marcboyer/LogicAudioAssistant/.build/xcode-release-reviewfix/Build/Intermediates.noindex/LogicAudioAssistant.build/Release/TutorConversation.build/TutorConversation.modulemap /Users/marcboyer/LogicAudioAssistant/.build/xcode-release-reviewfix/Build/Intermediates.noindex/GeneratedModuleMaps

WriteAuxiliaryFile /Users/marcboyer/LogicAudioAssistant/.build/xcode-release-reviewfix/Build/Intermediates.noindex/LogicAudioAssistant.build/Release/StateStore.build/StateStore.DependencyStaticMetadataFileList (in target 'StateStore' from project 'LogicAudioAssistant' at path '/Users/marcboyer/LogicAudioAssistant/Package.swift')
    cd /Users/marcboyer/LogicAudioAssistant
    write-file /Users/marcboyer/LogicAudioAssistant/.build/xcode-release-reviewfix/Build/Intermediates.noindex/LogicAudioAssistant.build/Release/StateStore.build/StateStore.DependencyStaticMetadataFileList

WriteAuxiliaryFile /Users/marcboyer/LogicAudioAssistant/.build/xcode-release-reviewfix/Build/Intermediates.noindex/LogicAudioAssistant.build/Release/StateStore.build/StateStore.DependencyMetadataFileList (in target 'StateStore' from project 'LogicAudioAssistant' at path '/Users/marcboyer/LogicAudioAssistant/Package.swift')
    cd /Users/marcboyer/LogicAudioAssistant
    write-file /Users/marcboyer/LogicAudioAssistant/.build/xcode-release-reviewfix/Build/Intermediates.noindex/LogicAudioAssistant.build/Release/StateStore.build/StateStore.DependencyMetadataFileList

WriteAuxiliaryFile /Users/marcboyer/LogicAudioAssistant/.build/xcode-release-reviewfix/Build/Intermediates.noindex/LogicAudioAssistant.build/Release/StateStore.build/Objects-normal/arm64/StateStore_const_extract_protocols.json (in target 'StateStore' from project 'LogicAudioAssistant' at path '/Users/marcboyer/LogicAudioAssistant/Package.swift')
    cd /Users/marcboyer/LogicAudioAssistant
    write-file /Users/marcboyer/LogicAudioAssistant/.build/xcode-release-reviewfix/Build/Intermediates.noindex/LogicAudioAssistant.build/Release/StateStore.build/Objects-normal/arm64/StateStore_const_extract_protocols.json

WriteAuxiliaryFile /Users/marcboyer/LogicAudioAssistant/.build/xcode-release-reviewfix/Build/Intermediates.noindex/LogicAudioAssistant.build/Release/StateStore.build/Objects-normal/arm64/StateStore.SwiftFileList (in target 'StateStore' from project 'LogicAudioAssistant' at path '/Users/marcboyer/LogicAudioAssistant/Package.swift')
    cd /Users/marcboyer/LogicAudioAssistant
    write-file /Users/marcboyer/LogicAudioAssistant/.build/xcode-release-reviewfix/Build/Intermediates.noindex/LogicAudioAssistant.build/Release/StateStore.build/Objects-normal/arm64/StateStore.SwiftFileList

WriteAuxiliaryFile /Users/marcboyer/LogicAudioAssistant/.build/xcode-release-reviewfix/Build/Intermediates.noindex/LogicAudioAssistant.build/Release/StateStore.build/Objects-normal/arm64/StateStore.LinkFileList (in target 'StateStore' from project 'LogicAudioAssistant' at path '/Users/marcboyer/LogicAudioAssistant/Package.swift')
    cd /Users/marcboyer/LogicAudioAssistant
    write-file /Users/marcboyer/LogicAudioAssistant/.build/xcode-release-reviewfix/Build/Intermediates.noindex/LogicAudioAssistant.build/Release/StateStore.build/Objects-normal/arm64/StateStore.LinkFileList

WriteAuxiliaryFile /Users/marcboyer/LogicAudioAssistant/.build/xcode-release-reviewfix/Build/Intermediates.noindex/LogicAudioAssistant.build/Release/StateStore.build/Objects-normal/arm64/StateStore.SwiftConstValuesFileList (in target 'StateStore' from project 'LogicAudioAssistant' at path '/Users/marcboyer/LogicAudioAssistant/Package.swift')
    cd /Users/marcboyer/LogicAudioAssistant
    write-file /Users/marcboyer/LogicAudioAssistant/.build/xcode-release-reviewfix/Build/Intermediates.noindex/LogicAudioAssistant.build/Release/StateStore.build/Objects-normal/arm64/StateStore.SwiftConstValuesFileList

WriteAuxiliaryFile /Users/marcboyer/LogicAudioAssistant/.build/xcode-release-reviewfix/Build/Intermediates.noindex/LogicAudioAssistant.build/Release/StateStore.build/Objects-normal/arm64/StateStore-OutputFileMap.json (in target 'StateStore' from project 'LogicAudioAssistant' at path '/Users/marcboyer/LogicAudioAssistant/Package.swift')
    cd /Users/marcboyer/LogicAudioAssistant
    write-file /Users/marcboyer/LogicAudioAssistant/.build/xcode-release-reviewfix/Build/Intermediates.noindex/LogicAudioAssistant.build/Release/StateStore.build/Objects-normal/arm64/StateStore-OutputFileMap.json

Copy /Users/marcboyer/LogicAudioAssistant/.build/xcode-release-reviewfix/Build/Intermediates.noindex/GeneratedModuleMaps/StateStore.modulemap /Users/marcboyer/LogicAudioAssistant/.build/xcode-release-reviewfix/Build/Intermediates.noindex/LogicAudioAssistant.build/Release/StateStore.build/StateStore.modulemap (in target 'StateStore' from project 'LogicAudioAssistant' at path '/Users/marcboyer/LogicAudioAssistant/Package.swift')
    cd /Users/marcboyer/LogicAudioAssistant
    builtin-copy -exclude .DS_Store -exclude CVS -exclude .svn -exclude .git -exclude .hg -strip-unsigned-binaries -strip-deterministic -strip-tool /Applications/Xcode.app/Contents/Developer/Toolchains/XcodeDefault.xctoolchain/usr/bin/strip -resolve-src-symlinks /Users/marcboyer/LogicAudioAssistant/.build/xcode-release-reviewfix/Build/Intermediates.noindex/LogicAudioAssistant.build/Release/StateStore.build/StateStore.modulemap /Users/marcboyer/LogicAudioAssistant/.build/xcode-release-reviewfix/Build/Intermediates.noindex/GeneratedModuleMaps

WriteAuxiliaryFile /Users/marcboyer/LogicAudioAssistant/.build/xcode-release-reviewfix/Build/Intermediates.noindex/LogicAudioAssistant.build/Release/SharedIPC.build/SharedIPC.modulemap (in target 'SharedIPC' from project 'LogicAudioAssistant' at path '/Users/marcboyer/LogicAudioAssistant/Package.swift')
    cd /Users/marcboyer/LogicAudioAssistant
    write-file /Users/marcboyer/LogicAudioAssistant/.build/xcode-release-reviewfix/Build/Intermediates.noindex/LogicAudioAssistant.build/Release/SharedIPC.build/SharedIPC.modulemap

WriteAuxiliaryFile /Users/marcboyer/LogicAudioAssistant/.build/xcode-release-reviewfix/Build/Intermediates.noindex/LogicAudioAssistant.build/Release/SharedIPC.build/SharedIPC.DependencyStaticMetadataFileList (in target 'SharedIPC' from project 'LogicAudioAssistant' at path '/Users/marcboyer/LogicAudioAssistant/Package.swift')
    cd /Users/marcboyer/LogicAudioAssistant
    write-file /Users/marcboyer/LogicAudioAssistant/.build/xcode-release-reviewfix/Build/Intermediates.noindex/LogicAudioAssistant.build/Release/SharedIPC.build/SharedIPC.DependencyStaticMetadataFileList

WriteAuxiliaryFile /Users/marcboyer/LogicAudioAssistant/.build/xcode-release-reviewfix/Build/Intermediates.noindex/LogicAudioAssistant.build/Release/SharedIPC.build/SharedIPC.DependencyMetadataFileList (in target 'SharedIPC' from project 'LogicAudioAssistant' at path '/Users/marcboyer/LogicAudioAssistant/Package.swift')
    cd /Users/marcboyer/LogicAudioAssistant
    write-file /Users/marcboyer/LogicAudioAssistant/.build/xcode-release-reviewfix/Build/Intermediates.noindex/LogicAudioAssistant.build/Release/SharedIPC.build/SharedIPC.DependencyMetadataFileList

WriteAuxiliaryFile /Users/marcboyer/LogicAudioAssistant/.build/xcode-release-reviewfix/Build/Intermediates.noindex/LogicAudioAssistant.build/Release/SharedIPC.build/Objects-normal/arm64/SharedIPC.SwiftFileList (in target 'SharedIPC' from project 'LogicAudioAssistant' at path '/Users/marcboyer/LogicAudioAssistant/Package.swift')
    cd /Users/marcboyer/LogicAudioAssistant
    write-file /Users/marcboyer/LogicAudioAssistant/.build/xcode-release-reviewfix/Build/Intermediates.noindex/LogicAudioAssistant.build/Release/SharedIPC.build/Objects-normal/arm64/SharedIPC.SwiftFileList

WriteAuxiliaryFile /Users/marcboyer/LogicAudioAssistant/.build/xcode-release-reviewfix/Build/Intermediates.noindex/LogicAudioAssistant.build/Release/SharedIPC.build/Objects-normal/arm64/SharedIPC_const_extract_protocols.json (in target 'SharedIPC' from project 'LogicAudioAssistant' at path '/Users/marcboyer/LogicAudioAssistant/Package.swift')
    cd /Users/marcboyer/LogicAudioAssistant
    write-file /Users/marcboyer/LogicAudioAssistant/.build/xcode-release-reviewfix/Build/Intermediates.noindex/LogicAudioAssistant.build/Release/SharedIPC.build/Objects-normal/arm64/SharedIPC_const_extract_protocols.json

WriteAuxiliaryFile /Users/marcboyer/LogicAudioAssistant/.build/xcode-release-reviewfix/Build/Intermediates.noindex/LogicAudioAssistant.build/Release/SharedIPC.build/Objects-normal/arm64/SharedIPC.SwiftConstValuesFileList (in target 'SharedIPC' from project 'LogicAudioAssistant' at path '/Users/marcboyer/LogicAudioAssistant/Package.swift')
    cd /Users/marcboyer/LogicAudioAssistant
    write-file /Users/marcboyer/LogicAudioAssistant/.build/xcode-release-reviewfix/Build/Intermediates.noindex/LogicAudioAssistant.build/Release/SharedIPC.build/Objects-normal/arm64/SharedIPC.SwiftConstValuesFileList

WriteAuxiliaryFile /Users/marcboyer/LogicAudioAssistant/.build/xcode-release-reviewfix/Build/Intermediates.noindex/LogicAudioAssistant.build/Release/SharedIPC.build/Objects-normal/arm64/SharedIPC.LinkFileList (in target 'SharedIPC' from project 'LogicAudioAssistant' at path '/Users/marcboyer/LogicAudioAssistant/Package.swift')
    cd /Users/marcboyer/LogicAudioAssistant
    write-file /Users/marcboyer/LogicAudioAssistant/.build/xcode-release-reviewfix/Build/Intermediates.noindex/LogicAudioAssistant.build/Release/SharedIPC.build/Objects-normal/arm64/SharedIPC.LinkFileList

WriteAuxiliaryFile /Users/marcboyer/LogicAudioAssistant/.build/xcode-release-reviewfix/Build/Intermediates.noindex/LogicAudioAssistant.build/Release/SharedIPC.build/Objects-normal/arm64/SharedIPC-OutputFileMap.json (in target 'SharedIPC' from project 'LogicAudioAssistant' at path '/Users/marcboyer/LogicAudioAssistant/Package.swift')
    cd /Users/marcboyer/LogicAudioAssistant
    write-file /Users/marcboyer/LogicAudioAssistant/.build/xcode-release-reviewfix/Build/Intermediates.noindex/LogicAudioAssistant.build/Release/SharedIPC.build/Objects-normal/arm64/SharedIPC-OutputFileMap.json

Copy /Users/marcboyer/LogicAudioAssistant/.build/xcode-release-reviewfix/Build/Intermediates.noindex/GeneratedModuleMaps/SharedIPC.modulemap /Users/marcboyer/LogicAudioAssistant/.build/xcode-release-reviewfix/Build/Intermediates.noindex/LogicAudioAssistant.build/Release/SharedIPC.build/SharedIPC.modulemap (in target 'SharedIPC' from project 'LogicAudioAssistant' at path '/Users/marcboyer/LogicAudioAssistant/Package.swift')
    cd /Users/marcboyer/LogicAudioAssistant
    builtin-copy -exclude .DS_Store -exclude CVS -exclude .svn -exclude .git -exclude .hg -strip-unsigned-binaries -strip-deterministic -strip-tool /Applications/Xcode.app/Contents/Developer/Toolchains/XcodeDefault.xctoolchain/usr/bin/strip -resolve-src-symlinks /Users/marcboyer/LogicAudioAssistant/.build/xcode-release-reviewfix/Build/Intermediates.noindex/LogicAudioAssistant.build/Release/SharedIPC.build/SharedIPC.modulemap /Users/marcboyer/LogicAudioAssistant/.build/xcode-release-reviewfix/Build/Intermediates.noindex/GeneratedModuleMaps

WriteAuxiliaryFile /Users/marcboyer/LogicAudioAssistant/.build/xcode-release-reviewfix/Build/Intermediates.noindex/LogicAudioAssistant.build/Release/SessionCore.build/SessionCore.modulemap (in target 'SessionCore' from project 'LogicAudioAssistant' at path '/Users/marcboyer/LogicAudioAssistant/Package.swift')
    cd /Users/marcboyer/LogicAudioAssistant
    write-file /Users/marcboyer/LogicAudioAssistant/.build/xcode-release-reviewfix/Build/Intermediates.noindex/LogicAudioAssistant.build/Release/SessionCore.build/SessionCore.modulemap

WriteAuxiliaryFile /Users/marcboyer/LogicAudioAssistant/.build/xcode-release-reviewfix/Build/Intermediates.noindex/LogicAudioAssistant.build/Release/SessionCore.build/SessionCore.DependencyStaticMetadataFileList (in target 'SessionCore' from project 'LogicAudioAssistant' at path '/Users/marcboyer/LogicAudioAssistant/Package.swift')
    cd /Users/marcboyer/LogicAudioAssistant
    write-file /Users/marcboyer/LogicAudioAssistant/.build/xcode-release-reviewfix/Build/Intermediates.noindex/LogicAudioAssistant.build/Release/SessionCore.build/SessionCore.DependencyStaticMetadataFileList

WriteAuxiliaryFile /Users/marcboyer/LogicAudioAssistant/.build/xcode-release-reviewfix/Build/Intermediates.noindex/LogicAudioAssistant.build/Release/SessionCore.build/SessionCore.DependencyMetadataFileList (in target 'SessionCore' from project 'LogicAudioAssistant' at path '/Users/marcboyer/LogicAudioAssistant/Package.swift')
    cd /Users/marcboyer/LogicAudioAssistant
    write-file /Users/marcboyer/LogicAudioAssistant/.build/xcode-release-reviewfix/Build/Intermediates.noindex/LogicAudioAssistant.build/Release/SessionCore.build/SessionCore.DependencyMetadataFileList

WriteAuxiliaryFile /Users/marcboyer/LogicAudioAssistant/.build/xcode-release-reviewfix/Build/Intermediates.noindex/LogicAudioAssistant.build/Release/SessionCore.build/Objects-normal/arm64/SessionCore_const_extract_protocols.json (in target 'SessionCore' from project 'LogicAudioAssistant' at path '/Users/marcboyer/LogicAudioAssistant/Package.swift')
    cd /Users/marcboyer/LogicAudioAssistant
    write-file /Users/marcboyer/LogicAudioAssistant/.build/xcode-release-reviewfix/Build/Intermediates.noindex/LogicAudioAssistant.build/Release/SessionCore.build/Objects-normal/arm64/SessionCore_const_extract_protocols.json

WriteAuxiliaryFile /Users/marcboyer/LogicAudioAssistant/.build/xcode-release-reviewfix/Build/Intermediates.noindex/LogicAudioAssistant.build/Release/SessionCore.build/Objects-normal/arm64/SessionCore.SwiftFileList (in target 'SessionCore' from project 'LogicAudioAssistant' at path '/Users/marcboyer/LogicAudioAssistant/Package.swift')
    cd /Users/marcboyer/LogicAudioAssistant
    write-file /Users/marcboyer/LogicAudioAssistant/.build/xcode-release-reviewfix/Build/Intermediates.noindex/LogicAudioAssistant.build/Release/SessionCore.build/Objects-normal/arm64/SessionCore.SwiftFileList

WriteAuxiliaryFile /Users/marcboyer/LogicAudioAssistant/.build/xcode-release-reviewfix/Build/Intermediates.noindex/LogicAudioAssistant.build/Release/SessionCore.build/Objects-normal/arm64/SessionCore.SwiftConstValuesFileList (in target 'SessionCore' from project 'LogicAudioAssistant' at path '/Users/marcboyer/LogicAudioAssistant/Package.swift')
    cd /Users/marcboyer/LogicAudioAssistant
    write-file /Users/marcboyer/LogicAudioAssistant/.build/xcode-release-reviewfix/Build/Intermediates.noindex/LogicAudioAssistant.build/Release/SessionCore.build/Objects-normal/arm64/SessionCore.SwiftConstValuesFileList

WriteAuxiliaryFile /Users/marcboyer/LogicAudioAssistant/.build/xcode-release-reviewfix/Build/Intermediates.noindex/LogicAudioAssistant.build/Release/SessionCore.build/Objects-normal/arm64/SessionCore.LinkFileList (in target 'SessionCore' from project 'LogicAudioAssistant' at path '/Users/marcboyer/LogicAudioAssistant/Package.swift')
    cd /Users/marcboyer/LogicAudioAssistant
    write-file /Users/marcboyer/LogicAudioAssistant/.build/xcode-release-reviewfix/Build/Intermediates.noindex/LogicAudioAssistant.build/Release/SessionCore.build/Objects-normal/arm64/SessionCore.LinkFileList

WriteAuxiliaryFile /Users/marcboyer/LogicAudioAssistant/.build/xcode-release-reviewfix/Build/Intermediates.noindex/LogicAudioAssistant.build/Release/SessionCore.build/Objects-normal/arm64/SessionCore-OutputFileMap.json (in target 'SessionCore' from project 'LogicAudioAssistant' at path '/Users/marcboyer/LogicAudioAssistant/Package.swift')
    cd /Users/marcboyer/LogicAudioAssistant
    write-file /Users/marcboyer/LogicAudioAssistant/.build/xcode-release-reviewfix/Build/Intermediates.noindex/LogicAudioAssistant.build/Release/SessionCore.build/Objects-normal/arm64/SessionCore-OutputFileMap.json

WriteAuxiliaryFile /Users/marcboyer/LogicAudioAssistant/.build/xcode-release-reviewfix/Build/Intermediates.noindex/LogicAudioAssistant.build/Release/ProductionTutor.build/ProductionTutor.modulemap (in target 'ProductionTutor' from project 'LogicAudioAssistant' at path '/Users/marcboyer/LogicAudioAssistant/Package.swift')
    cd /Users/marcboyer/LogicAudioAssistant
    write-file /Users/marcboyer/LogicAudioAssistant/.build/xcode-release-reviewfix/Build/Intermediates.noindex/LogicAudioAssistant.build/Release/ProductionTutor.build/ProductionTutor.modulemap

WriteAuxiliaryFile /Users/marcboyer/LogicAudioAssistant/.build/xcode-release-reviewfix/Build/Intermediates.noindex/LogicAudioAssistant.build/Release/ProductionTutor.build/ProductionTutor.DependencyStaticMetadataFileList (in target 'ProductionTutor' from project 'LogicAudioAssistant' at path '/Users/marcboyer/LogicAudioAssistant/Package.swift')
    cd /Users/marcboyer/LogicAudioAssistant
    write-file /Users/marcboyer/LogicAudioAssistant/.build/xcode-release-reviewfix/Build/Intermediates.noindex/LogicAudioAssistant.build/Release/ProductionTutor.build/ProductionTutor.DependencyStaticMetadataFileList

WriteAuxiliaryFile /Users/marcboyer/LogicAudioAssistant/.build/xcode-release-reviewfix/Build/Intermediates.noindex/LogicAudioAssistant.build/Release/ProductionTutor.build/ProductionTutor.DependencyMetadataFileList (in target 'ProductionTutor' from project 'LogicAudioAssistant' at path '/Users/marcboyer/LogicAudioAssistant/Package.swift')
    cd /Users/marcboyer/LogicAudioAssistant
    write-file /Users/marcboyer/LogicAudioAssistant/.build/xcode-release-reviewfix/Build/Intermediates.noindex/LogicAudioAssistant.build/Release/ProductionTutor.build/ProductionTutor.DependencyMetadataFileList

WriteAuxiliaryFile /Users/marcboyer/LogicAudioAssistant/.build/xcode-release-reviewfix/Build/Intermediates.noindex/LogicAudioAssistant.build/Release/ProductionTutor.build/Objects-normal/arm64/ProductionTutor_const_extract_protocols.json (in target 'ProductionTutor' from project 'LogicAudioAssistant' at path '/Users/marcboyer/LogicAudioAssistant/Package.swift')
    cd /Users/marcboyer/LogicAudioAssistant
    write-file /Users/marcboyer/LogicAudioAssistant/.build/xcode-release-reviewfix/Build/Intermediates.noindex/LogicAudioAssistant.build/Release/ProductionTutor.build/Objects-normal/arm64/ProductionTutor_const_extract_protocols.json

Copy /Users/marcboyer/LogicAudioAssistant/.build/xcode-release-reviewfix/Build/Intermediates.noindex/GeneratedModuleMaps/SessionCore.modulemap /Users/marcboyer/LogicAudioAssistant/.build/xcode-release-reviewfix/Build/Intermediates.noindex/LogicAudioAssistant.build/Release/SessionCore.build/SessionCore.modulemap (in target 'SessionCore' from project 'LogicAudioAssistant' at path '/Users/marcboyer/LogicAudioAssistant/Package.swift')
    cd /Users/marcboyer/LogicAudioAssistant
    builtin-copy -exclude .DS_Store -exclude CVS -exclude .svn -exclude .git -exclude .hg -strip-unsigned-binaries -strip-deterministic -strip-tool /Applications/Xcode.app/Contents/Developer/Toolchains/XcodeDefault.xctoolchain/usr/bin/strip -resolve-src-symlinks /Users/marcboyer/LogicAudioAssistant/.build/xcode-release-reviewfix/Build/Intermediates.noindex/LogicAudioAssistant.build/Release/SessionCore.build/SessionCore.modulemap /Users/marcboyer/LogicAudioAssistant/.build/xcode-release-reviewfix/Build/Intermediates.noindex/GeneratedModuleMaps

WriteAuxiliaryFile /Users/marcboyer/LogicAudioAssistant/.build/xcode-release-reviewfix/Build/Intermediates.noindex/LogicAudioAssistant.build/Release/ProductionTutor.build/Objects-normal/arm64/ProductionTutor.SwiftFileList (in target 'ProductionTutor' from project 'LogicAudioAssistant' at path '/Users/marcboyer/LogicAudioAssistant/Package.swift')
    cd /Users/marcboyer/LogicAudioAssistant
    write-file /Users/marcboyer/LogicAudioAssistant/.build/xcode-release-reviewfix/Build/Intermediates.noindex/LogicAudioAssistant.build/Release/ProductionTutor.build/Objects-normal/arm64/ProductionTutor.SwiftFileList

WriteAuxiliaryFile /Users/marcboyer/LogicAudioAssistant/.build/xcode-release-reviewfix/Build/Intermediates.noindex/LogicAudioAssistant.build/Release/ProductionTutor.build/Objects-normal/arm64/ProductionTutor.SwiftConstValuesFileList (in target 'ProductionTutor' from project 'LogicAudioAssistant' at path '/Users/marcboyer/LogicAudioAssistant/Package.swift')
    cd /Users/marcboyer/LogicAudioAssistant
    write-file /Users/marcboyer/LogicAudioAssistant/.build/xcode-release-reviewfix/Build/Intermediates.noindex/LogicAudioAssistant.build/Release/ProductionTutor.build/Objects-normal/arm64/ProductionTutor.SwiftConstValuesFileList

WriteAuxiliaryFile /Users/marcboyer/LogicAudioAssistant/.build/xcode-release-reviewfix/Build/Intermediates.noindex/LogicAudioAssistant.build/Release/ProductionTutor.build/Objects-normal/arm64/ProductionTutor-OutputFileMap.json (in target 'ProductionTutor' from project 'LogicAudioAssistant' at path '/Users/marcboyer/LogicAudioAssistant/Package.swift')
    cd /Users/marcboyer/LogicAudioAssistant
    write-file /Users/marcboyer/LogicAudioAssistant/.build/xcode-release-reviewfix/Build/Intermediates.noindex/LogicAudioAssistant.build/Release/ProductionTutor.build/Objects-normal/arm64/ProductionTutor-OutputFileMap.json

WriteAuxiliaryFile /Users/marcboyer/LogicAudioAssistant/.build/xcode-release-reviewfix/Build/Intermediates.noindex/LogicAudioAssistant.build/Release/ProductionTutor.build/Objects-normal/arm64/ProductionTutor.LinkFileList (in target 'ProductionTutor' from project 'LogicAudioAssistant' at path '/Users/marcboyer/LogicAudioAssistant/Package.swift')
    cd /Users/marcboyer/LogicAudioAssistant
    write-file /Users/marcboyer/LogicAudioAssistant/.build/xcode-release-reviewfix/Build/Intermediates.noindex/LogicAudioAssistant.build/Release/ProductionTutor.build/Objects-normal/arm64/ProductionTutor.LinkFileList

WriteAuxiliaryFile /Users/marcboyer/LogicAudioAssistant/.build/xcode-release-reviewfix/Build/Intermediates.noindex/LogicAudioAssistant.build/Release/ProductionTutor.build/DerivedSources/resource_bundle_accessor.swift (in target 'ProductionTutor' from project 'LogicAudioAssistant' at path '/Users/marcboyer/LogicAudioAssistant/Package.swift')
    cd /Users/marcboyer/LogicAudioAssistant
    write-file /Users/marcboyer/LogicAudioAssistant/.build/xcode-release-reviewfix/Build/Intermediates.noindex/LogicAudioAssistant.build/Release/ProductionTutor.build/DerivedSources/resource_bundle_accessor.swift

Copy /Users/marcboyer/LogicAudioAssistant/.build/xcode-release-reviewfix/Build/Intermediates.noindex/GeneratedModuleMaps/ProductionTutor.modulemap /Users/marcboyer/LogicAudioAssistant/.build/xcode-release-reviewfix/Build/Intermediates.noindex/LogicAudioAssistant.build/Release/ProductionTutor.build/ProductionTutor.modulemap (in target 'ProductionTutor' from project 'LogicAudioAssistant' at path '/Users/marcboyer/LogicAudioAssistant/Package.swift')
    cd /Users/marcboyer/LogicAudioAssistant
    builtin-copy -exclude .DS_Store -exclude CVS -exclude .svn -exclude .git -exclude .hg -strip-unsigned-binaries -strip-deterministic -strip-tool /Applications/Xcode.app/Contents/Developer/Toolchains/XcodeDefault.xctoolchain/usr/bin/strip -resolve-src-symlinks /Users/marcboyer/LogicAudioAssistant/.build/xcode-release-reviewfix/Build/Intermediates.noindex/LogicAudioAssistant.build/Release/ProductionTutor.build/ProductionTutor.modulemap /Users/marcboyer/LogicAudioAssistant/.build/xcode-release-reviewfix/Build/Intermediates.noindex/GeneratedModuleMaps

WriteAuxiliaryFile /Users/marcboyer/LogicAudioAssistant/.build/xcode-release-reviewfix/Build/Intermediates.noindex/LogicAudioAssistant.build/Release/ProductionIntelligence.build/ProductionIntelligence.modulemap (in target 'ProductionIntelligence' from project 'LogicAudioAssistant' at path '/Users/marcboyer/LogicAudioAssistant/Package.swift')
    cd /Users/marcboyer/LogicAudioAssistant
    write-file /Users/marcboyer/LogicAudioAssistant/.build/xcode-release-reviewfix/Build/Intermediates.noindex/LogicAudioAssistant.build/Release/ProductionIntelligence.build/ProductionIntelligence.modulemap

WriteAuxiliaryFile /Users/marcboyer/LogicAudioAssistant/.build/xcode-release-reviewfix/Build/Intermediates.noindex/LogicAudioAssistant.build/Release/ProductionIntelligence.build/ProductionIntelligence.DependencyStaticMetadataFileList (in target 'ProductionIntelligence' from project 'LogicAudioAssistant' at path '/Users/marcboyer/LogicAudioAssistant/Package.swift')
    cd /Users/marcboyer/LogicAudioAssistant
    write-file /Users/marcboyer/LogicAudioAssistant/.build/xcode-release-reviewfix/Build/Intermediates.noindex/LogicAudioAssistant.build/Release/ProductionIntelligence.build/ProductionIntelligence.DependencyStaticMetadataFileList

WriteAuxiliaryFile /Users/marcboyer/LogicAudioAssistant/.build/xcode-release-reviewfix/Build/Intermediates.noindex/LogicAudioAssistant.build/Release/ProductionIntelligence.build/ProductionIntelligence.DependencyMetadataFileList (in target 'ProductionIntelligence' from project 'LogicAudioAssistant' at path '/Users/marcboyer/LogicAudioAssistant/Package.swift')
    cd /Users/marcboyer/LogicAudioAssistant
    write-file /Users/marcboyer/LogicAudioAssistant/.build/xcode-release-reviewfix/Build/Intermediates.noindex/LogicAudioAssistant.build/Release/ProductionIntelligence.build/ProductionIntelligence.DependencyMetadataFileList

WriteAuxiliaryFile /Users/marcboyer/LogicAudioAssistant/.build/xcode-release-reviewfix/Build/Intermediates.noindex/LogicAudioAssistant.build/Release/ProductionIntelligence.build/Objects-normal/arm64/ProductionIntelligence_const_extract_protocols.json (in target 'ProductionIntelligence' from project 'LogicAudioAssistant' at path '/Users/marcboyer/LogicAudioAssistant/Package.swift')
    cd /Users/marcboyer/LogicAudioAssistant
    write-file /Users/marcboyer/LogicAudioAssistant/.build/xcode-release-reviewfix/Build/Intermediates.noindex/LogicAudioAssistant.build/Release/ProductionIntelligence.build/Objects-normal/arm64/ProductionIntelligence_const_extract_protocols.json

WriteAuxiliaryFile /Users/marcboyer/LogicAudioAssistant/.build/xcode-release-reviewfix/Build/Intermediates.noindex/LogicAudioAssistant.build/Release/ProductionIntelligence.build/Objects-normal/arm64/ProductionIntelligence.SwiftFileList (in target 'ProductionIntelligence' from project 'LogicAudioAssistant' at path '/Users/marcboyer/LogicAudioAssistant/Package.swift')
    cd /Users/marcboyer/LogicAudioAssistant
    write-file /Users/marcboyer/LogicAudioAssistant/.build/xcode-release-reviewfix/Build/Intermediates.noindex/LogicAudioAssistant.build/Release/ProductionIntelligence.build/Objects-normal/arm64/ProductionIntelligence.SwiftFileList

WriteAuxiliaryFile /Users/marcboyer/LogicAudioAssistant/.build/xcode-release-reviewfix/Build/Intermediates.noindex/LogicAudioAssistant.build/Release/ProductionIntelligence.build/Objects-normal/arm64/ProductionIntelligence.SwiftConstValuesFileList (in target 'ProductionIntelligence' from project 'LogicAudioAssistant' at path '/Users/marcboyer/LogicAudioAssistant/Package.swift')
    cd /Users/marcboyer/LogicAudioAssistant
    write-file /Users/marcboyer/LogicAudioAssistant/.build/xcode-release-reviewfix/Build/Intermediates.noindex/LogicAudioAssistant.build/Release/ProductionIntelligence.build/Objects-normal/arm64/ProductionIntelligence.SwiftConstValuesFileList

WriteAuxiliaryFile /Users/marcboyer/LogicAudioAssistant/.build/xcode-release-reviewfix/Build/Intermediates.noindex/LogicAudioAssistant.build/Release/ProductionIntelligence.build/Objects-normal/arm64/ProductionIntelligence.LinkFileList (in target 'ProductionIntelligence' from project 'LogicAudioAssistant' at path '/Users/marcboyer/LogicAudioAssistant/Package.swift')
    cd /Users/marcboyer/LogicAudioAssistant
    write-file /Users/marcboyer/LogicAudioAssistant/.build/xcode-release-reviewfix/Build/Intermediates.noindex/LogicAudioAssistant.build/Release/ProductionIntelligence.build/Objects-normal/arm64/ProductionIntelligence.LinkFileList

WriteAuxiliaryFile /Users/marcboyer/LogicAudioAssistant/.build/xcode-release-reviewfix/Build/Intermediates.noindex/LogicAudioAssistant.build/Release/ProductionIntelligence.build/Objects-normal/arm64/ProductionIntelligence-OutputFileMap.json (in target 'ProductionIntelligence' from project 'LogicAudioAssistant' at path '/Users/marcboyer/LogicAudioAssistant/Package.swift')
    cd /Users/marcboyer/LogicAudioAssistant
    write-file /Users/marcboyer/LogicAudioAssistant/.build/xcode-release-reviewfix/Build/Intermediates.noindex/LogicAudioAssistant.build/Release/ProductionIntelligence.build/Objects-normal/arm64/ProductionIntelligence-OutputFileMap.json

WriteAuxiliaryFile /Users/marcboyer/LogicAudioAssistant/.build/xcode-release-reviewfix/Build/Intermediates.noindex/LogicAudioAssistant.build/Release/PreviewWorkflow.build/PreviewWorkflow.modulemap (in target 'PreviewWorkflow' from project 'LogicAudioAssistant' at path '/Users/marcboyer/LogicAudioAssistant/Package.swift')
    cd /Users/marcboyer/LogicAudioAssistant
    write-file /Users/marcboyer/LogicAudioAssistant/.build/xcode-release-reviewfix/Build/Intermediates.noindex/LogicAudioAssistant.build/Release/PreviewWorkflow.build/PreviewWorkflow.modulemap

WriteAuxiliaryFile /Users/marcboyer/LogicAudioAssistant/.build/xcode-release-reviewfix/Build/Intermediates.noindex/LogicAudioAssistant.build/Release/PreviewWorkflow.build/PreviewWorkflow.DependencyStaticMetadataFileList (in target 'PreviewWorkflow' from project 'LogicAudioAssistant' at path '/Users/marcboyer/LogicAudioAssistant/Package.swift')
    cd /Users/marcboyer/LogicAudioAssistant
    write-file /Users/marcboyer/LogicAudioAssistant/.build/xcode-release-reviewfix/Build/Intermediates.noindex/LogicAudioAssistant.build/Release/PreviewWorkflow.build/PreviewWorkflow.DependencyStaticMetadataFileList

Copy /Users/marcboyer/LogicAudioAssistant/.build/xcode-release-reviewfix/Build/Intermediates.noindex/GeneratedModuleMaps/ProductionIntelligence.modulemap /Users/marcboyer/LogicAudioAssistant/.build/xcode-release-reviewfix/Build/Intermediates.noindex/LogicAudioAssistant.build/Release/ProductionIntelligence.build/ProductionIntelligence.modulemap (in target 'ProductionIntelligence' from project 'LogicAudioAssistant' at path '/Users/marcboyer/LogicAudioAssistant/Package.swift')
    cd /Users/marcboyer/LogicAudioAssistant
    builtin-copy -exclude .DS_Store -exclude CVS -exclude .svn -exclude .git -exclude .hg -strip-unsigned-binaries -strip-deterministic -strip-tool /Applications/Xcode.app/Contents/Developer/Toolchains/XcodeDefault.xctoolchain/usr/bin/strip -resolve-src-symlinks /Users/marcboyer/LogicAudioAssistant/.build/xcode-release-reviewfix/Build/Intermediates.noindex/LogicAudioAssistant.build/Release/ProductionIntelligence.build/ProductionIntelligence.modulemap /Users/marcboyer/LogicAudioAssistant/.build/xcode-release-reviewfix/Build/Intermediates.noindex/GeneratedModuleMaps

WriteAuxiliaryFile /Users/marcboyer/LogicAudioAssistant/.build/xcode-release-reviewfix/Build/Intermediates.noindex/LogicAudioAssistant.build/Release/PreviewWorkflow.build/PreviewWorkflow.DependencyMetadataFileList (in target 'PreviewWorkflow' from project 'LogicAudioAssistant' at path '/Users/marcboyer/LogicAudioAssistant/Package.swift')
    cd /Users/marcboyer/LogicAudioAssistant
    write-file /Users/marcboyer/LogicAudioAssistant/.build/xcode-release-reviewfix/Build/Intermediates.noindex/LogicAudioAssistant.build/Release/PreviewWorkflow.build/PreviewWorkflow.DependencyMetadataFileList

WriteAuxiliaryFile /Users/marcboyer/LogicAudioAssistant/.build/xcode-release-reviewfix/Build/Intermediates.noindex/LogicAudioAssistant.build/Release/PreviewWorkflow.build/Objects-normal/arm64/PreviewWorkflow_const_extract_protocols.json (in target 'PreviewWorkflow' from project 'LogicAudioAssistant' at path '/Users/marcboyer/LogicAudioAssistant/Package.swift')
    cd /Users/marcboyer/LogicAudioAssistant
    write-file /Users/marcboyer/LogicAudioAssistant/.build/xcode-release-reviewfix/Build/Intermediates.noindex/LogicAudioAssistant.build/Release/PreviewWorkflow.build/Objects-normal/arm64/PreviewWorkflow_const_extract_protocols.json

WriteAuxiliaryFile /Users/marcboyer/LogicAudioAssistant/.build/xcode-release-reviewfix/Build/Intermediates.noindex/LogicAudioAssistant.build/Release/PreviewWorkflow.build/Objects-normal/arm64/PreviewWorkflow.SwiftFileList (in target 'PreviewWorkflow' from project 'LogicAudioAssistant' at path '/Users/marcboyer/LogicAudioAssistant/Package.swift')
    cd /Users/marcboyer/LogicAudioAssistant
    write-file /Users/marcboyer/LogicAudioAssistant/.build/xcode-release-reviewfix/Build/Intermediates.noindex/LogicAudioAssistant.build/Release/PreviewWorkflow.build/Objects-normal/arm64/PreviewWorkflow.SwiftFileList

WriteAuxiliaryFile /Users/marcboyer/LogicAudioAssistant/.build/xcode-release-reviewfix/Build/Intermediates.noindex/LogicAudioAssistant.build/Release/PreviewWorkflow.build/Objects-normal/arm64/PreviewWorkflow.SwiftConstValuesFileList (in target 'PreviewWorkflow' from project 'LogicAudioAssistant' at path '/Users/marcboyer/LogicAudioAssistant/Package.swift')
    cd /Users/marcboyer/LogicAudioAssistant
    write-file /Users/marcboyer/LogicAudioAssistant/.build/xcode-release-reviewfix/Build/Intermediates.noindex/LogicAudioAssistant.build/Release/PreviewWorkflow.build/Objects-normal/arm64/PreviewWorkflow.SwiftConstValuesFileList

WriteAuxiliaryFile /Users/marcboyer/LogicAudioAssistant/.build/xcode-release-reviewfix/Build/Intermediates.noindex/LogicAudioAssistant.build/Release/PreviewWorkflow.build/Objects-normal/arm64/PreviewWorkflow.LinkFileList (in target 'PreviewWorkflow' from project 'LogicAudioAssistant' at path '/Users/marcboyer/LogicAudioAssistant/Package.swift')
    cd /Users/marcboyer/LogicAudioAssistant
    write-file /Users/marcboyer/LogicAudioAssistant/.build/xcode-release-reviewfix/Build/Intermediates.noindex/LogicAudioAssistant.build/Release/PreviewWorkflow.build/Objects-normal/arm64/PreviewWorkflow.LinkFileList

WriteAuxiliaryFile /Users/marcboyer/LogicAudioAssistant/.build/xcode-release-reviewfix/Build/Intermediates.noindex/LogicAudioAssistant.build/Release/PreviewWorkflow.build/Objects-normal/arm64/PreviewWorkflow-OutputFileMap.json (in target 'PreviewWorkflow' from project 'LogicAudioAssistant' at path '/Users/marcboyer/LogicAudioAssistant/Package.swift')
    cd /Users/marcboyer/LogicAudioAssistant
    write-file /Users/marcboyer/LogicAudioAssistant/.build/xcode-release-reviewfix/Build/Intermediates.noindex/LogicAudioAssistant.build/Release/PreviewWorkflow.build/Objects-normal/arm64/PreviewWorkflow-OutputFileMap.json

WriteAuxiliaryFile /Users/marcboyer/LogicAudioAssistant/.build/xcode-release-reviewfix/Build/Intermediates.noindex/LogicAudioAssistant.build/Release/PreviewRenderer.build/PreviewRenderer.modulemap (in target 'PreviewRenderer' from project 'LogicAudioAssistant' at path '/Users/marcboyer/LogicAudioAssistant/Package.swift')
    cd /Users/marcboyer/LogicAudioAssistant
    write-file /Users/marcboyer/LogicAudioAssistant/.build/xcode-release-reviewfix/Build/Intermediates.noindex/LogicAudioAssistant.build/Release/PreviewRenderer.build/PreviewRenderer.modulemap

Copy /Users/marcboyer/LogicAudioAssistant/.build/xcode-release-reviewfix/Build/Intermediates.noindex/GeneratedModuleMaps/PreviewWorkflow.modulemap /Users/marcboyer/LogicAudioAssistant/.build/xcode-release-reviewfix/Build/Intermediates.noindex/LogicAudioAssistant.build/Release/PreviewWorkflow.build/PreviewWorkflow.modulemap (in target 'PreviewWorkflow' from project 'LogicAudioAssistant' at path '/Users/marcboyer/LogicAudioAssistant/Package.swift')
    cd /Users/marcboyer/LogicAudioAssistant
    builtin-copy -exclude .DS_Store -exclude CVS -exclude .svn -exclude .git -exclude .hg -strip-unsigned-binaries -strip-deterministic -strip-tool /Applications/Xcode.app/Contents/Developer/Toolchains/XcodeDefault.xctoolchain/usr/bin/strip -resolve-src-symlinks /Users/marcboyer/LogicAudioAssistant/.build/xcode-release-reviewfix/Build/Intermediates.noindex/LogicAudioAssistant.build/Release/PreviewWorkflow.build/PreviewWorkflow.modulemap /Users/marcboyer/LogicAudioAssistant/.build/xcode-release-reviewfix/Build/Intermediates.noindex/GeneratedModuleMaps

WriteAuxiliaryFile /Users/marcboyer/LogicAudioAssistant/.build/xcode-release-reviewfix/Build/Intermediates.noindex/LogicAudioAssistant.build/Release/PreviewRenderer.build/PreviewRenderer.DependencyStaticMetadataFileList (in target 'PreviewRenderer' from project 'LogicAudioAssistant' at path '/Users/marcboyer/LogicAudioAssistant/Package.swift')
    cd /Users/marcboyer/LogicAudioAssistant
    write-file /Users/marcboyer/LogicAudioAssistant/.build/xcode-release-reviewfix/Build/Intermediates.noindex/LogicAudioAssistant.build/Release/PreviewRenderer.build/PreviewRenderer.DependencyStaticMetadataFileList

WriteAuxiliaryFile /Users/marcboyer/LogicAudioAssistant/.build/xcode-release-reviewfix/Build/Intermediates.noindex/LogicAudioAssistant.build/Release/PreviewRenderer.build/PreviewRenderer.DependencyMetadataFileList (in target 'PreviewRenderer' from project 'LogicAudioAssistant' at path '/Users/marcboyer/LogicAudioAssistant/Package.swift')
    cd /Users/marcboyer/LogicAudioAssistant
    write-file /Users/marcboyer/LogicAudioAssistant/.build/xcode-release-reviewfix/Build/Intermediates.noindex/LogicAudioAssistant.build/Release/PreviewRenderer.build/PreviewRenderer.DependencyMetadataFileList

WriteAuxiliaryFile /Users/marcboyer/LogicAudioAssistant/.build/xcode-release-reviewfix/Build/Intermediates.noindex/LogicAudioAssistant.build/Release/PreviewRenderer.build/Objects-normal/arm64/PreviewRenderer_const_extract_protocols.json (in target 'PreviewRenderer' from project 'LogicAudioAssistant' at path '/Users/marcboyer/LogicAudioAssistant/Package.swift')
    cd /Users/marcboyer/LogicAudioAssistant
    write-file /Users/marcboyer/LogicAudioAssistant/.build/xcode-release-reviewfix/Build/Intermediates.noindex/LogicAudioAssistant.build/Release/PreviewRenderer.build/Objects-normal/arm64/PreviewRenderer_const_extract_protocols.json

WriteAuxiliaryFile /Users/marcboyer/LogicAudioAssistant/.build/xcode-release-reviewfix/Build/Intermediates.noindex/LogicAudioAssistant.build/Release/PreviewRenderer.build/Objects-normal/arm64/PreviewRenderer.SwiftFileList (in target 'PreviewRenderer' from project 'LogicAudioAssistant' at path '/Users/marcboyer/LogicAudioAssistant/Package.swift')
    cd /Users/marcboyer/LogicAudioAssistant
    write-file /Users/marcboyer/LogicAudioAssistant/.build/xcode-release-reviewfix/Build/Intermediates.noindex/LogicAudioAssistant.build/Release/PreviewRenderer.build/Objects-normal/arm64/PreviewRenderer.SwiftFileList

WriteAuxiliaryFile /Users/marcboyer/LogicAudioAssistant/.build/xcode-release-reviewfix/Build/Intermediates.noindex/LogicAudioAssistant.build/Release/PreviewRenderer.build/Objects-normal/arm64/PreviewRenderer.SwiftConstValuesFileList (in target 'PreviewRenderer' from project 'LogicAudioAssistant' at path '/Users/marcboyer/LogicAudioAssistant/Package.swift')
    cd /Users/marcboyer/LogicAudioAssistant
    write-file /Users/marcboyer/LogicAudioAssistant/.build/xcode-release-reviewfix/Build/Intermediates.noindex/LogicAudioAssistant.build/Release/PreviewRenderer.build/Objects-normal/arm64/PreviewRenderer.SwiftConstValuesFileList

WriteAuxiliaryFile /Users/marcboyer/LogicAudioAssistant/.build/xcode-release-reviewfix/Build/Intermediates.noindex/LogicAudioAssistant.build/Release/PreviewRenderer.build/Objects-normal/arm64/PreviewRenderer.LinkFileList (in target 'PreviewRenderer' from project 'LogicAudioAssistant' at path '/Users/marcboyer/LogicAudioAssistant/Package.swift')
    cd /Users/marcboyer/LogicAudioAssistant
    write-file /Users/marcboyer/LogicAudioAssistant/.build/xcode-release-reviewfix/Build/Intermediates.noindex/LogicAudioAssistant.build/Release/PreviewRenderer.build/Objects-normal/arm64/PreviewRenderer.LinkFileList

WriteAuxiliaryFile /Users/marcboyer/LogicAudioAssistant/.build/xcode-release-reviewfix/Build/Intermediates.noindex/LogicAudioAssistant.build/Release/PreviewRenderer.build/Objects-normal/arm64/PreviewRenderer-OutputFileMap.json (in target 'PreviewRenderer' from project 'LogicAudioAssistant' at path '/Users/marcboyer/LogicAudioAssistant/Package.swift')
    cd /Users/marcboyer/LogicAudioAssistant
    write-file /Users/marcboyer/LogicAudioAssistant/.build/xcode-release-reviewfix/Build/Intermediates.noindex/LogicAudioAssistant.build/Release/PreviewRenderer.build/Objects-normal/arm64/PreviewRenderer-OutputFileMap.json

Copy /Users/marcboyer/LogicAudioAssistant/.build/xcode-release-reviewfix/Build/Intermediates.noindex/GeneratedModuleMaps/PreviewRenderer.modulemap /Users/marcboyer/LogicAudioAssistant/.build/xcode-release-reviewfix/Build/Intermediates.noindex/LogicAudioAssistant.build/Release/PreviewRenderer.build/PreviewRenderer.modulemap (in target 'PreviewRenderer' from project 'LogicAudioAssistant' at path '/Users/marcboyer/LogicAudioAssistant/Package.swift')
    cd /Users/marcboyer/LogicAudioAssistant
    builtin-copy -exclude .DS_Store -exclude CVS -exclude .svn -exclude .git -exclude .hg -strip-unsigned-binaries -strip-deterministic -strip-tool /Applications/Xcode.app/Contents/Developer/Toolchains/XcodeDefault.xctoolchain/usr/bin/strip -resolve-src-symlinks /Users/marcboyer/LogicAudioAssistant/.build/xcode-release-reviewfix/Build/Intermediates.noindex/LogicAudioAssistant.build/Release/PreviewRenderer.build/PreviewRenderer.modulemap /Users/marcboyer/LogicAudioAssistant/.build/xcode-release-reviewfix/Build/Intermediates.noindex/GeneratedModuleMaps

WriteAuxiliaryFile /Users/marcboyer/LogicAudioAssistant/.build/xcode-release-reviewfix/Build/Intermediates.noindex/LogicAudioAssistant.build/Release/PreviewAudition.build/PreviewAudition.modulemap (in target 'PreviewAudition' from project 'LogicAudioAssistant' at path '/Users/marcboyer/LogicAudioAssistant/Package.swift')
    cd /Users/marcboyer/LogicAudioAssistant
    write-file /Users/marcboyer/LogicAudioAssistant/.build/xcode-release-reviewfix/Build/Intermediates.noindex/LogicAudioAssistant.build/Release/PreviewAudition.build/PreviewAudition.modulemap

WriteAuxiliaryFile /Users/marcboyer/LogicAudioAssistant/.build/xcode-release-reviewfix/Build/Intermediates.noindex/LogicAudioAssistant.build/Release/PreviewAudition.build/PreviewAudition.DependencyStaticMetadataFileList (in target 'PreviewAudition' from project 'LogicAudioAssistant' at path '/Users/marcboyer/LogicAudioAssistant/Package.swift')
    cd /Users/marcboyer/LogicAudioAssistant
    write-file /Users/marcboyer/LogicAudioAssistant/.build/xcode-release-reviewfix/Build/Intermediates.noindex/LogicAudioAssistant.build/Release/PreviewAudition.build/PreviewAudition.DependencyStaticMetadataFileList

WriteAuxiliaryFile /Users/marcboyer/LogicAudioAssistant/.build/xcode-release-reviewfix/Build/Intermediates.noindex/LogicAudioAssistant.build/Release/PreviewAudition.build/PreviewAudition.DependencyMetadataFileList (in target 'PreviewAudition' from project 'LogicAudioAssistant' at path '/Users/marcboyer/LogicAudioAssistant/Package.swift')
    cd /Users/marcboyer/LogicAudioAssistant
    write-file /Users/marcboyer/LogicAudioAssistant/.build/xcode-release-reviewfix/Build/Intermediates.noindex/LogicAudioAssistant.build/Release/PreviewAudition.build/PreviewAudition.DependencyMetadataFileList

WriteAuxiliaryFile /Users/marcboyer/LogicAudioAssistant/.build/xcode-release-reviewfix/Build/Intermediates.noindex/LogicAudioAssistant.build/Release/PreviewAudition.build/Objects-normal/arm64/PreviewAudition_const_extract_protocols.json (in target 'PreviewAudition' from project 'LogicAudioAssistant' at path '/Users/marcboyer/LogicAudioAssistant/Package.swift')
    cd /Users/marcboyer/LogicAudioAssistant
    write-file /Users/marcboyer/LogicAudioAssistant/.build/xcode-release-reviewfix/Build/Intermediates.noindex/LogicAudioAssistant.build/Release/PreviewAudition.build/Objects-normal/arm64/PreviewAudition_const_extract_protocols.json

WriteAuxiliaryFile /Users/marcboyer/LogicAudioAssistant/.build/xcode-release-reviewfix/Build/Intermediates.noindex/LogicAudioAssistant.build/Release/PreviewAudition.build/Objects-normal/arm64/PreviewAudition.SwiftFileList (in target 'PreviewAudition' from project 'LogicAudioAssistant' at path '/Users/marcboyer/LogicAudioAssistant/Package.swift')
    cd /Users/marcboyer/LogicAudioAssistant
    write-file /Users/marcboyer/LogicAudioAssistant/.build/xcode-release-reviewfix/Build/Intermediates.noindex/LogicAudioAssistant.build/Release/PreviewAudition.build/Objects-normal/arm64/PreviewAudition.SwiftFileList

WriteAuxiliaryFile /Users/marcboyer/LogicAudioAssistant/.build/xcode-release-reviewfix/Build/Intermediates.noindex/LogicAudioAssistant.build/Release/PreviewAudition.build/Objects-normal/arm64/PreviewAudition.SwiftConstValuesFileList (in target 'PreviewAudition' from project 'LogicAudioAssistant' at path '/Users/marcboyer/LogicAudioAssistant/Package.swift')
    cd /Users/marcboyer/LogicAudioAssistant
    write-file /Users/marcboyer/LogicAudioAssistant/.build/xcode-release-reviewfix/Build/Intermediates.noindex/LogicAudioAssistant.build/Release/PreviewAudition.build/Objects-normal/arm64/PreviewAudition.SwiftConstValuesFileList

WriteAuxiliaryFile /Users/marcboyer/LogicAudioAssistant/.build/xcode-release-reviewfix/Build/Intermediates.noindex/LogicAudioAssistant.build/Release/PreviewAudition.build/Objects-normal/arm64/PreviewAudition.LinkFileList (in target 'PreviewAudition' from project 'LogicAudioAssistant' at path '/Users/marcboyer/LogicAudioAssistant/Package.swift')
    cd /Users/marcboyer/LogicAudioAssistant
    write-file /Users/marcboyer/LogicAudioAssistant/.build/xcode-release-reviewfix/Build/Intermediates.noindex/LogicAudioAssistant.build/Release/PreviewAudition.build/Objects-normal/arm64/PreviewAudition.LinkFileList

WriteAuxiliaryFile /Users/marcboyer/LogicAudioAssistant/.build/xcode-release-reviewfix/Build/Intermediates.noindex/LogicAudioAssistant.build/Release/PreviewAudition.build/Objects-normal/arm64/PreviewAudition-OutputFileMap.json (in target 'PreviewAudition' from project 'LogicAudioAssistant' at path '/Users/marcboyer/LogicAudioAssistant/Package.swift')
    cd /Users/marcboyer/LogicAudioAssistant
    write-file /Users/marcboyer/LogicAudioAssistant/.build/xcode-release-reviewfix/Build/Intermediates.noindex/LogicAudioAssistant.build/Release/PreviewAudition.build/Objects-normal/arm64/PreviewAudition-OutputFileMap.json

WriteAuxiliaryFile /Users/marcboyer/LogicAudioAssistant/.build/xcode-release-reviewfix/Build/Intermediates.noindex/LogicAudioAssistant.build/Release/PlanSchema.build/PlanSchema.modulemap (in target 'PlanSchema' from project 'LogicAudioAssistant' at path '/Users/marcboyer/LogicAudioAssistant/Package.swift')
    cd /Users/marcboyer/LogicAudioAssistant
    write-file /Users/marcboyer/LogicAudioAssistant/.build/xcode-release-reviewfix/Build/Intermediates.noindex/LogicAudioAssistant.build/Release/PlanSchema.build/PlanSchema.modulemap

WriteAuxiliaryFile /Users/marcboyer/LogicAudioAssistant/.build/xcode-release-reviewfix/Build/Intermediates.noindex/LogicAudioAssistant.build/Release/PlanSchema.build/PlanSchema.DependencyStaticMetadataFileList (in target 'PlanSchema' from project 'LogicAudioAssistant' at path '/Users/marcboyer/LogicAudioAssistant/Package.swift')
    cd /Users/marcboyer/LogicAudioAssistant
    write-file /Users/marcboyer/LogicAudioAssistant/.build/xcode-release-reviewfix/Build/Intermediates.noindex/LogicAudioAssistant.build/Release/PlanSchema.build/PlanSchema.DependencyStaticMetadataFileList

WriteAuxiliaryFile /Users/marcboyer/LogicAudioAssistant/.build/xcode-release-reviewfix/Build/Intermediates.noindex/LogicAudioAssistant.build/Release/PlanSchema.build/PlanSchema.DependencyMetadataFileList (in target 'PlanSchema' from project 'LogicAudioAssistant' at path '/Users/marcboyer/LogicAudioAssistant/Package.swift')
    cd /Users/marcboyer/LogicAudioAssistant
    write-file /Users/marcboyer/LogicAudioAssistant/.build/xcode-release-reviewfix/Build/Intermediates.noindex/LogicAudioAssistant.build/Release/PlanSchema.build/PlanSchema.DependencyMetadataFileList

WriteAuxiliaryFile /Users/marcboyer/LogicAudioAssistant/.build/xcode-release-reviewfix/Build/Intermediates.noindex/LogicAudioAssistant.build/Release/PlanSchema.build/Objects-normal/arm64/PlanSchema_const_extract_protocols.json (in target 'PlanSchema' from project 'LogicAudioAssistant' at path '/Users/marcboyer/LogicAudioAssistant/Package.swift')
    cd /Users/marcboyer/LogicAudioAssistant
    write-file /Users/marcboyer/LogicAudioAssistant/.build/xcode-release-reviewfix/Build/Intermediates.noindex/LogicAudioAssistant.build/Release/PlanSchema.build/Objects-normal/arm64/PlanSchema_const_extract_protocols.json

WriteAuxiliaryFile /Users/marcboyer/LogicAudioAssistant/.build/xcode-release-reviewfix/Build/Intermediates.noindex/LogicAudioAssistant.build/Release/PlanSchema.build/Objects-normal/arm64/PlanSchema.SwiftFileList (in target 'PlanSchema' from project 'LogicAudioAssistant' at path '/Users/marcboyer/LogicAudioAssistant/Package.swift')
    cd /Users/marcboyer/LogicAudioAssistant
    write-file /Users/marcboyer/LogicAudioAssistant/.build/xcode-release-reviewfix/Build/Intermediates.noindex/LogicAudioAssistant.build/Release/PlanSchema.build/Objects-normal/arm64/PlanSchema.SwiftFileList

WriteAuxiliaryFile /Users/marcboyer/LogicAudioAssistant/.build/xcode-release-reviewfix/Build/Intermediates.noindex/LogicAudioAssistant.build/Release/PlanSchema.build/Objects-normal/arm64/PlanSchema.LinkFileList (in target 'PlanSchema' from project 'LogicAudioAssistant' at path '/Users/marcboyer/LogicAudioAssistant/Package.swift')
    cd /Users/marcboyer/LogicAudioAssistant
    write-file /Users/marcboyer/LogicAudioAssistant/.build/xcode-release-reviewfix/Build/Intermediates.noindex/LogicAudioAssistant.build/Release/PlanSchema.build/Objects-normal/arm64/PlanSchema.LinkFileList

WriteAuxiliaryFile /Users/marcboyer/LogicAudioAssistant/.build/xcode-release-reviewfix/Build/Intermediates.noindex/LogicAudioAssistant.build/Release/PlanSchema.build/Objects-normal/arm64/PlanSchema.SwiftConstValuesFileList (in target 'PlanSchema' from project 'LogicAudioAssistant' at path '/Users/marcboyer/LogicAudioAssistant/Package.swift')
    cd /Users/marcboyer/LogicAudioAssistant
    write-file /Users/marcboyer/LogicAudioAssistant/.build/xcode-release-reviewfix/Build/Intermediates.noindex/LogicAudioAssistant.build/Release/PlanSchema.build/Objects-normal/arm64/PlanSchema.SwiftConstValuesFileList

Copy /Users/marcboyer/LogicAudioAssistant/.build/xcode-release-reviewfix/Build/Intermediates.noindex/GeneratedModuleMaps/PreviewAudition.modulemap /Users/marcboyer/LogicAudioAssistant/.build/xcode-release-reviewfix/Build/Intermediates.noindex/LogicAudioAssistant.build/Release/PreviewAudition.build/PreviewAudition.modulemap (in target 'PreviewAudition' from project 'LogicAudioAssistant' at path '/Users/marcboyer/LogicAudioAssistant/Package.swift')
    cd /Users/marcboyer/LogicAudioAssistant
    builtin-copy -exclude .DS_Store -exclude CVS -exclude .svn -exclude .git -exclude .hg -strip-unsigned-binaries -strip-deterministic -strip-tool /Applications/Xcode.app/Contents/Developer/Toolchains/XcodeDefault.xctoolchain/usr/bin/strip -resolve-src-symlinks /Users/marcboyer/LogicAudioAssistant/.build/xcode-release-reviewfix/Build/Intermediates.noindex/LogicAudioAssistant.build/Release/PreviewAudition.build/PreviewAudition.modulemap /Users/marcboyer/LogicAudioAssistant/.build/xcode-release-reviewfix/Build/Intermediates.noindex/GeneratedModuleMaps

WriteAuxiliaryFile /Users/marcboyer/LogicAudioAssistant/.build/xcode-release-reviewfix/Build/Intermediates.noindex/LogicAudioAssistant.build/Release/PlanSchema.build/Objects-normal/arm64/PlanSchema-OutputFileMap.json (in target 'PlanSchema' from project 'LogicAudioAssistant' at path '/Users/marcboyer/LogicAudioAssistant/Package.swift')
    cd /Users/marcboyer/LogicAudioAssistant
    write-file /Users/marcboyer/LogicAudioAssistant/.build/xcode-release-reviewfix/Build/Intermediates.noindex/LogicAudioAssistant.build/Release/PlanSchema.build/Objects-normal/arm64/PlanSchema-OutputFileMap.json

Copy /Users/marcboyer/LogicAudioAssistant/.build/xcode-release-reviewfix/Build/Intermediates.noindex/GeneratedModuleMaps/PlanSchema.modulemap /Users/marcboyer/LogicAudioAssistant/.build/xcode-release-reviewfix/Build/Intermediates.noindex/LogicAudioAssistant.build/Release/PlanSchema.build/PlanSchema.modulemap (in target 'PlanSchema' from project 'LogicAudioAssistant' at path '/Users/marcboyer/LogicAudioAssistant/Package.swift')
    cd /Users/marcboyer/LogicAudioAssistant
    builtin-copy -exclude .DS_Store -exclude CVS -exclude .svn -exclude .git -exclude .hg -strip-unsigned-binaries -strip-deterministic -strip-tool /Applications/Xcode.app/Contents/Developer/Toolchains/XcodeDefault.xctoolchain/usr/bin/strip -resolve-src-symlinks /Users/marcboyer/LogicAudioAssistant/.build/xcode-release-reviewfix/Build/Intermediates.noindex/LogicAudioAssistant.build/Release/PlanSchema.build/PlanSchema.modulemap /Users/marcboyer/LogicAudioAssistant/.build/xcode-release-reviewfix/Build/Intermediates.noindex/GeneratedModuleMaps

WriteAuxiliaryFile /Users/marcboyer/LogicAudioAssistant/.build/xcode-release-reviewfix/Build/Intermediates.noindex/LogicAudioAssistant.build/Release/LogicAudioAssistant_ProductionTutor.build/LogicAudioAssistant_ProductionTutor.DependencyMetadataFileList (in target 'LogicAudioAssistant_ProductionTutor' from project 'LogicAudioAssistant' at path '/Users/marcboyer/LogicAudioAssistant/Package.swift')
    cd /Users/marcboyer/LogicAudioAssistant
    write-file /Users/marcboyer/LogicAudioAssistant/.build/xcode-release-reviewfix/Build/Intermediates.noindex/LogicAudioAssistant.build/Release/LogicAudioAssistant_ProductionTutor.build/LogicAudioAssistant_ProductionTutor.DependencyMetadataFileList

WriteAuxiliaryFile /Users/marcboyer/LogicAudioAssistant/.build/xcode-release-reviewfix/Build/Intermediates.noindex/LogicAudioAssistant.build/Release/LogicAudioAssistant_ProductionTutor.build/empty-LogicAudioAssistant_ProductionTutor.plist (in target 'LogicAudioAssistant_ProductionTutor' from project 'LogicAudioAssistant' at path '/Users/marcboyer/LogicAudioAssistant/Package.swift')
    cd /Users/marcboyer/LogicAudioAssistant
    write-file /Users/marcboyer/LogicAudioAssistant/.build/xcode-release-reviewfix/Build/Intermediates.noindex/LogicAudioAssistant.build/Release/LogicAudioAssistant_ProductionTutor.build/empty-LogicAudioAssistant_ProductionTutor.plist

WriteAuxiliaryFile /Users/marcboyer/LogicAudioAssistant/.build/xcode-release-reviewfix/Build/Intermediates.noindex/LogicAudioAssistant.build/Release/LogicAudioAssistant_ProductionTutor.build/LogicAudioAssistant_ProductionTutor.DependencyStaticMetadataFileList (in target 'LogicAudioAssistant_ProductionTutor' from project 'LogicAudioAssistant' at path '/Users/marcboyer/LogicAudioAssistant/Package.swift')
    cd /Users/marcboyer/LogicAudioAssistant
    write-file /Users/marcboyer/LogicAudioAssistant/.build/xcode-release-reviewfix/Build/Intermediates.noindex/LogicAudioAssistant.build/Release/LogicAudioAssistant_ProductionTutor.build/LogicAudioAssistant_ProductionTutor.DependencyStaticMetadataFileList

WriteAuxiliaryFile /Users/marcboyer/LogicAudioAssistant/.build/xcode-release-reviewfix/Build/Intermediates.noindex/LogicAudioAssistant.build/Release/DSPCore.build/Objects-normal/arm64/DSPCore_const_extract_protocols.json (in target 'DSPCore' from project 'LogicAudioAssistant' at path '/Users/marcboyer/LogicAudioAssistant/Package.swift')
    cd /Users/marcboyer/LogicAudioAssistant
    write-file /Users/marcboyer/LogicAudioAssistant/.build/xcode-release-reviewfix/Build/Intermediates.noindex/LogicAudioAssistant.build/Release/DSPCore.build/Objects-normal/arm64/DSPCore_const_extract_protocols.json

WriteAuxiliaryFile /Users/marcboyer/LogicAudioAssistant/.build/xcode-release-reviewfix/Build/Intermediates.noindex/LogicAudioAssistant.build/Release/DSPCore.build/Objects-normal/arm64/DSPCore.SwiftFileList (in target 'DSPCore' from project 'LogicAudioAssistant' at path '/Users/marcboyer/LogicAudioAssistant/Package.swift')
    cd /Users/marcboyer/LogicAudioAssistant
    write-file /Users/marcboyer/LogicAudioAssistant/.build/xcode-release-reviewfix/Build/Intermediates.noindex/LogicAudioAssistant.build/Release/DSPCore.build/Objects-normal/arm64/DSPCore.SwiftFileList

WriteAuxiliaryFile /Users/marcboyer/LogicAudioAssistant/.build/xcode-release-reviewfix/Build/Intermediates.noindex/LogicAudioAssistant.build/Release/DSPCore.build/Objects-normal/arm64/DSPCore.SwiftConstValuesFileList (in target 'DSPCore' from project 'LogicAudioAssistant' at path '/Users/marcboyer/LogicAudioAssistant/Package.swift')
    cd /Users/marcboyer/LogicAudioAssistant
    write-file /Users/marcboyer/LogicAudioAssistant/.build/xcode-release-reviewfix/Build/Intermediates.noindex/LogicAudioAssistant.build/Release/DSPCore.build/Objects-normal/arm64/DSPCore.SwiftConstValuesFileList

WriteAuxiliaryFile /Users/marcboyer/LogicAudioAssistant/.build/xcode-release-reviewfix/Build/Intermediates.noindex/LogicAudioAssistant.build/Release/DSPCore.build/Objects-normal/arm64/DSPCore.LinkFileList (in target 'DSPCore' from project 'LogicAudioAssistant' at path '/Users/marcboyer/LogicAudioAssistant/Package.swift')
    cd /Users/marcboyer/LogicAudioAssistant
    write-file /Users/marcboyer/LogicAudioAssistant/.build/xcode-release-reviewfix/Build/Intermediates.noindex/LogicAudioAssistant.build/Release/DSPCore.build/Objects-normal/arm64/DSPCore.LinkFileList

WriteAuxiliaryFile /Users/marcboyer/LogicAudioAssistant/.build/xcode-release-reviewfix/Build/Intermediates.noindex/LogicAudioAssistant.build/Release/DSPCore.build/Objects-normal/arm64/DSPCore-OutputFileMap.json (in target 'DSPCore' from project 'LogicAudioAssistant' at path '/Users/marcboyer/LogicAudioAssistant/Package.swift')
    cd /Users/marcboyer/LogicAudioAssistant
    write-file /Users/marcboyer/LogicAudioAssistant/.build/xcode-release-reviewfix/Build/Intermediates.noindex/LogicAudioAssistant.build/Release/DSPCore.build/Objects-normal/arm64/DSPCore-OutputFileMap.json

WriteAuxiliaryFile /Users/marcboyer/LogicAudioAssistant/.build/xcode-release-reviewfix/Build/Intermediates.noindex/LogicAudioAssistant.build/Release/DSPCore.build/DSPCore.modulemap (in target 'DSPCore' from project 'LogicAudioAssistant' at path '/Users/marcboyer/LogicAudioAssistant/Package.swift')
    cd /Users/marcboyer/LogicAudioAssistant
    write-file /Users/marcboyer/LogicAudioAssistant/.build/xcode-release-reviewfix/Build/Intermediates.noindex/LogicAudioAssistant.build/Release/DSPCore.build/DSPCore.modulemap

WriteAuxiliaryFile /Users/marcboyer/LogicAudioAssistant/.build/xcode-release-reviewfix/Build/Intermediates.noindex/LogicAudioAssistant.build/Release/DSPCore.build/DSPCore.DependencyStaticMetadataFileList (in target 'DSPCore' from project 'LogicAudioAssistant' at path '/Users/marcboyer/LogicAudioAssistant/Package.swift')
    cd /Users/marcboyer/LogicAudioAssistant
    write-file /Users/marcboyer/LogicAudioAssistant/.build/xcode-release-reviewfix/Build/Intermediates.noindex/LogicAudioAssistant.build/Release/DSPCore.build/DSPCore.DependencyStaticMetadataFileList

WriteAuxiliaryFile /Users/marcboyer/LogicAudioAssistant/.build/xcode-release-reviewfix/Build/Intermediates.noindex/LogicAudioAssistant.build/Release/DSPCore.build/DSPCore.DependencyMetadataFileList (in target 'DSPCore' from project 'LogicAudioAssistant' at path '/Users/marcboyer/LogicAudioAssistant/Package.swift')
    cd /Users/marcboyer/LogicAudioAssistant
    write-file /Users/marcboyer/LogicAudioAssistant/.build/xcode-release-reviewfix/Build/Intermediates.noindex/LogicAudioAssistant.build/Release/DSPCore.build/DSPCore.DependencyMetadataFileList

WriteAuxiliaryFile /Users/marcboyer/LogicAudioAssistant/.build/xcode-release-reviewfix/Build/Intermediates.noindex/LogicAudioAssistant.build/Release/CompanionMacApp.build/Objects-normal/arm64/Logic\ Audio\ Assistant.SwiftFileList (in target 'CompanionMacApp' from project 'LogicAudioAssistant' at path '/Users/marcboyer/LogicAudioAssistant/LogicAudioAssistant.xcodeproj')
    cd /Users/marcboyer/LogicAudioAssistant
    write-file /Users/marcboyer/LogicAudioAssistant/.build/xcode-release-reviewfix/Build/Intermediates.noindex/LogicAudioAssistant.build/Release/CompanionMacApp.build/Objects-normal/arm64/Logic\ Audio\ Assistant.SwiftFileList

WriteAuxiliaryFile /Users/marcboyer/LogicAudioAssistant/.build/xcode-release-reviewfix/Build/Intermediates.noindex/LogicAudioAssistant.build/Release/CompanionMacApp.build/Objects-normal/arm64/Logic\ Audio\ Assistant.SwiftConstValuesFileList (in target 'CompanionMacApp' from project 'LogicAudioAssistant' at path '/Users/marcboyer/LogicAudioAssistant/LogicAudioAssistant.xcodeproj')
    cd /Users/marcboyer/LogicAudioAssistant
    write-file /Users/marcboyer/LogicAudioAssistant/.build/xcode-release-reviewfix/Build/Intermediates.noindex/LogicAudioAssistant.build/Release/CompanionMacApp.build/Objects-normal/arm64/Logic\ Audio\ Assistant.SwiftConstValuesFileList

WriteAuxiliaryFile /Users/marcboyer/LogicAudioAssistant/.build/xcode-release-reviewfix/Build/Intermediates.noindex/LogicAudioAssistant.build/Release/CompanionMacApp.build/Objects-normal/arm64/Logic\ Audio\ Assistant.LinkFileList (in target 'CompanionMacApp' from project 'LogicAudioAssistant' at path '/Users/marcboyer/LogicAudioAssistant/LogicAudioAssistant.xcodeproj')
    cd /Users/marcboyer/LogicAudioAssistant
    write-file /Users/marcboyer/LogicAudioAssistant/.build/xcode-release-reviewfix/Build/Intermediates.noindex/LogicAudioAssistant.build/Release/CompanionMacApp.build/Objects-normal/arm64/Logic\ Audio\ Assistant.LinkFileList

WriteAuxiliaryFile /Users/marcboyer/LogicAudioAssistant/.build/xcode-release-reviewfix/Build/Intermediates.noindex/LogicAudioAssistant.build/Release/CompanionMacApp.build/Objects-normal/arm64/CompanionMacApp_const_extract_protocols.json (in target 'CompanionMacApp' from project 'LogicAudioAssistant' at path '/Users/marcboyer/LogicAudioAssistant/LogicAudioAssistant.xcodeproj')
    cd /Users/marcboyer/LogicAudioAssistant
    write-file /Users/marcboyer/LogicAudioAssistant/.build/xcode-release-reviewfix/Build/Intermediates.noindex/LogicAudioAssistant.build/Release/CompanionMacApp.build/Objects-normal/arm64/CompanionMacApp_const_extract_protocols.json

WriteAuxiliaryFile /Users/marcboyer/LogicAudioAssistant/.build/xcode-release-reviewfix/Build/Intermediates.noindex/LogicAudioAssistant.build/Release/CompanionMacApp.build/Objects-normal/arm64/CompanionMacApp-OutputFileMap.json (in target 'CompanionMacApp' from project 'LogicAudioAssistant' at path '/Users/marcboyer/LogicAudioAssistant/LogicAudioAssistant.xcodeproj')
    cd /Users/marcboyer/LogicAudioAssistant
    write-file /Users/marcboyer/LogicAudioAssistant/.build/xcode-release-reviewfix/Build/Intermediates.noindex/LogicAudioAssistant.build/Release/CompanionMacApp.build/Objects-normal/arm64/CompanionMacApp-OutputFileMap.json

WriteAuxiliaryFile /Users/marcboyer/LogicAudioAssistant/.build/xcode-release-reviewfix/Build/Intermediates.noindex/LogicAudioAssistant.build/Release/CompanionMacApp.build/Logic\ Audio\ Assistant.hmap (in target 'CompanionMacApp' from project 'LogicAudioAssistant' at path '/Users/marcboyer/LogicAudioAssistant/LogicAudioAssistant.xcodeproj')
    cd /Users/marcboyer/LogicAudioAssistant
    write-file /Users/marcboyer/LogicAudioAssistant/.build/xcode-release-reviewfix/Build/Intermediates.noindex/LogicAudioAssistant.build/Release/CompanionMacApp.build/Logic\ Audio\ Assistant.hmap

WriteAuxiliaryFile /Users/marcboyer/LogicAudioAssistant/.build/xcode-release-reviewfix/Build/Intermediates.noindex/LogicAudioAssistant.build/Release/CompanionMacApp.build/Logic\ Audio\ Assistant.DependencyStaticMetadataFileList (in target 'CompanionMacApp' from project 'LogicAudioAssistant' at path '/Users/marcboyer/LogicAudioAssistant/LogicAudioAssistant.xcodeproj')
    cd /Users/marcboyer/LogicAudioAssistant
    write-file /Users/marcboyer/LogicAudioAssistant/.build/xcode-release-reviewfix/Build/Intermediates.noindex/LogicAudioAssistant.build/Release/CompanionMacApp.build/Logic\ Audio\ Assistant.DependencyStaticMetadataFileList

Copy /Users/marcboyer/LogicAudioAssistant/.build/xcode-release-reviewfix/Build/Intermediates.noindex/GeneratedModuleMaps/DSPCore.modulemap /Users/marcboyer/LogicAudioAssistant/.build/xcode-release-reviewfix/Build/Intermediates.noindex/LogicAudioAssistant.build/Release/DSPCore.build/DSPCore.modulemap (in target 'DSPCore' from project 'LogicAudioAssistant' at path '/Users/marcboyer/LogicAudioAssistant/Package.swift')
    cd /Users/marcboyer/LogicAudioAssistant
    builtin-copy -exclude .DS_Store -exclude CVS -exclude .svn -exclude .git -exclude .hg -strip-unsigned-binaries -strip-deterministic -strip-tool /Applications/Xcode.app/Contents/Developer/Toolchains/XcodeDefault.xctoolchain/usr/bin/strip -resolve-src-symlinks /Users/marcboyer/LogicAudioAssistant/.build/xcode-release-reviewfix/Build/Intermediates.noindex/LogicAudioAssistant.build/Release/DSPCore.build/DSPCore.modulemap /Users/marcboyer/LogicAudioAssistant/.build/xcode-release-reviewfix/Build/Intermediates.noindex/GeneratedModuleMaps

WriteAuxiliaryFile /Users/marcboyer/LogicAudioAssistant/.build/xcode-release-reviewfix/Build/Intermediates.noindex/LogicAudioAssistant.build/Release/CompanionMacApp.build/Logic\ Audio\ Assistant.DependencyMetadataFileList (in target 'CompanionMacApp' from project 'LogicAudioAssistant' at path '/Users/marcboyer/LogicAudioAssistant/LogicAudioAssistant.xcodeproj')
    cd /Users/marcboyer/LogicAudioAssistant
    write-file /Users/marcboyer/LogicAudioAssistant/.build/xcode-release-reviewfix/Build/Intermediates.noindex/LogicAudioAssistant.build/Release/CompanionMacApp.build/Logic\ Audio\ Assistant.DependencyMetadataFileList

WriteAuxiliaryFile /Users/marcboyer/LogicAudioAssistant/.build/xcode-release-reviewfix/Build/Intermediates.noindex/LogicAudioAssistant.build/Release/CompanionMacApp.build/Logic\ Audio\ Assistant-project-headers.hmap (in target 'CompanionMacApp' from project 'LogicAudioAssistant' at path '/Users/marcboyer/LogicAudioAssistant/LogicAudioAssistant.xcodeproj')
    cd /Users/marcboyer/LogicAudioAssistant
    write-file /Users/marcboyer/LogicAudioAssistant/.build/xcode-release-reviewfix/Build/Intermediates.noindex/LogicAudioAssistant.build/Release/CompanionMacApp.build/Logic\ Audio\ Assistant-project-headers.hmap

WriteAuxiliaryFile /Users/marcboyer/LogicAudioAssistant/.build/xcode-release-reviewfix/Build/Intermediates.noindex/LogicAudioAssistant.build/Release/CompanionMacApp.build/Logic\ Audio\ Assistant-own-target-headers.hmap (in target 'CompanionMacApp' from project 'LogicAudioAssistant' at path '/Users/marcboyer/LogicAudioAssistant/LogicAudioAssistant.xcodeproj')
    cd /Users/marcboyer/LogicAudioAssistant
    write-file /Users/marcboyer/LogicAudioAssistant/.build/xcode-release-reviewfix/Build/Intermediates.noindex/LogicAudioAssistant.build/Release/CompanionMacApp.build/Logic\ Audio\ Assistant-own-target-headers.hmap

WriteAuxiliaryFile /Users/marcboyer/LogicAudioAssistant/.build/xcode-release-reviewfix/Build/Intermediates.noindex/LogicAudioAssistant.build/Release/CompanionMacApp.build/Logic\ Audio\ Assistant-generated-files.hmap (in target 'CompanionMacApp' from project 'LogicAudioAssistant' at path '/Users/marcboyer/LogicAudioAssistant/LogicAudioAssistant.xcodeproj')
    cd /Users/marcboyer/LogicAudioAssistant
    write-file /Users/marcboyer/LogicAudioAssistant/.build/xcode-release-reviewfix/Build/Intermediates.noindex/LogicAudioAssistant.build/Release/CompanionMacApp.build/Logic\ Audio\ Assistant-generated-files.hmap

WriteAuxiliaryFile /Users/marcboyer/LogicAudioAssistant/.build/xcode-release-reviewfix/Build/Intermediates.noindex/LogicAudioAssistant.build/Release/CompanionMacApp.build/Logic\ Audio\ Assistant-all-target-headers.hmap (in target 'CompanionMacApp' from project 'LogicAudioAssistant' at path '/Users/marcboyer/LogicAudioAssistant/LogicAudioAssistant.xcodeproj')
    cd /Users/marcboyer/LogicAudioAssistant
    write-file /Users/marcboyer/LogicAudioAssistant/.build/xcode-release-reviewfix/Build/Intermediates.noindex/LogicAudioAssistant.build/Release/CompanionMacApp.build/Logic\ Audio\ Assistant-all-target-headers.hmap

WriteAuxiliaryFile /Users/marcboyer/LogicAudioAssistant/.build/xcode-release-reviewfix/Build/Intermediates.noindex/LogicAudioAssistant.build/Release/CompanionMacApp.build/Logic\ Audio\ Assistant-all-non-framework-target-headers.hmap (in target 'CompanionMacApp' from project 'LogicAudioAssistant' at path '/Users/marcboyer/LogicAudioAssistant/LogicAudioAssistant.xcodeproj')
    cd /Users/marcboyer/LogicAudioAssistant
    write-file /Users/marcboyer/LogicAudioAssistant/.build/xcode-release-reviewfix/Build/Intermediates.noindex/LogicAudioAssistant.build/Release/CompanionMacApp.build/Logic\ Audio\ Assistant-all-non-framework-target-headers.hmap

WriteAuxiliaryFile /Users/marcboyer/LogicAudioAssistant/.build/xcode-release-reviewfix/Build/Intermediates.noindex/LogicAudioAssistant.build/Release/CAtomics.build/Objects-normal/arm64/7187679823f38a2a940e0043cdf9d637-common-args.resp (in target 'CAtomics' from project 'LogicAudioAssistant' at path '/Users/marcboyer/LogicAudioAssistant/Package.swift')
    cd /Users/marcboyer/LogicAudioAssistant
    write-file /Users/marcboyer/LogicAudioAssistant/.build/xcode-release-reviewfix/Build/Intermediates.noindex/LogicAudioAssistant.build/Release/CAtomics.build/Objects-normal/arm64/7187679823f38a2a940e0043cdf9d637-common-args.resp
-fmodules -gmodules '-fmodules-cache-path=/Users/marcboyer/LogicAudioAssistant/.build/xcode-release-reviewfix/ModuleCache.noindex' '-fmodule-name=CAtomics' -fpascal-strings -Os -DSWIFT_PACKAGE -g -I/Users/marcboyer/LogicAudioAssistant/.build/xcode-release-reviewfix/Build/Products/Release/include -I/Users/marcboyer/LogicAudioAssistant/packages/CAtomics/include -I/Users/marcboyer/LogicAudioAssistant/.build/xcode-release-reviewfix/Build/Intermediates.noindex/LogicAudioAssistant.build/Release/CAtomics.build/DerivedSources-normal/arm64 -I/Users/marcboyer/LogicAudioAssistant/.build/xcode-release-reviewfix/Build/Intermediates.noindex/LogicAudioAssistant.build/Release/CAtomics.build/DerivedSources/arm64 -I/Users/marcboyer/LogicAudioAssistant/.build/xcode-release-reviewfix/Build/Intermediates.noindex/LogicAudioAssistant.build/Release/CAtomics.build/DerivedSources -F/Users/marcboyer/LogicAudioAssistant/.build/xcode-release-reviewfix/Build/Products/Release -iframework /Applications/Xcode.app/Contents/Developer/Platforms/MacOSX.platform/Developer/Library/Frameworks -DXcode

WriteAuxiliaryFile /Users/marcboyer/LogicAudioAssistant/.build/xcode-release-reviewfix/Build/Intermediates.noindex/LogicAudioAssistant.build/Release/CAtomics.build/Objects-normal/arm64/CAtomics.LinkFileList (in target 'CAtomics' from project 'LogicAudioAssistant' at path '/Users/marcboyer/LogicAudioAssistant/Package.swift')
    cd /Users/marcboyer/LogicAudioAssistant
    write-file /Users/marcboyer/LogicAudioAssistant/.build/xcode-release-reviewfix/Build/Intermediates.noindex/LogicAudioAssistant.build/Release/CAtomics.build/Objects-normal/arm64/CAtomics.LinkFileList

WriteAuxiliaryFile /Users/marcboyer/LogicAudioAssistant/.build/xcode-release-reviewfix/Build/Intermediates.noindex/LogicAudioAssistant.build/Release/CAtomics.build/CAtomics.modulemap (in target 'CAtomics' from project 'LogicAudioAssistant' at path '/Users/marcboyer/LogicAudioAssistant/Package.swift')
    cd /Users/marcboyer/LogicAudioAssistant
    write-file /Users/marcboyer/LogicAudioAssistant/.build/xcode-release-reviewfix/Build/Intermediates.noindex/LogicAudioAssistant.build/Release/CAtomics.build/CAtomics.modulemap

WriteAuxiliaryFile /Users/marcboyer/LogicAudioAssistant/.build/xcode-release-reviewfix/Build/Intermediates.noindex/LogicAudioAssistant.build/Release/CAtomics.build/CAtomics.DependencyStaticMetadataFileList (in target 'CAtomics' from project 'LogicAudioAssistant' at path '/Users/marcboyer/LogicAudioAssistant/Package.swift')
    cd /Users/marcboyer/LogicAudioAssistant
    write-file /Users/marcboyer/LogicAudioAssistant/.build/xcode-release-reviewfix/Build/Intermediates.noindex/LogicAudioAssistant.build/Release/CAtomics.build/CAtomics.DependencyStaticMetadataFileList

WriteAuxiliaryFile /Users/marcboyer/LogicAudioAssistant/.build/xcode-release-reviewfix/Build/Intermediates.noindex/LogicAudioAssistant.build/Release/CAtomics.build/CAtomics.DependencyMetadataFileList (in target 'CAtomics' from project 'LogicAudioAssistant' at path '/Users/marcboyer/LogicAudioAssistant/Package.swift')
    cd /Users/marcboyer/LogicAudioAssistant
    write-file /Users/marcboyer/LogicAudioAssistant/.build/xcode-release-reviewfix/Build/Intermediates.noindex/LogicAudioAssistant.build/Release/CAtomics.build/CAtomics.DependencyMetadataFileList

MkDir /Users/marcboyer/LogicAudioAssistant/.build/xcode-release-reviewfix/Build/Products/Release/LogicAudioAssistant_ProductionTutor.bundle (in target 'LogicAudioAssistant_ProductionTutor' from project 'LogicAudioAssistant' at path '/Users/marcboyer/LogicAudioAssistant/Package.swift')
    cd /Users/marcboyer/LogicAudioAssistant
    /bin/mkdir -p /Users/marcboyer/LogicAudioAssistant/.build/xcode-release-reviewfix/Build/Products/Release/LogicAudioAssistant_ProductionTutor.bundle

MkDir /Users/marcboyer/LogicAudioAssistant/.build/xcode-release-reviewfix/Build/Products/Release/LogicAudioAssistant_ProductionTutor.bundle/Contents (in target 'LogicAudioAssistant_ProductionTutor' from project 'LogicAudioAssistant' at path '/Users/marcboyer/LogicAudioAssistant/Package.swift')
    cd /Users/marcboyer/LogicAudioAssistant
    /bin/mkdir -p /Users/marcboyer/LogicAudioAssistant/.build/xcode-release-reviewfix/Build/Products/Release/LogicAudioAssistant_ProductionTutor.bundle/Contents

MkDir /Users/marcboyer/LogicAudioAssistant/.build/xcode-release-reviewfix/Build/Products/Release/LogicAudioAssistant_ProductionTutor.bundle/Contents/Resources (in target 'LogicAudioAssistant_ProductionTutor' from project 'LogicAudioAssistant' at path '/Users/marcboyer/LogicAudioAssistant/Package.swift')
    cd /Users/marcboyer/LogicAudioAssistant
    /bin/mkdir -p /Users/marcboyer/LogicAudioAssistant/.build/xcode-release-reviewfix/Build/Products/Release/LogicAudioAssistant_ProductionTutor.bundle/Contents/Resources

Copy /Users/marcboyer/LogicAudioAssistant/.build/xcode-release-reviewfix/Build/Intermediates.noindex/GeneratedModuleMaps/CAtomics.modulemap /Users/marcboyer/LogicAudioAssistant/.build/xcode-release-reviewfix/Build/Intermediates.noindex/LogicAudioAssistant.build/Release/CAtomics.build/CAtomics.modulemap (in target 'CAtomics' from project 'LogicAudioAssistant' at path '/Users/marcboyer/LogicAudioAssistant/Package.swift')
    cd /Users/marcboyer/LogicAudioAssistant
    builtin-copy -exclude .DS_Store -exclude CVS -exclude .svn -exclude .git -exclude .hg -strip-unsigned-binaries -strip-deterministic -strip-tool /Applications/Xcode.app/Contents/Developer/Toolchains/XcodeDefault.xctoolchain/usr/bin/strip -resolve-src-symlinks /Users/marcboyer/LogicAudioAssistant/.build/xcode-release-reviewfix/Build/Intermediates.noindex/LogicAudioAssistant.build/Release/CAtomics.build/CAtomics.modulemap /Users/marcboyer/LogicAudioAssistant/.build/xcode-release-reviewfix/Build/Intermediates.noindex/GeneratedModuleMaps

MkDir /Users/marcboyer/LogicAudioAssistant/.build/xcode-release-reviewfix/Build/Products/Release/Logic\ Audio\ Assistant.app/Contents/Resources (in target 'CompanionMacApp' from project 'LogicAudioAssistant' at path '/Users/marcboyer/LogicAudioAssistant/LogicAudioAssistant.xcodeproj')
    cd /Users/marcboyer/LogicAudioAssistant
    /bin/mkdir -p /Users/marcboyer/LogicAudioAssistant/.build/xcode-release-reviewfix/Build/Products/Release/Logic\ Audio\ Assistant.app/Contents/Resources

MkDir /Users/marcboyer/LogicAudioAssistant/.build/xcode-release-reviewfix/Build/Products/Release/Logic\ Audio\ Assistant.app/Contents/MacOS (in target 'CompanionMacApp' from project 'LogicAudioAssistant' at path '/Users/marcboyer/LogicAudioAssistant/LogicAudioAssistant.xcodeproj')
    cd /Users/marcboyer/LogicAudioAssistant
    /bin/mkdir -p /Users/marcboyer/LogicAudioAssistant/.build/xcode-release-reviewfix/Build/Products/Release/Logic\ Audio\ Assistant.app/Contents/MacOS

MkDir /Users/marcboyer/LogicAudioAssistant/.build/xcode-release-reviewfix/Build/Products/Release/Logic\ Audio\ Assistant.app/Contents/PlugIns (in target 'CompanionMacApp' from project 'LogicAudioAssistant' at path '/Users/marcboyer/LogicAudioAssistant/LogicAudioAssistant.xcodeproj')
    cd /Users/marcboyer/LogicAudioAssistant
    /bin/mkdir -p /Users/marcboyer/LogicAudioAssistant/.build/xcode-release-reviewfix/Build/Products/Release/Logic\ Audio\ Assistant.app/Contents/PlugIns

MkDir /Users/marcboyer/LogicAudioAssistant/.build/xcode-release-reviewfix/Build/Products/Release/Logic\ Audio\ Assistant.app/Contents (in target 'CompanionMacApp' from project 'LogicAudioAssistant' at path '/Users/marcboyer/LogicAudioAssistant/LogicAudioAssistant.xcodeproj')
    cd /Users/marcboyer/LogicAudioAssistant
    /bin/mkdir -p /Users/marcboyer/LogicAudioAssistant/.build/xcode-release-reviewfix/Build/Products/Release/Logic\ Audio\ Assistant.app/Contents

MkDir /Users/marcboyer/LogicAudioAssistant/.build/xcode-release-reviewfix/Build/Products/Release/Logic\ Audio\ Assistant.app (in target 'CompanionMacApp' from project 'LogicAudioAssistant' at path '/Users/marcboyer/LogicAudioAssistant/LogicAudioAssistant.xcodeproj')
    cd /Users/marcboyer/LogicAudioAssistant
    /bin/mkdir -p /Users/marcboyer/LogicAudioAssistant/.build/xcode-release-reviewfix/Build/Products/Release/Logic\ Audio\ Assistant.app

WriteAuxiliaryFile /Users/marcboyer/LogicAudioAssistant/.build/xcode-release-reviewfix/Build/Intermediates.noindex/LogicAudioAssistant.build/Release/AudioAnalysis.build/Objects-normal/arm64/AudioAnalysis.SwiftConstValuesFileList (in target 'AudioAnalysis' from project 'LogicAudioAssistant' at path '/Users/marcboyer/LogicAudioAssistant/Package.swift')
    cd /Users/marcboyer/LogicAudioAssistant
    write-file /Users/marcboyer/LogicAudioAssistant/.build/xcode-release-reviewfix/Build/Intermediates.noindex/LogicAudioAssistant.build/Release/AudioAnalysis.build/Objects-normal/arm64/AudioAnalysis.SwiftConstValuesFileList

WriteAuxiliaryFile /Users/marcboyer/LogicAudioAssistant/.build/xcode-release-reviewfix/Build/Intermediates.noindex/LogicAudioAssistant.build/Release/AudioAnalysis.build/Objects-normal/arm64/AudioAnalysis.LinkFileList (in target 'AudioAnalysis' from project 'LogicAudioAssistant' at path '/Users/marcboyer/LogicAudioAssistant/Package.swift')
    cd /Users/marcboyer/LogicAudioAssistant
    write-file /Users/marcboyer/LogicAudioAssistant/.build/xcode-release-reviewfix/Build/Intermediates.noindex/LogicAudioAssistant.build/Release/AudioAnalysis.build/Objects-normal/arm64/AudioAnalysis.LinkFileList

WriteAuxiliaryFile /Users/marcboyer/LogicAudioAssistant/.build/xcode-release-reviewfix/Build/Intermediates.noindex/LogicAudioAssistant.build/Release/AudioAnalysis.build/Objects-normal/arm64/AudioAnalysis.SwiftFileList (in target 'AudioAnalysis' from project 'LogicAudioAssistant' at path '/Users/marcboyer/LogicAudioAssistant/Package.swift')
    cd /Users/marcboyer/LogicAudioAssistant
    write-file /Users/marcboyer/LogicAudioAssistant/.build/xcode-release-reviewfix/Build/Intermediates.noindex/LogicAudioAssistant.build/Release/AudioAnalysis.build/Objects-normal/arm64/AudioAnalysis.SwiftFileList

WriteAuxiliaryFile /Users/marcboyer/LogicAudioAssistant/.build/xcode-release-reviewfix/Build/Intermediates.noindex/LogicAudioAssistant.build/Release/AudioAnalysis.build/Objects-normal/arm64/AudioAnalysis_const_extract_protocols.json (in target 'AudioAnalysis' from project 'LogicAudioAssistant' at path '/Users/marcboyer/LogicAudioAssistant/Package.swift')
    cd /Users/marcboyer/LogicAudioAssistant
    write-file /Users/marcboyer/LogicAudioAssistant/.build/xcode-release-reviewfix/Build/Intermediates.noindex/LogicAudioAssistant.build/Release/AudioAnalysis.build/Objects-normal/arm64/AudioAnalysis_const_extract_protocols.json

WriteAuxiliaryFile /Users/marcboyer/LogicAudioAssistant/.build/xcode-release-reviewfix/Build/Intermediates.noindex/LogicAudioAssistant.build/Release/AudioAnalysis.build/Objects-normal/arm64/AudioAnalysis-OutputFileMap.json (in target 'AudioAnalysis' from project 'LogicAudioAssistant' at path '/Users/marcboyer/LogicAudioAssistant/Package.swift')
    cd /Users/marcboyer/LogicAudioAssistant
    write-file /Users/marcboyer/LogicAudioAssistant/.build/xcode-release-reviewfix/Build/Intermediates.noindex/LogicAudioAssistant.build/Release/AudioAnalysis.build/Objects-normal/arm64/AudioAnalysis-OutputFileMap.json

WriteAuxiliaryFile /Users/marcboyer/LogicAudioAssistant/.build/xcode-release-reviewfix/Build/Intermediates.noindex/LogicAudioAssistant.build/Release/AudioAnalysis.build/AudioAnalysis.modulemap (in target 'AudioAnalysis' from project 'LogicAudioAssistant' at path '/Users/marcboyer/LogicAudioAssistant/Package.swift')
    cd /Users/marcboyer/LogicAudioAssistant
    write-file /Users/marcboyer/LogicAudioAssistant/.build/xcode-release-reviewfix/Build/Intermediates.noindex/LogicAudioAssistant.build/Release/AudioAnalysis.build/AudioAnalysis.modulemap

WriteAuxiliaryFile /Users/marcboyer/LogicAudioAssistant/.build/xcode-release-reviewfix/Build/Intermediates.noindex/LogicAudioAssistant.build/Release/AudioAnalysis.build/AudioAnalysis.DependencyStaticMetadataFileList (in target 'AudioAnalysis' from project 'LogicAudioAssistant' at path '/Users/marcboyer/LogicAudioAssistant/Package.swift')
    cd /Users/marcboyer/LogicAudioAssistant
    write-file /Users/marcboyer/LogicAudioAssistant/.build/xcode-release-reviewfix/Build/Intermediates.noindex/LogicAudioAssistant.build/Release/AudioAnalysis.build/AudioAnalysis.DependencyStaticMetadataFileList

WriteAuxiliaryFile /Users/marcboyer/LogicAudioAssistant/.build/xcode-release-reviewfix/Build/Intermediates.noindex/LogicAudioAssistant.build/Release/AudioAnalysis.build/AudioAnalysis.DependencyMetadataFileList (in target 'AudioAnalysis' from project 'LogicAudioAssistant' at path '/Users/marcboyer/LogicAudioAssistant/Package.swift')
    cd /Users/marcboyer/LogicAudioAssistant
    write-file /Users/marcboyer/LogicAudioAssistant/.build/xcode-release-reviewfix/Build/Intermediates.noindex/LogicAudioAssistant.build/Release/AudioAnalysis.build/AudioAnalysis.DependencyMetadataFileList

WriteAuxiliaryFile /Users/marcboyer/LogicAudioAssistant/.build/xcode-release-reviewfix/Build/Intermediates.noindex/LogicAudioAssistant.build/Release/AssistantAudioUnitExtension.build/Objects-normal/arm64/Logic\ Audio\ Assistant\ AU.LinkFileList (in target 'AssistantAudioUnitExtension' from project 'LogicAudioAssistant' at path '/Users/marcboyer/LogicAudioAssistant/LogicAudioAssistant.xcodeproj')
    cd /Users/marcboyer/LogicAudioAssistant
    write-file /Users/marcboyer/LogicAudioAssistant/.build/xcode-release-reviewfix/Build/Intermediates.noindex/LogicAudioAssistant.build/Release/AssistantAudioUnitExtension.build/Objects-normal/arm64/Logic\ Audio\ Assistant\ AU.LinkFileList

WriteAuxiliaryFile /Users/marcboyer/LogicAudioAssistant/.build/xcode-release-reviewfix/Build/Intermediates.noindex/LogicAudioAssistant.build/Release/AssistantAudioUnitExtension.build/Objects-normal/arm64/AssistantAudioUnitExtension_const_extract_protocols.json (in target 'AssistantAudioUnitExtension' from project 'LogicAudioAssistant' at path '/Users/marcboyer/LogicAudioAssistant/LogicAudioAssistant.xcodeproj')
    cd /Users/marcboyer/LogicAudioAssistant
    write-file /Users/marcboyer/LogicAudioAssistant/.build/xcode-release-reviewfix/Build/Intermediates.noindex/LogicAudioAssistant.build/Release/AssistantAudioUnitExtension.build/Objects-normal/arm64/AssistantAudioUnitExtension_const_extract_protocols.json

WriteAuxiliaryFile /Users/marcboyer/LogicAudioAssistant/.build/xcode-release-reviewfix/Build/Intermediates.noindex/LogicAudioAssistant.build/Release/AssistantAudioUnitExtension.build/Objects-normal/arm64/Logic\ Audio\ Assistant\ AU.SwiftConstValuesFileList (in target 'AssistantAudioUnitExtension' from project 'LogicAudioAssistant' at path '/Users/marcboyer/LogicAudioAssistant/LogicAudioAssistant.xcodeproj')
    cd /Users/marcboyer/LogicAudioAssistant
    write-file /Users/marcboyer/LogicAudioAssistant/.build/xcode-release-reviewfix/Build/Intermediates.noindex/LogicAudioAssistant.build/Release/AssistantAudioUnitExtension.build/Objects-normal/arm64/Logic\ Audio\ Assistant\ AU.SwiftConstValuesFileList

WriteAuxiliaryFile /Users/marcboyer/LogicAudioAssistant/.build/xcode-release-reviewfix/Build/Intermediates.noindex/LogicAudioAssistant.build/Release/AssistantAudioUnitExtension.build/Objects-normal/arm64/Logic\ Audio\ Assistant\ AU.SwiftFileList (in target 'AssistantAudioUnitExtension' from project 'LogicAudioAssistant' at path '/Users/marcboyer/LogicAudioAssistant/LogicAudioAssistant.xcodeproj')
    cd /Users/marcboyer/LogicAudioAssistant
    write-file /Users/marcboyer/LogicAudioAssistant/.build/xcode-release-reviewfix/Build/Intermediates.noindex/LogicAudioAssistant.build/Release/AssistantAudioUnitExtension.build/Objects-normal/arm64/Logic\ Audio\ Assistant\ AU.SwiftFileList

WriteAuxiliaryFile /Users/marcboyer/LogicAudioAssistant/.build/xcode-release-reviewfix/Build/Intermediates.noindex/LogicAudioAssistant.build/Release/AssistantAudioUnitExtension.build/Objects-normal/arm64/AssistantAudioUnitExtension-OutputFileMap.json (in target 'AssistantAudioUnitExtension' from project 'LogicAudioAssistant' at path '/Users/marcboyer/LogicAudioAssistant/LogicAudioAssistant.xcodeproj')
    cd /Users/marcboyer/LogicAudioAssistant
    write-file /Users/marcboyer/LogicAudioAssistant/.build/xcode-release-reviewfix/Build/Intermediates.noindex/LogicAudioAssistant.build/Release/AssistantAudioUnitExtension.build/Objects-normal/arm64/AssistantAudioUnitExtension-OutputFileMap.json

WriteAuxiliaryFile /Users/marcboyer/LogicAudioAssistant/.build/xcode-release-reviewfix/Build/Intermediates.noindex/LogicAudioAssistant.build/Release/AssistantAudioUnitExtension.build/Logic\ Audio\ Assistant\ AU.hmap (in target 'AssistantAudioUnitExtension' from project 'LogicAudioAssistant' at path '/Users/marcboyer/LogicAudioAssistant/LogicAudioAssistant.xcodeproj')
    cd /Users/marcboyer/LogicAudioAssistant
    write-file /Users/marcboyer/LogicAudioAssistant/.build/xcode-release-reviewfix/Build/Intermediates.noindex/LogicAudioAssistant.build/Release/AssistantAudioUnitExtension.build/Logic\ Audio\ Assistant\ AU.hmap

WriteAuxiliaryFile /Users/marcboyer/LogicAudioAssistant/.build/xcode-release-reviewfix/Build/Intermediates.noindex/LogicAudioAssistant.build/Release/AssistantAudioUnitExtension.build/Logic\ Audio\ Assistant\ AU.DependencyStaticMetadataFileList (in target 'AssistantAudioUnitExtension' from project 'LogicAudioAssistant' at path '/Users/marcboyer/LogicAudioAssistant/LogicAudioAssistant.xcodeproj')
    cd /Users/marcboyer/LogicAudioAssistant
    write-file /Users/marcboyer/LogicAudioAssistant/.build/xcode-release-reviewfix/Build/Intermediates.noindex/LogicAudioAssistant.build/Release/AssistantAudioUnitExtension.build/Logic\ Audio\ Assistant\ AU.DependencyStaticMetadataFileList

WriteAuxiliaryFile /Users/marcboyer/LogicAudioAssistant/.build/xcode-release-reviewfix/Build/Intermediates.noindex/LogicAudioAssistant.build/Release/AssistantAudioUnitExtension.build/Logic\ Audio\ Assistant\ AU.DependencyMetadataFileList (in target 'AssistantAudioUnitExtension' from project 'LogicAudioAssistant' at path '/Users/marcboyer/LogicAudioAssistant/LogicAudioAssistant.xcodeproj')
    cd /Users/marcboyer/LogicAudioAssistant
    write-file /Users/marcboyer/LogicAudioAssistant/.build/xcode-release-reviewfix/Build/Intermediates.noindex/LogicAudioAssistant.build/Release/AssistantAudioUnitExtension.build/Logic\ Audio\ Assistant\ AU.DependencyMetadataFileList

Copy /Users/marcboyer/LogicAudioAssistant/.build/xcode-release-reviewfix/Build/Intermediates.noindex/GeneratedModuleMaps/AudioAnalysis.modulemap /Users/marcboyer/LogicAudioAssistant/.build/xcode-release-reviewfix/Build/Intermediates.noindex/LogicAudioAssistant.build/Release/AudioAnalysis.build/AudioAnalysis.modulemap (in target 'AudioAnalysis' from project 'LogicAudioAssistant' at path '/Users/marcboyer/LogicAudioAssistant/Package.swift')
    cd /Users/marcboyer/LogicAudioAssistant
    builtin-copy -exclude .DS_Store -exclude CVS -exclude .svn -exclude .git -exclude .hg -strip-unsigned-binaries -strip-deterministic -strip-tool /Applications/Xcode.app/Contents/Developer/Toolchains/XcodeDefault.xctoolchain/usr/bin/strip -resolve-src-symlinks /Users/marcboyer/LogicAudioAssistant/.build/xcode-release-reviewfix/Build/Intermediates.noindex/LogicAudioAssistant.build/Release/AudioAnalysis.build/AudioAnalysis.modulemap /Users/marcboyer/LogicAudioAssistant/.build/xcode-release-reviewfix/Build/Intermediates.noindex/GeneratedModuleMaps

WriteAuxiliaryFile /Users/marcboyer/LogicAudioAssistant/.build/xcode-release-reviewfix/Build/Intermediates.noindex/LogicAudioAssistant.build/Release/AssistantAudioUnitExtension.build/Logic\ Audio\ Assistant\ AU-project-headers.hmap (in target 'AssistantAudioUnitExtension' from project 'LogicAudioAssistant' at path '/Users/marcboyer/LogicAudioAssistant/LogicAudioAssistant.xcodeproj')
    cd /Users/marcboyer/LogicAudioAssistant
    write-file /Users/marcboyer/LogicAudioAssistant/.build/xcode-release-reviewfix/Build/Intermediates.noindex/LogicAudioAssistant.build/Release/AssistantAudioUnitExtension.build/Logic\ Audio\ Assistant\ AU-project-headers.hmap

WriteAuxiliaryFile /Users/marcboyer/LogicAudioAssistant/.build/xcode-release-reviewfix/Build/Intermediates.noindex/LogicAudioAssistant.build/Release/AssistantAudioUnitExtension.build/Logic\ Audio\ Assistant\ AU-own-target-headers.hmap (in target 'AssistantAudioUnitExtension' from project 'LogicAudioAssistant' at path '/Users/marcboyer/LogicAudioAssistant/LogicAudioAssistant.xcodeproj')
    cd /Users/marcboyer/LogicAudioAssistant
    write-file /Users/marcboyer/LogicAudioAssistant/.build/xcode-release-reviewfix/Build/Intermediates.noindex/LogicAudioAssistant.build/Release/AssistantAudioUnitExtension.build/Logic\ Audio\ Assistant\ AU-own-target-headers.hmap

WriteAuxiliaryFile /Users/marcboyer/LogicAudioAssistant/.build/xcode-release-reviewfix/Build/Intermediates.noindex/LogicAudioAssistant.build/Release/AssistantAudioUnitExtension.build/Logic\ Audio\ Assistant\ AU-generated-files.hmap (in target 'AssistantAudioUnitExtension' from project 'LogicAudioAssistant' at path '/Users/marcboyer/LogicAudioAssistant/LogicAudioAssistant.xcodeproj')
    cd /Users/marcboyer/LogicAudioAssistant
    write-file /Users/marcboyer/LogicAudioAssistant/.build/xcode-release-reviewfix/Build/Intermediates.noindex/LogicAudioAssistant.build/Release/AssistantAudioUnitExtension.build/Logic\ Audio\ Assistant\ AU-generated-files.hmap

WriteAuxiliaryFile /Users/marcboyer/LogicAudioAssistant/.build/xcode-release-reviewfix/Build/Intermediates.noindex/LogicAudioAssistant.build/Release/AssistantAudioUnitExtension.build/Logic\ Audio\ Assistant\ AU-all-target-headers.hmap (in target 'AssistantAudioUnitExtension' from project 'LogicAudioAssistant' at path '/Users/marcboyer/LogicAudioAssistant/LogicAudioAssistant.xcodeproj')
    cd /Users/marcboyer/LogicAudioAssistant
    write-file /Users/marcboyer/LogicAudioAssistant/.build/xcode-release-reviewfix/Build/Intermediates.noindex/LogicAudioAssistant.build/Release/AssistantAudioUnitExtension.build/Logic\ Audio\ Assistant\ AU-all-target-headers.hmap

WriteAuxiliaryFile /Users/marcboyer/LogicAudioAssistant/.build/xcode-release-reviewfix/Build/Intermediates.noindex/LogicAudioAssistant.build/Release/AssistantAudioUnitExtension.build/Logic\ Audio\ Assistant\ AU-all-non-framework-target-headers.hmap (in target 'AssistantAudioUnitExtension' from project 'LogicAudioAssistant' at path '/Users/marcboyer/LogicAudioAssistant/LogicAudioAssistant.xcodeproj')
    cd /Users/marcboyer/LogicAudioAssistant
    write-file /Users/marcboyer/LogicAudioAssistant/.build/xcode-release-reviewfix/Build/Intermediates.noindex/LogicAudioAssistant.build/Release/AssistantAudioUnitExtension.build/Logic\ Audio\ Assistant\ AU-all-non-framework-target-headers.hmap

WriteAuxiliaryFile /Users/marcboyer/LogicAudioAssistant/.build/xcode-release-reviewfix/Build/Intermediates.noindex/LogicAudioAssistant.build/Release/AgentCore.build/Objects-normal/arm64/AgentCore_const_extract_protocols.json (in target 'AgentCore' from project 'LogicAudioAssistant' at path '/Users/marcboyer/LogicAudioAssistant/Package.swift')
    cd /Users/marcboyer/LogicAudioAssistant
    write-file /Users/marcboyer/LogicAudioAssistant/.build/xcode-release-reviewfix/Build/Intermediates.noindex/LogicAudioAssistant.build/Release/AgentCore.build/Objects-normal/arm64/AgentCore_const_extract_protocols.json

WriteAuxiliaryFile /Users/marcboyer/LogicAudioAssistant/.build/xcode-release-reviewfix/Build/Intermediates.noindex/LogicAudioAssistant.build/Release/AgentCore.build/Objects-normal/arm64/AgentCore.SwiftFileList (in target 'AgentCore' from project 'LogicAudioAssistant' at path '/Users/marcboyer/LogicAudioAssistant/Package.swift')
    cd /Users/marcboyer/LogicAudioAssistant
    write-file /Users/marcboyer/LogicAudioAssistant/.build/xcode-release-reviewfix/Build/Intermediates.noindex/LogicAudioAssistant.build/Release/AgentCore.build/Objects-normal/arm64/AgentCore.SwiftFileList

WriteAuxiliaryFile /Users/marcboyer/LogicAudioAssistant/.build/xcode-release-reviewfix/Build/Intermediates.noindex/LogicAudioAssistant.build/Release/AgentCore.build/Objects-normal/arm64/AgentCore.SwiftConstValuesFileList (in target 'AgentCore' from project 'LogicAudioAssistant' at path '/Users/marcboyer/LogicAudioAssistant/Package.swift')
    cd /Users/marcboyer/LogicAudioAssistant
    write-file /Users/marcboyer/LogicAudioAssistant/.build/xcode-release-reviewfix/Build/Intermediates.noindex/LogicAudioAssistant.build/Release/AgentCore.build/Objects-normal/arm64/AgentCore.SwiftConstValuesFileList

WriteAuxiliaryFile /Users/marcboyer/LogicAudioAssistant/.build/xcode-release-reviewfix/Build/Intermediates.noindex/LogicAudioAssistant.build/Release/AgentCore.build/Objects-normal/arm64/AgentCore.LinkFileList (in target 'AgentCore' from project 'LogicAudioAssistant' at path '/Users/marcboyer/LogicAudioAssistant/Package.swift')
    cd /Users/marcboyer/LogicAudioAssistant
    write-file /Users/marcboyer/LogicAudioAssistant/.build/xcode-release-reviewfix/Build/Intermediates.noindex/LogicAudioAssistant.build/Release/AgentCore.build/Objects-normal/arm64/AgentCore.LinkFileList

WriteAuxiliaryFile /Users/marcboyer/LogicAudioAssistant/.build/xcode-release-reviewfix/Build/Intermediates.noindex/LogicAudioAssistant.build/Release/AgentCore.build/Objects-normal/arm64/AgentCore-OutputFileMap.json (in target 'AgentCore' from project 'LogicAudioAssistant' at path '/Users/marcboyer/LogicAudioAssistant/Package.swift')
    cd /Users/marcboyer/LogicAudioAssistant
    write-file /Users/marcboyer/LogicAudioAssistant/.build/xcode-release-reviewfix/Build/Intermediates.noindex/LogicAudioAssistant.build/Release/AgentCore.build/Objects-normal/arm64/AgentCore-OutputFileMap.json

WriteAuxiliaryFile /Users/marcboyer/LogicAudioAssistant/.build/xcode-release-reviewfix/Build/Intermediates.noindex/LogicAudioAssistant.build/Release/AgentCore.build/AgentCore.modulemap (in target 'AgentCore' from project 'LogicAudioAssistant' at path '/Users/marcboyer/LogicAudioAssistant/Package.swift')
    cd /Users/marcboyer/LogicAudioAssistant
    write-file /Users/marcboyer/LogicAudioAssistant/.build/xcode-release-reviewfix/Build/Intermediates.noindex/LogicAudioAssistant.build/Release/AgentCore.build/AgentCore.modulemap

WriteAuxiliaryFile /Users/marcboyer/LogicAudioAssistant/.build/xcode-release-reviewfix/Build/Intermediates.noindex/LogicAudioAssistant.build/Release/AgentCore.build/AgentCore.DependencyStaticMetadataFileList (in target 'AgentCore' from project 'LogicAudioAssistant' at path '/Users/marcboyer/LogicAudioAssistant/Package.swift')
    cd /Users/marcboyer/LogicAudioAssistant
    write-file /Users/marcboyer/LogicAudioAssistant/.build/xcode-release-reviewfix/Build/Intermediates.noindex/LogicAudioAssistant.build/Release/AgentCore.build/AgentCore.DependencyStaticMetadataFileList

WriteAuxiliaryFile /Users/marcboyer/LogicAudioAssistant/.build/xcode-release-reviewfix/Build/Intermediates.noindex/LogicAudioAssistant.build/Release/AgentCore.build/AgentCore.DependencyMetadataFileList (in target 'AgentCore' from project 'LogicAudioAssistant' at path '/Users/marcboyer/LogicAudioAssistant/Package.swift')
    cd /Users/marcboyer/LogicAudioAssistant
    write-file /Users/marcboyer/LogicAudioAssistant/.build/xcode-release-reviewfix/Build/Intermediates.noindex/LogicAudioAssistant.build/Release/AgentCore.build/AgentCore.DependencyMetadataFileList

MkDir /Users/marcboyer/LogicAudioAssistant/.build/xcode-release-reviewfix/Build/Products/Release/Logic\ Audio\ Assistant\ AU.appex/Contents/MacOS (in target 'AssistantAudioUnitExtension' from project 'LogicAudioAssistant' at path '/Users/marcboyer/LogicAudioAssistant/LogicAudioAssistant.xcodeproj')
    cd /Users/marcboyer/LogicAudioAssistant
    /bin/mkdir -p /Users/marcboyer/LogicAudioAssistant/.build/xcode-release-reviewfix/Build/Products/Release/Logic\ Audio\ Assistant\ AU.appex/Contents/MacOS

MkDir /Users/marcboyer/LogicAudioAssistant/.build/xcode-release-reviewfix/Build/Products/Release/Logic\ Audio\ Assistant\ AU.appex/Contents (in target 'AssistantAudioUnitExtension' from project 'LogicAudioAssistant' at path '/Users/marcboyer/LogicAudioAssistant/LogicAudioAssistant.xcodeproj')
    cd /Users/marcboyer/LogicAudioAssistant
    /bin/mkdir -p /Users/marcboyer/LogicAudioAssistant/.build/xcode-release-reviewfix/Build/Products/Release/Logic\ Audio\ Assistant\ AU.appex/Contents

MkDir /Users/marcboyer/LogicAudioAssistant/.build/xcode-release-reviewfix/Build/Products/Release/Logic\ Audio\ Assistant\ AU.appex (in target 'AssistantAudioUnitExtension' from project 'LogicAudioAssistant' at path '/Users/marcboyer/LogicAudioAssistant/LogicAudioAssistant.xcodeproj')
    cd /Users/marcboyer/LogicAudioAssistant
    /bin/mkdir -p /Users/marcboyer/LogicAudioAssistant/.build/xcode-release-reviewfix/Build/Products/Release/Logic\ Audio\ Assistant\ AU.appex

Copy /Users/marcboyer/LogicAudioAssistant/.build/xcode-release-reviewfix/Build/Intermediates.noindex/GeneratedModuleMaps/AgentCore.modulemap /Users/marcboyer/LogicAudioAssistant/.build/xcode-release-reviewfix/Build/Intermediates.noindex/LogicAudioAssistant.build/Release/AgentCore.build/AgentCore.modulemap (in target 'AgentCore' from project 'LogicAudioAssistant' at path '/Users/marcboyer/LogicAudioAssistant/Package.swift')
    cd /Users/marcboyer/LogicAudioAssistant
    builtin-copy -exclude .DS_Store -exclude CVS -exclude .svn -exclude .git -exclude .hg -strip-unsigned-binaries -strip-deterministic -strip-tool /Applications/Xcode.app/Contents/Developer/Toolchains/XcodeDefault.xctoolchain/usr/bin/strip -resolve-src-symlinks /Users/marcboyer/LogicAudioAssistant/.build/xcode-release-reviewfix/Build/Intermediates.noindex/LogicAudioAssistant.build/Release/AgentCore.build/AgentCore.modulemap /Users/marcboyer/LogicAudioAssistant/.build/xcode-release-reviewfix/Build/Intermediates.noindex/GeneratedModuleMaps

ProcessInfoPlistFile /Users/marcboyer/LogicAudioAssistant/.build/xcode-release-reviewfix/Build/Products/Release/LogicAudioAssistant_ProductionTutor.bundle/Contents/Info.plist /Users/marcboyer/LogicAudioAssistant/.build/xcode-release-reviewfix/Build/Intermediates.noindex/LogicAudioAssistant.build/Release/LogicAudioAssistant_ProductionTutor.build/empty-LogicAudioAssistant_ProductionTutor.plist (in target 'LogicAudioAssistant_ProductionTutor' from project 'LogicAudioAssistant' at path '/Users/marcboyer/LogicAudioAssistant/Package.swift')
    cd /Users/marcboyer/LogicAudioAssistant
    builtin-infoPlistUtility /Users/marcboyer/LogicAudioAssistant/.build/xcode-release-reviewfix/Build/Intermediates.noindex/LogicAudioAssistant.build/Release/LogicAudioAssistant_ProductionTutor.build/empty-LogicAudioAssistant_ProductionTutor.plist -producttype com.apple.product-type.bundle -expandbuildsettings -platform macosx -o /Users/marcboyer/LogicAudioAssistant/.build/xcode-release-reviewfix/Build/Products/Release/LogicAudioAssistant_ProductionTutor.bundle/Contents/Info.plist

CpResource /Users/marcboyer/LogicAudioAssistant/.build/xcode-release-reviewfix/Build/Products/Release/LogicAudioAssistant_ProductionTutor.bundle/Contents/Resources/tracksmith-corpus-010-flex-time-manual-timing.json /Users/marcboyer/LogicAudioAssistant/packages/ProductionTutor/Sources/ProductionTutor/Resources/tracksmith-corpus-010-flex-time-manual-timing.json (in target 'LogicAudioAssistant_ProductionTutor' from project 'LogicAudioAssistant' at path '/Users/marcboyer/LogicAudioAssistant/Package.swift')
    cd /Users/marcboyer/LogicAudioAssistant
    builtin-copy -exclude .DS_Store -exclude CVS -exclude .svn -exclude .git -exclude .hg -strip-unsigned-binaries -strip-deterministic -strip-tool /Applications/Xcode.app/Contents/Developer/Toolchains/XcodeDefault.xctoolchain/usr/bin/strip -resolve-src-symlinks /Users/marcboyer/LogicAudioAssistant/packages/ProductionTutor/Sources/ProductionTutor/Resources/tracksmith-corpus-010-flex-time-manual-timing.json /Users/marcboyer/LogicAudioAssistant/.build/xcode-release-reviewfix/Build/Products/Release/LogicAudioAssistant_ProductionTutor.bundle/Contents/Resources

CpResource /Users/marcboyer/LogicAudioAssistant/.build/xcode-release-reviewfix/Build/Products/Release/LogicAudioAssistant_ProductionTutor.bundle/Contents/Resources/tracksmith-corpus-009-gain-staging-bus-processing-loudness.json /Users/marcboyer/LogicAudioAssistant/packages/ProductionTutor/Sources/ProductionTutor/Resources/tracksmith-corpus-009-gain-staging-bus-processing-loudness.json (in target 'LogicAudioAssistant_ProductionTutor' from project 'LogicAudioAssistant' at path '/Users/marcboyer/LogicAudioAssistant/Package.swift')
    cd /Users/marcboyer/LogicAudioAssistant
    builtin-copy -exclude .DS_Store -exclude CVS -exclude .svn -exclude .git -exclude .hg -strip-unsigned-binaries -strip-deterministic -strip-tool /Applications/Xcode.app/Contents/Developer/Toolchains/XcodeDefault.xctoolchain/usr/bin/strip -resolve-src-symlinks /Users/marcboyer/LogicAudioAssistant/packages/ProductionTutor/Sources/ProductionTutor/Resources/tracksmith-corpus-009-gain-staging-bus-processing-loudness.json /Users/marcboyer/LogicAudioAssistant/.build/xcode-release-reviewfix/Build/Products/Release/LogicAudioAssistant_ProductionTutor.bundle/Contents/Resources

CpResource /Users/marcboyer/LogicAudioAssistant/.build/xcode-release-reviewfix/Build/Products/Release/LogicAudioAssistant_ProductionTutor.bundle/Contents/Resources/tracksmith-corpus-008-editing-layering.json /Users/marcboyer/LogicAudioAssistant/packages/ProductionTutor/Sources/ProductionTutor/Resources/tracksmith-corpus-008-editing-layering.json (in target 'LogicAudioAssistant_ProductionTutor' from project 'LogicAudioAssistant' at path '/Users/marcboyer/LogicAudioAssistant/Package.swift')
    cd /Users/marcboyer/LogicAudioAssistant
    builtin-copy -exclude .DS_Store -exclude CVS -exclude .svn -exclude .git -exclude .hg -strip-unsigned-binaries -strip-deterministic -strip-tool /Applications/Xcode.app/Contents/Developer/Toolchains/XcodeDefault.xctoolchain/usr/bin/strip -resolve-src-symlinks /Users/marcboyer/LogicAudioAssistant/packages/ProductionTutor/Sources/ProductionTutor/Resources/tracksmith-corpus-008-editing-layering.json /Users/marcboyer/LogicAudioAssistant/.build/xcode-release-reviewfix/Build/Products/Release/LogicAudioAssistant_ProductionTutor.bundle/Contents/Resources

CpResource /Users/marcboyer/LogicAudioAssistant/.build/xcode-release-reviewfix/Build/Products/Release/LogicAudioAssistant_ProductionTutor.bundle/Contents/Resources/tracksmith-corpus-007-phase-polarity-stereo-imaging-panning.json /Users/marcboyer/LogicAudioAssistant/packages/ProductionTutor/Sources/ProductionTutor/Resources/tracksmith-corpus-007-phase-polarity-stereo-imaging-panning.json (in target 'LogicAudioAssistant_ProductionTutor' from project 'LogicAudioAssistant' at path '/Users/marcboyer/LogicAudioAssistant/Package.swift')
    cd /Users/marcboyer/LogicAudioAssistant
    builtin-copy -exclude .DS_Store -exclude CVS -exclude .svn -exclude .git -exclude .hg -strip-unsigned-binaries -strip-deterministic -strip-tool /Applications/Xcode.app/Contents/Developer/Toolchains/XcodeDefault.xctoolchain/usr/bin/strip -resolve-src-symlinks /Users/marcboyer/LogicAudioAssistant/packages/ProductionTutor/Sources/ProductionTutor/Resources/tracksmith-corpus-007-phase-polarity-stereo-imaging-panning.json /Users/marcboyer/LogicAudioAssistant/.build/xcode-release-reviewfix/Build/Products/Release/LogicAudioAssistant_ProductionTutor.bundle/Contents/Resources

CpResource /Users/marcboyer/LogicAudioAssistant/.build/xcode-release-reviewfix/Build/Products/Release/LogicAudioAssistant_ProductionTutor.bundle/Contents/Resources/tracksmith-corpus-006-saturation-transient-shaping.json /Users/marcboyer/LogicAudioAssistant/packages/ProductionTutor/Sources/ProductionTutor/Resources/tracksmith-corpus-006-saturation-transient-shaping.json (in target 'LogicAudioAssistant_ProductionTutor' from project 'LogicAudioAssistant' at path '/Users/marcboyer/LogicAudioAssistant/Package.swift')
    cd /Users/marcboyer/LogicAudioAssistant
    builtin-copy -exclude .DS_Store -exclude CVS -exclude .svn -exclude .git -exclude .hg -strip-unsigned-binaries -strip-deterministic -strip-tool /Applications/Xcode.app/Contents/Developer/Toolchains/XcodeDefault.xctoolchain/usr/bin/strip -resolve-src-symlinks /Users/marcboyer/LogicAudioAssistant/packages/ProductionTutor/Sources/ProductionTutor/Resources/tracksmith-corpus-006-saturation-transient-shaping.json /Users/marcboyer/LogicAudioAssistant/.build/xcode-release-reviewfix/Build/Products/Release/LogicAudioAssistant_ProductionTutor.bundle/Contents/Resources

CpResource /Users/marcboyer/LogicAudioAssistant/.build/xcode-release-reviewfix/Build/Products/Release/LogicAudioAssistant_ProductionTutor.bundle/Contents/Resources/tracksmith-corpus-005-automation.json /Users/marcboyer/LogicAudioAssistant/packages/ProductionTutor/Sources/ProductionTutor/Resources/tracksmith-corpus-005-automation.json (in target 'LogicAudioAssistant_ProductionTutor' from project 'LogicAudioAssistant' at path '/Users/marcboyer/LogicAudioAssistant/Package.swift')
    cd /Users/marcboyer/LogicAudioAssistant
    builtin-copy -exclude .DS_Store -exclude CVS -exclude .svn -exclude .git -exclude .hg -strip-unsigned-binaries -strip-deterministic -strip-tool /Applications/Xcode.app/Contents/Developer/Toolchains/XcodeDefault.xctoolchain/usr/bin/strip -resolve-src-symlinks /Users/marcboyer/LogicAudioAssistant/packages/ProductionTutor/Sources/ProductionTutor/Resources/tracksmith-corpus-005-automation.json /Users/marcboyer/LogicAudioAssistant/.build/xcode-release-reviewfix/Build/Products/Release/LogicAudioAssistant_ProductionTutor.bundle/Contents/Resources

CpResource /Users/marcboyer/LogicAudioAssistant/.build/xcode-release-reviewfix/Build/Products/Release/LogicAudioAssistant_ProductionTutor.bundle/Contents/Resources/community-vocal-quantization-v1.json /Users/marcboyer/LogicAudioAssistant/packages/ProductionTutor/Sources/ProductionTutor/Resources/community-vocal-quantization-v1.json (in target 'LogicAudioAssistant_ProductionTutor' from project 'LogicAudioAssistant' at path '/Users/marcboyer/LogicAudioAssistant/Package.swift')
    cd /Users/marcboyer/LogicAudioAssistant
    builtin-copy -exclude .DS_Store -exclude CVS -exclude .svn -exclude .git -exclude .hg -strip-unsigned-binaries -strip-deterministic -strip-tool /Applications/Xcode.app/Contents/Developer/Toolchains/XcodeDefault.xctoolchain/usr/bin/strip -resolve-src-symlinks /Users/marcboyer/LogicAudioAssistant/packages/ProductionTutor/Sources/ProductionTutor/Resources/community-vocal-quantization-v1.json /Users/marcboyer/LogicAudioAssistant/.build/xcode-release-reviewfix/Build/Products/Release/LogicAudioAssistant_ProductionTutor.bundle/Contents/Resources

CpResource /Users/marcboyer/LogicAudioAssistant/.build/xcode-release-reviewfix/Build/Products/Release/LogicAudioAssistant_ProductionTutor.bundle/Contents/Resources/community-reverb-delay-v1.json /Users/marcboyer/LogicAudioAssistant/packages/ProductionTutor/Sources/ProductionTutor/Resources/community-reverb-delay-v1.json (in target 'LogicAudioAssistant_ProductionTutor' from project 'LogicAudioAssistant' at path '/Users/marcboyer/LogicAudioAssistant/Package.swift')
    cd /Users/marcboyer/LogicAudioAssistant
    builtin-copy -exclude .DS_Store -exclude CVS -exclude .svn -exclude .git -exclude .hg -strip-unsigned-binaries -strip-deterministic -strip-tool /Applications/Xcode.app/Contents/Developer/Toolchains/XcodeDefault.xctoolchain/usr/bin/strip -resolve-src-symlinks /Users/marcboyer/LogicAudioAssistant/packages/ProductionTutor/Sources/ProductionTutor/Resources/community-reverb-delay-v1.json /Users/marcboyer/LogicAudioAssistant/.build/xcode-release-reviewfix/Build/Products/Release/LogicAudioAssistant_ProductionTutor.bundle/Contents/Resources

CpResource /Users/marcboyer/LogicAudioAssistant/.build/xcode-release-reviewfix/Build/Products/Release/LogicAudioAssistant_ProductionTutor.bundle/Contents/Resources/community-level-balancing-eq-v1.json /Users/marcboyer/LogicAudioAssistant/packages/ProductionTutor/Sources/ProductionTutor/Resources/community-level-balancing-eq-v1.json (in target 'LogicAudioAssistant_ProductionTutor' from project 'LogicAudioAssistant' at path '/Users/marcboyer/LogicAudioAssistant/Package.swift')
    cd /Users/marcboyer/LogicAudioAssistant
    builtin-copy -exclude .DS_Store -exclude CVS -exclude .svn -exclude .git -exclude .hg -strip-unsigned-binaries -strip-deterministic -strip-tool /Applications/Xcode.app/Contents/Developer/Toolchains/XcodeDefault.xctoolchain/usr/bin/strip -resolve-src-symlinks /Users/marcboyer/LogicAudioAssistant/packages/ProductionTutor/Sources/ProductionTutor/Resources/community-level-balancing-eq-v1.json /Users/marcboyer/LogicAudioAssistant/.build/xcode-release-reviewfix/Build/Products/Release/LogicAudioAssistant_ProductionTutor.bundle/Contents/Resources

CpResource /Users/marcboyer/LogicAudioAssistant/.build/xcode-release-reviewfix/Build/Products/Release/LogicAudioAssistant_ProductionTutor.bundle/Contents/Resources/community-compression-arrangement-frequency-allocation-v1.json /Users/marcboyer/LogicAudioAssistant/packages/ProductionTutor/Sources/ProductionTutor/Resources/community-compression-arrangement-frequency-allocation-v1.json (in target 'LogicAudioAssistant_ProductionTutor' from project 'LogicAudioAssistant' at path '/Users/marcboyer/LogicAudioAssistant/Package.swift')
    cd /Users/marcboyer/LogicAudioAssistant
    builtin-copy -exclude .DS_Store -exclude CVS -exclude .svn -exclude .git -exclude .hg -strip-unsigned-binaries -strip-deterministic -strip-tool /Applications/Xcode.app/Contents/Developer/Toolchains/XcodeDefault.xctoolchain/usr/bin/strip -resolve-src-symlinks /Users/marcboyer/LogicAudioAssistant/packages/ProductionTutor/Sources/ProductionTutor/Resources/community-compression-arrangement-frequency-allocation-v1.json /Users/marcboyer/LogicAudioAssistant/.build/xcode-release-reviewfix/Build/Products/Release/LogicAudioAssistant_ProductionTutor.bundle/Contents/Resources

RegisterExecutionPolicyException /Users/marcboyer/LogicAudioAssistant/.build/xcode-release-reviewfix/Build/Products/Release/LogicAudioAssistant_ProductionTutor.bundle (in target 'LogicAudioAssistant_ProductionTutor' from project 'LogicAudioAssistant' at path '/Users/marcboyer/LogicAudioAssistant/Package.swift')
    cd /Users/marcboyer/LogicAudioAssistant
    builtin-RegisterExecutionPolicyException /Users/marcboyer/LogicAudioAssistant/.build/xcode-release-reviewfix/Build/Products/Release/LogicAudioAssistant_ProductionTutor.bundle

Touch /Users/marcboyer/LogicAudioAssistant/.build/xcode-release-reviewfix/Build/Products/Release/LogicAudioAssistant_ProductionTutor.bundle (in target 'LogicAudioAssistant_ProductionTutor' from project 'LogicAudioAssistant' at path '/Users/marcboyer/LogicAudioAssistant/Package.swift')
    cd /Users/marcboyer/LogicAudioAssistant
    /usr/bin/touch -c /Users/marcboyer/LogicAudioAssistant/.build/xcode-release-reviewfix/Build/Products/Release/LogicAudioAssistant_ProductionTutor.bundle

SwiftDriver PreviewAudition normal arm64 com.apple.xcode.tools.swift.compiler (in target 'PreviewAudition' from project 'LogicAudioAssistant' at path '/Users/marcboyer/LogicAudioAssistant/Package.swift')
    cd /Users/marcboyer/LogicAudioAssistant/LogicAudioAssistant.xcodeproj
    builtin-SwiftDriver -- /Applications/Xcode.app/Contents/Developer/Toolchains/XcodeDefault.xctoolchain/usr/bin/swiftc -module-name PreviewAudition -O -whole-module-optimization @/Users/marcboyer/LogicAudioAssistant/.build/xcode-release-reviewfix/Build/Intermediates.noindex/LogicAudioAssistant.build/Release/PreviewAudition.build/Objects-normal/arm64/PreviewAudition.SwiftFileList -DSWIFT_PACKAGE -DSWIFT_MODULE_RESOURCE_BUNDLE_UNAVAILABLE -DXcode -plugin-path /Applications/Xcode.app/Contents/Developer/Toolchains/XcodeDefault.xctoolchain/usr/lib/swift/host/plugins/testing -enable-experimental-feature DebugDescriptionMacro -sdk /Applications/Xcode.app/Contents/Developer/Platforms/MacOSX.platform/Developer/SDKs/MacOSX26.5.sdk -target arm64-apple-macos14.0 -g -module-cache-path /Users/marcboyer/LogicAudioAssistant/.build/xcode-release-reviewfix/ModuleCache.noindex -Xfrontend -serialize-debugging-options -swift-version 6 -I /Users/marcboyer/LogicAudioAssistant/.build/xcode-release-reviewfix/Build/Products/Release -Isystem /Applications/Xcode.app/Contents/Developer/Platforms/MacOSX.platform/Developer/usr/lib -F /Users/marcboyer/LogicAudioAssistant/.build/xcode-release-reviewfix/Build/Products/Release -F /Applications/Xcode.app/Contents/Developer/Platforms/MacOSX.platform/Developer/Library/Frameworks -parse-as-library -c -num-threads 10 -Xcc -ivfsstatcache -Xcc /Users/marcboyer/LogicAudioAssistant/.build/xcode-release-reviewfix/SDKStatCaches.noindex/macosx26.5-25F70-e082c4a02f00227109f4ed75e425c832.sdkstatcache -output-file-map /Users/marcboyer/LogicAudioAssistant/.build/xcode-release-reviewfix/Build/Intermediates.noindex/LogicAudioAssistant.build/Release/PreviewAudition.build/Objects-normal/arm64/PreviewAudition-OutputFileMap.json -use-frontend-parseable-output -save-temps -no-color-diagnostics -explicit-module-build -module-cache-path /Users/marcboyer/LogicAudioAssistant/.build/xcode-release-reviewfix/Build/Intermediates.noindex/SwiftExplicitPrecompiledModules -clang-scanner-module-cache-path /Users/marcboyer/LogicAudioAssistant/.build/xcode-release-reviewfix/ModuleCache.noindex -sdk-module-cache-path /Users/marcboyer/LogicAudioAssistant/.build/xcode-release-reviewfix/ModuleCache.noindex -serialize-diagnostics -emit-dependencies -emit-module -emit-module-path /Users/marcboyer/LogicAudioAssistant/.build/xcode-release-reviewfix/Build/Intermediates.noindex/LogicAudioAssistant.build/Release/PreviewAudition.build/Objects-normal/arm64/PreviewAudition.swiftmodule -validate-clang-modules-once -clang-build-session-file /Users/marcboyer/LogicAudioAssistant/.build/xcode-release-reviewfix/ModuleCache.noindex/Session.modulevalidation -package-name logicaudioassistant -Xcc -I/Users/marcboyer/LogicAudioAssistant/.build/xcode-release-reviewfix/Build/Intermediates.noindex/LogicAudioAssistant.build/Release/PreviewAudition.build/swift-overrides.hmap -emit-const-values -Xfrontend -const-gather-protocols-file -Xfrontend /Users/marcboyer/LogicAudioAssistant/.build/xcode-release-reviewfix/Build/Intermediates.noindex/LogicAudioAssistant.build/Release/PreviewAudition.build/Objects-normal/arm64/PreviewAudition_const_extract_protocols.json -Xcc -I/Users/marcboyer/LogicAudioAssistant/.build/xcode-release-reviewfix/Build/Products/Release/include -Xcc -I/Users/marcboyer/LogicAudioAssistant/.build/xcode-release-reviewfix/Build/Intermediates.noindex/LogicAudioAssistant.build/Release/PreviewAudition.build/DerivedSources-normal/arm64 -Xcc -I/Users/marcboyer/LogicAudioAssistant/.build/xcode-release-reviewfix/Build/Intermediates.noindex/LogicAudioAssistant.build/Release/PreviewAudition.build/DerivedSources/arm64 -Xcc -I/Users/marcboyer/LogicAudioAssistant/.build/xcode-release-reviewfix/Build/Intermediates.noindex/LogicAudioAssistant.build/Release/PreviewAudition.build/DerivedSources -Xcc -DSWIFT_PACKAGE -emit-objc-header -emit-objc-header-path /Users/marcboyer/LogicAudioAssistant/.build/xcode-release-reviewfix/Build/Intermediates.noindex/LogicAudioAssistant.build/Release/PreviewAudition.build/Objects-normal/arm64/PreviewAudition-Swift.h -working-directory /Users/marcboyer/LogicAudioAssistant/LogicAudioAssistant.xcodeproj -no-emit-module-separately-wmo

ScanDependencies /Users/marcboyer/LogicAudioAssistant/.build/xcode-release-reviewfix/Build/Intermediates.noindex/LogicAudioAssistant.build/Release/CAtomics.build/Objects-normal/arm64/CAtomics.o /Users/marcboyer/LogicAudioAssistant/packages/CAtomics/CAtomics.c normal arm64 c com.apple.compilers.llvm.clang.1_0.compiler (in target 'CAtomics' from project 'LogicAudioAssistant' at path '/Users/marcboyer/LogicAudioAssistant/Package.swift')
    cd /Users/marcboyer/LogicAudioAssistant/LogicAudioAssistant.xcodeproj
    
    Using response file: /Users/marcboyer/LogicAudioAssistant/.build/xcode-release-reviewfix/Build/Intermediates.noindex/LogicAudioAssistant.build/Release/CAtomics.build/Objects-normal/arm64/7187679823f38a2a940e0043cdf9d637-common-args.resp
    
    builtin-ScanDependencies -o /Users/marcboyer/LogicAudioAssistant/.build/xcode-release-reviewfix/Build/Intermediates.noindex/LogicAudioAssistant.build/Release/CAtomics.build/Objects-normal/arm64/CAtomics.o.scan -- /Applications/Xcode.app/Contents/Developer/Toolchains/XcodeDefault.xctoolchain/usr/bin/clang -x c -ivfsstatcache /Users/marcboyer/LogicAudioAssistant/.build/xcode-release-reviewfix/SDKStatCaches.noindex/macosx26.5-25F70-e082c4a02f00227109f4ed75e425c832.sdkstatcache -target arm64-apple-macos14.0 -fmessage-length\=0 -fdiagnostics-show-note-include-stack -fmacro-backtrace-limit\=0 -fno-color-diagnostics -fmodules-prune-interval\=86400 -fmodules-prune-after\=345600 -fbuild-session-file\=/Users/marcboyer/LogicAudioAssistant/.build/xcode-release-reviewfix/ModuleCache.noindex/Session.modulevalidation -fmodules-validate-once-per-build-session -Wnon-modular-include-in-framework-module -Werror\=non-modular-include-in-framework-module -Wno-trigraphs -Wno-missing-field-initializers -Wno-missing-prototypes -Wno-return-type -Wno-missing-braces -Wparentheses -Wswitch -Wno-unused-function -Wno-unused-label -Wno-unused-parameter -Wno-unused-variable -Wunused-value -Wno-empty-body -Wno-uninitialized -Wno-unknown-pragmas -Wno-shadow -Wno-four-char-constants -Wno-conversion -Wno-constant-conversion -Wno-int-conversion -Wno-bool-conversion -Wno-enum-conversion -Wno-float-conversion -Wno-non-literal-null-conversion -Wno-objc-literal-conversion -Wshorten-64-to-32 -Wpointer-sign -Wno-newline-eof -Wno-implicit-fallthrough -isysroot /Applications/Xcode.app/Contents/Developer/Platforms/MacOSX.platform/Developer/SDKs/MacOSX26.5.sdk -fstrict-aliasing -Wdeprecated-declarations -Wno-sign-conversion -Wno-infinite-recursion -Wno-comma -Wno-block-capture-autoreleasing -Wno-strict-prototypes -Wno-semicolon-before-method-body @/Users/marcboyer/LogicAudioAssistant/.build/xcode-release-reviewfix/Build/Intermediates.noindex/LogicAudioAssistant.build/Release/CAtomics.build/Objects-normal/arm64/7187679823f38a2a940e0043cdf9d637-common-args.resp -MMD -MT dependencies -MF /Users/marcboyer/LogicAudioAssistant/.build/xcode-release-reviewfix/Build/Intermediates.noindex/LogicAudioAssistant.build/Release/CAtomics.build/Objects-normal/arm64/CAtomics.d --serialize-diagnostics /Users/marcboyer/LogicAudioAssistant/.build/xcode-release-reviewfix/Build/Intermediates.noindex/LogicAudioAssistant.build/Release/CAtomics.build/Objects-normal/arm64/CAtomics.dia -c /Users/marcboyer/LogicAudioAssistant/packages/CAtomics/CAtomics.c -o /Users/marcboyer/LogicAudioAssistant/.build/xcode-release-reviewfix/Build/Intermediates.noindex/LogicAudioAssistant.build/Release/CAtomics.build/Objects-normal/arm64/CAtomics.o

SwiftDriver PlanSchema normal arm64 com.apple.xcode.tools.swift.compiler (in target 'PlanSchema' from project 'LogicAudioAssistant' at path '/Users/marcboyer/LogicAudioAssistant/Package.swift')
    cd /Users/marcboyer/LogicAudioAssistant/LogicAudioAssistant.xcodeproj
    builtin-SwiftDriver -- /Applications/Xcode.app/Contents/Developer/Toolchains/XcodeDefault.xctoolchain/usr/bin/swiftc -module-name PlanSchema -O -whole-module-optimization @/Users/marcboyer/LogicAudioAssistant/.build/xcode-release-reviewfix/Build/Intermediates.noindex/LogicAudioAssistant.build/Release/PlanSchema.build/Objects-normal/arm64/PlanSchema.SwiftFileList -DSWIFT_PACKAGE -DSWIFT_MODULE_RESOURCE_BUNDLE_UNAVAILABLE -DXcode -plugin-path /Applications/Xcode.app/Contents/Developer/Toolchains/XcodeDefault.xctoolchain/usr/lib/swift/host/plugins/testing -enable-experimental-feature DebugDescriptionMacro -sdk /Applications/Xcode.app/Contents/Developer/Platforms/MacOSX.platform/Developer/SDKs/MacOSX26.5.sdk -target arm64-apple-macos14.0 -g -module-cache-path /Users/marcboyer/LogicAudioAssistant/.build/xcode-release-reviewfix/ModuleCache.noindex -Xfrontend -serialize-debugging-options -swift-version 6 -I /Users/marcboyer/LogicAudioAssistant/.build/xcode-release-reviewfix/Build/Products/Release -Isystem /Applications/Xcode.app/Contents/Developer/Platforms/MacOSX.platform/Developer/usr/lib -F /Users/marcboyer/LogicAudioAssistant/.build/xcode-release-reviewfix/Build/Products/Release -F /Applications/Xcode.app/Contents/Developer/Platforms/MacOSX.platform/Developer/Library/Frameworks -c -num-threads 10 -Xcc -ivfsstatcache -Xcc /Users/marcboyer/LogicAudioAssistant/.build/xcode-release-reviewfix/SDKStatCaches.noindex/macosx26.5-25F70-e082c4a02f00227109f4ed75e425c832.sdkstatcache -output-file-map /Users/marcboyer/LogicAudioAssistant/.build/xcode-release-reviewfix/Build/Intermediates.noindex/LogicAudioAssistant.build/Release/PlanSchema.build/Objects-normal/arm64/PlanSchema-OutputFileMap.json -use-frontend-parseable-output -save-temps -no-color-diagnostics -explicit-module-build -module-cache-path /Users/marcboyer/LogicAudioAssistant/.build/xcode-release-reviewfix/Build/Intermediates.noindex/SwiftExplicitPrecompiledModules -clang-scanner-module-cache-path /Users/marcboyer/LogicAudioAssistant/.build/xcode-release-reviewfix/ModuleCache.noindex -sdk-module-cache-path /Users/marcboyer/LogicAudioAssistant/.build/xcode-release-reviewfix/ModuleCache.noindex -serialize-diagnostics -emit-dependencies -emit-module -emit-module-path /Users/marcboyer/LogicAudioAssistant/.build/xcode-release-reviewfix/Build/Intermediates.noindex/LogicAudioAssistant.build/Release/PlanSchema.build/Objects-normal/arm64/PlanSchema.swiftmodule -validate-clang-modules-once -clang-build-session-file /Users/marcboyer/LogicAudioAssistant/.build/xcode-release-reviewfix/ModuleCache.noindex/Session.modulevalidation -package-name logicaudioassistant -Xcc -I/Users/marcboyer/LogicAudioAssistant/.build/xcode-release-reviewfix/Build/Intermediates.noindex/LogicAudioAssistant.build/Release/PlanSchema.build/swift-overrides.hmap -emit-const-values -Xfrontend -const-gather-protocols-file -Xfrontend /Users/marcboyer/LogicAudioAssistant/.build/xcode-release-reviewfix/Build/Intermediates.noindex/LogicAudioAssistant.build/Release/PlanSchema.build/Objects-normal/arm64/PlanSchema_const_extract_protocols.json -Xcc -I/Users/marcboyer/LogicAudioAssistant/.build/xcode-release-reviewfix/Build/Products/Release/include -Xcc -I/Users/marcboyer/LogicAudioAssistant/.build/xcode-release-reviewfix/Build/Intermediates.noindex/LogicAudioAssistant.build/Release/PlanSchema.build/DerivedSources-normal/arm64 -Xcc -I/Users/marcboyer/LogicAudioAssistant/.build/xcode-release-reviewfix/Build/Intermediates.noindex/LogicAudioAssistant.build/Release/PlanSchema.build/DerivedSources/arm64 -Xcc -I/Users/marcboyer/LogicAudioAssistant/.build/xcode-release-reviewfix/Build/Intermediates.noindex/LogicAudioAssistant.build/Release/PlanSchema.build/DerivedSources -Xcc -DSWIFT_PACKAGE -emit-objc-header -emit-objc-header-path /Users/marcboyer/LogicAudioAssistant/.build/xcode-release-reviewfix/Build/Intermediates.noindex/LogicAudioAssistant.build/Release/PlanSchema.build/Objects-normal/arm64/PlanSchema-Swift.h -working-directory /Users/marcboyer/LogicAudioAssistant/LogicAudioAssistant.xcodeproj -no-emit-module-separately-wmo

PrecompileModule /Users/marcboyer/LogicAudioAssistant/.build/xcode-release-reviewfix/Build/Intermediates.noindex/ExplicitPrecompiledModules/ptrcheck-APOE0IP0K8SVGWURH8O1LT99C.scan
    cd /
    builtin-precompileModule /Users/marcboyer/LogicAudioAssistant/.build/xcode-release-reviewfix/Build/Intermediates.noindex/ExplicitPrecompiledModules/ptrcheck-APOE0IP0K8SVGWURH8O1LT99C.scan

PrecompileModule /Users/marcboyer/LogicAudioAssistant/.build/xcode-release-reviewfix/Build/Intermediates.noindex/ExplicitPrecompiledModules/_Builtin_stddef-BN9YFEGMDBI9BWT0NB0WZY84A.scan
    cd /
    builtin-precompileModule /Users/marcboyer/LogicAudioAssistant/.build/xcode-release-reviewfix/Build/Intermediates.noindex/ExplicitPrecompiledModules/_Builtin_stddef-BN9YFEGMDBI9BWT0NB0WZY84A.scan

PrecompileModule /Users/marcboyer/LogicAudioAssistant/.build/xcode-release-reviewfix/Build/Intermediates.noindex/ExplicitPrecompiledModules/_AvailabilityInternal-DDMYHX68C4DYLB9L4KZZX51LJ.scan
    cd /
    builtin-precompileModule /Users/marcboyer/LogicAudioAssistant/.build/xcode-release-reviewfix/Build/Intermediates.noindex/ExplicitPrecompiledModules/_AvailabilityInternal-DDMYHX68C4DYLB9L4KZZX51LJ.scan

PrecompileModule /Users/marcboyer/LogicAudioAssistant/.build/xcode-release-reviewfix/Build/Intermediates.noindex/ExplicitPrecompiledModules/_Builtin_stdarg-9Z5EXX39B10RZSG5PYBT43WDD.scan
    cd /
    builtin-precompileModule /Users/marcboyer/LogicAudioAssistant/.build/xcode-release-reviewfix/Build/Intermediates.noindex/ExplicitPrecompiledModules/_Builtin_stdarg-9Z5EXX39B10RZSG5PYBT43WDD.scan

PrecompileModule /Users/marcboyer/LogicAudioAssistant/.build/xcode-release-reviewfix/Build/Intermediates.noindex/ExplicitPrecompiledModules/_DarwinFoundation1-EIUZWVC2FYOFL4KPVGDUMGS8R.scan
    cd /
    builtin-precompileModule /Users/marcboyer/LogicAudioAssistant/.build/xcode-release-reviewfix/Build/Intermediates.noindex/ExplicitPrecompiledModules/_DarwinFoundation1-EIUZWVC2FYOFL4KPVGDUMGS8R.scan

PrecompileModule /Users/marcboyer/LogicAudioAssistant/.build/xcode-release-reviewfix/Build/Intermediates.noindex/ExplicitPrecompiledModules/_DarwinFoundation2-2XJY0T1ZD7P1N7NZFE49NS6LF.scan
    cd /
    builtin-precompileModule /Users/marcboyer/LogicAudioAssistant/.build/xcode-release-reviewfix/Build/Intermediates.noindex/ExplicitPrecompiledModules/_DarwinFoundation2-2XJY0T1ZD7P1N7NZFE49NS6LF.scan

PrecompileModule /Users/marcboyer/LogicAudioAssistant/.build/xcode-release-reviewfix/Build/Intermediates.noindex/ExplicitPrecompiledModules/_Builtin_stdint-88YBUEZKCASM9MIK2FSQOATTK.scan
    cd /
    builtin-precompileModule /Users/marcboyer/LogicAudioAssistant/.build/xcode-release-reviewfix/Build/Intermediates.noindex/ExplicitPrecompiledModules/_Builtin_stdint-88YBUEZKCASM9MIK2FSQOATTK.scan

PrecompileModule /Users/marcboyer/LogicAudioAssistant/.build/xcode-release-reviewfix/Build/Intermediates.noindex/ExplicitPrecompiledModules/_DarwinFoundation3-AFDGK87DK7V4YLGA2YYD8LVVG.scan
    cd /
    builtin-precompileModule /Users/marcboyer/LogicAudioAssistant/.build/xcode-release-reviewfix/Build/Intermediates.noindex/ExplicitPrecompiledModules/_DarwinFoundation3-AFDGK87DK7V4YLGA2YYD8LVVG.scan

PrecompileModule /Users/marcboyer/LogicAudioAssistant/.build/xcode-release-reviewfix/Build/Intermediates.noindex/ExplicitPrecompiledModules/_Builtin_stdatomic-9GI64USPTUL2XZK8LO8ZZ1P6C.scan
    cd /
    builtin-precompileModule /Users/marcboyer/LogicAudioAssistant/.build/xcode-release-reviewfix/Build/Intermediates.noindex/ExplicitPrecompiledModules/_Builtin_stdatomic-9GI64USPTUL2XZK8LO8ZZ1P6C.scan

CompileC /Users/marcboyer/LogicAudioAssistant/.build/xcode-release-reviewfix/Build/Intermediates.noindex/LogicAudioAssistant.build/Release/CAtomics.build/Objects-normal/arm64/CAtomics.o /Users/marcboyer/LogicAudioAssistant/packages/CAtomics/CAtomics.c normal arm64 c com.apple.compilers.llvm.clang.1_0.compiler (in target 'CAtomics' from project 'LogicAudioAssistant' at path '/Users/marcboyer/LogicAudioAssistant/Package.swift')
    cd /Users/marcboyer/LogicAudioAssistant/LogicAudioAssistant.xcodeproj
    
    Using response file: /Users/marcboyer/LogicAudioAssistant/.build/xcode-release-reviewfix/Build/Intermediates.noindex/LogicAudioAssistant.build/Release/CAtomics.build/Objects-normal/arm64/7187679823f38a2a940e0043cdf9d637-common-args.resp
    
    /Applications/Xcode.app/Contents/Developer/Toolchains/XcodeDefault.xctoolchain/usr/bin/clang -x c -ivfsstatcache /Users/marcboyer/LogicAudioAssistant/.build/xcode-release-reviewfix/SDKStatCaches.noindex/macosx26.5-25F70-e082c4a02f00227109f4ed75e425c832.sdkstatcache -target arm64-apple-macos14.0 -fmessage-length\=0 -fdiagnostics-show-note-include-stack -fmacro-backtrace-limit\=0 -fno-color-diagnostics -fmodules-prune-interval\=86400 -fmodules-prune-after\=345600 -fbuild-session-file\=/Users/marcboyer/LogicAudioAssistant/.build/xcode-release-reviewfix/ModuleCache.noindex/Session.modulevalidation -fmodules-validate-once-per-build-session -Wnon-modular-include-in-framework-module -Werror\=non-modular-include-in-framework-module -Wno-trigraphs -Wno-missing-field-initializers -Wno-missing-prototypes -Wno-return-type -Wno-missing-braces -Wparentheses -Wswitch -Wno-unused-function -Wno-unused-label -Wno-unused-parameter -Wno-unused-variable -Wunused-value -Wno-empty-body -Wno-uninitialized -Wno-unknown-pragmas -Wno-shadow -Wno-four-char-constants -Wno-conversion -Wno-constant-conversion -Wno-int-conversion -Wno-bool-conversion -Wno-enum-conversion -Wno-float-conversion -Wno-non-literal-null-conversion -Wno-objc-literal-conversion -Wshorten-64-to-32 -Wpointer-sign -Wno-newline-eof -Wno-implicit-fallthrough -isysroot /Applications/Xcode.app/Contents/Developer/Platforms/MacOSX.platform/Developer/SDKs/MacOSX26.5.sdk -fstrict-aliasing -Wdeprecated-declarations -Wno-sign-conversion -Wno-infinite-recursion -Wno-comma -Wno-block-capture-autoreleasing -Wno-strict-prototypes -Wno-semicolon-before-method-body @/Users/marcboyer/LogicAudioAssistant/.build/xcode-release-reviewfix/Build/Intermediates.noindex/LogicAudioAssistant.build/Release/CAtomics.build/Objects-normal/arm64/7187679823f38a2a940e0043cdf9d637-common-args.resp -MMD -MT dependencies -MF /Users/marcboyer/LogicAudioAssistant/.build/xcode-release-reviewfix/Build/Intermediates.noindex/LogicAudioAssistant.build/Release/CAtomics.build/Objects-normal/arm64/CAtomics.d --serialize-diagnostics /Users/marcboyer/LogicAudioAssistant/.build/xcode-release-reviewfix/Build/Intermediates.noindex/LogicAudioAssistant.build/Release/CAtomics.build/Objects-normal/arm64/CAtomics.dia -c /Users/marcboyer/LogicAudioAssistant/packages/CAtomics/CAtomics.c -o /Users/marcboyer/LogicAudioAssistant/.build/xcode-release-reviewfix/Build/Intermediates.noindex/LogicAudioAssistant.build/Release/CAtomics.build/Objects-normal/arm64/CAtomics.o

Ld /Users/marcboyer/LogicAudioAssistant/.build/xcode-release-reviewfix/Build/Products/Release/CAtomics.o normal (in target 'CAtomics' from project 'LogicAudioAssistant' at path '/Users/marcboyer/LogicAudioAssistant/Package.swift')
    cd /Users/marcboyer/LogicAudioAssistant
    /Applications/Xcode.app/Contents/Developer/Toolchains/XcodeDefault.xctoolchain/usr/bin/clang -Xlinker -reproducible -target arm64-apple-macos14.0 -r -isysroot /Applications/Xcode.app/Contents/Developer/Platforms/MacOSX.platform/Developer/SDKs/MacOSX26.5.sdk -Os -F/Users/marcboyer/LogicAudioAssistant/.build/xcode-release-reviewfix/Build/Intermediates.noindex/EagerLinkingTBDs/Release -F/Users/marcboyer/LogicAudioAssistant/.build/xcode-release-reviewfix/Build/Products/Release -iframework /Applications/Xcode.app/Contents/Developer/Platforms/MacOSX.platform/Developer/Library/Frameworks -filelist /Users/marcboyer/LogicAudioAssistant/.build/xcode-release-reviewfix/Build/Intermediates.noindex/LogicAudioAssistant.build/Release/CAtomics.build/Objects-normal/arm64/CAtomics.LinkFileList -nostdlib -Xlinker -object_path_lto -Xlinker /Users/marcboyer/LogicAudioAssistant/.build/xcode-release-reviewfix/Build/Intermediates.noindex/LogicAudioAssistant.build/Release/CAtomics.build/Objects-normal/arm64/CAtomics_lto.o -Xlinker -dependency_info -Xlinker /Users/marcboyer/LogicAudioAssistant/.build/xcode-release-reviewfix/Build/Intermediates.noindex/LogicAudioAssistant.build/Release/CAtomics.build/Objects-normal/arm64/CAtomics_dependency_info.dat -o /Users/marcboyer/LogicAudioAssistant/.build/xcode-release-reviewfix/Build/Products/Release/CAtomics.o

RegisterExecutionPolicyException /Users/marcboyer/LogicAudioAssistant/.build/xcode-release-reviewfix/Build/Products/Release/CAtomics.o (in target 'CAtomics' from project 'LogicAudioAssistant' at path '/Users/marcboyer/LogicAudioAssistant/Package.swift')
    cd /Users/marcboyer/LogicAudioAssistant
    builtin-RegisterExecutionPolicyException /Users/marcboyer/LogicAudioAssistant/.build/xcode-release-reviewfix/Build/Products/Release/CAtomics.o

SwiftDriver\ Compilation PlanSchema normal arm64 com.apple.xcode.tools.swift.compiler (in target 'PlanSchema' from project 'LogicAudioAssistant' at path '/Users/marcboyer/LogicAudioAssistant/Package.swift')
    cd /Users/marcboyer/LogicAudioAssistant/LogicAudioAssistant.xcodeproj
    builtin-Swift-Compilation -- /Applications/Xcode.app/Contents/Developer/Toolchains/XcodeDefault.xctoolchain/usr/bin/swiftc -module-name PlanSchema -O -whole-module-optimization @/Users/marcboyer/LogicAudioAssistant/.build/xcode-release-reviewfix/Build/Intermediates.noindex/LogicAudioAssistant.build/Release/PlanSchema.build/Objects-normal/arm64/PlanSchema.SwiftFileList -DSWIFT_PACKAGE -DSWIFT_MODULE_RESOURCE_BUNDLE_UNAVAILABLE -DXcode -plugin-path /Applications/Xcode.app/Contents/Developer/Toolchains/XcodeDefault.xctoolchain/usr/lib/swift/host/plugins/testing -enable-experimental-feature DebugDescriptionMacro -sdk /Applications/Xcode.app/Contents/Developer/Platforms/MacOSX.platform/Developer/SDKs/MacOSX26.5.sdk -target arm64-apple-macos14.0 -g -module-cache-path /Users/marcboyer/LogicAudioAssistant/.build/xcode-release-reviewfix/ModuleCache.noindex -Xfrontend -serialize-debugging-options -swift-version 6 -I /Users/marcboyer/LogicAudioAssistant/.build/xcode-release-reviewfix/Build/Products/Release -Isystem /Applications/Xcode.app/Contents/Developer/Platforms/MacOSX.platform/Developer/usr/lib -F /Users/marcboyer/LogicAudioAssistant/.build/xcode-release-reviewfix/Build/Products/Release -F /Applications/Xcode.app/Contents/Developer/Platforms/MacOSX.platform/Developer/Library/Frameworks -c -num-threads 10 -Xcc -ivfsstatcache -Xcc /Users/marcboyer/LogicAudioAssistant/.build/xcode-release-reviewfix/SDKStatCaches.noindex/macosx26.5-25F70-e082c4a02f00227109f4ed75e425c832.sdkstatcache -output-file-map /Users/marcboyer/LogicAudioAssistant/.build/xcode-release-reviewfix/Build/Intermediates.noindex/LogicAudioAssistant.build/Release/PlanSchema.build/Objects-normal/arm64/PlanSchema-OutputFileMap.json -use-frontend-parseable-output -save-temps -no-color-diagnostics -explicit-module-build -module-cache-path /Users/marcboyer/LogicAudioAssistant/.build/xcode-release-reviewfix/Build/Intermediates.noindex/SwiftExplicitPrecompiledModules -clang-scanner-module-cache-path /Users/marcboyer/LogicAudioAssistant/.build/xcode-release-reviewfix/ModuleCache.noindex -sdk-module-cache-path /Users/marcboyer/LogicAudioAssistant/.build/xcode-release-reviewfix/ModuleCache.noindex -serialize-diagnostics -emit-dependencies -emit-module -emit-module-path /Users/marcboyer/LogicAudioAssistant/.build/xcode-release-reviewfix/Build/Intermediates.noindex/LogicAudioAssistant.build/Release/PlanSchema.build/Objects-normal/arm64/PlanSchema.swiftmodule -validate-clang-modules-once -clang-build-session-file /Users/marcboyer/LogicAudioAssistant/.build/xcode-release-reviewfix/ModuleCache.noindex/Session.modulevalidation -package-name logicaudioassistant -Xcc -I/Users/marcboyer/LogicAudioAssistant/.build/xcode-release-reviewfix/Build/Intermediates.noindex/LogicAudioAssistant.build/Release/PlanSchema.build/swift-overrides.hmap -emit-const-values -Xfrontend -const-gather-protocols-file -Xfrontend /Users/marcboyer/LogicAudioAssistant/.build/xcode-release-reviewfix/Build/Intermediates.noindex/LogicAudioAssistant.build/Release/PlanSchema.build/Objects-normal/arm64/PlanSchema_const_extract_protocols.json -Xcc -I/Users/marcboyer/LogicAudioAssistant/.build/xcode-release-reviewfix/Build/Products/Release/include -Xcc -I/Users/marcboyer/LogicAudioAssistant/.build/xcode-release-reviewfix/Build/Intermediates.noindex/LogicAudioAssistant.build/Release/PlanSchema.build/DerivedSources-normal/arm64 -Xcc -I/Users/marcboyer/LogicAudioAssistant/.build/xcode-release-reviewfix/Build/Intermediates.noindex/LogicAudioAssistant.build/Release/PlanSchema.build/DerivedSources/arm64 -Xcc -I/Users/marcboyer/LogicAudioAssistant/.build/xcode-release-reviewfix/Build/Intermediates.noindex/LogicAudioAssistant.build/Release/PlanSchema.build/DerivedSources -Xcc -DSWIFT_PACKAGE -emit-objc-header -emit-objc-header-path /Users/marcboyer/LogicAudioAssistant/.build/xcode-release-reviewfix/Build/Intermediates.noindex/LogicAudioAssistant.build/Release/PlanSchema.build/Objects-normal/arm64/PlanSchema-Swift.h -working-directory /Users/marcboyer/LogicAudioAssistant/LogicAudioAssistant.xcodeproj -no-emit-module-separately-wmo

SwiftExplicitDependencyGeneratePcm arm64 /Users/marcboyer/LogicAudioAssistant/.build/xcode-release-reviewfix/ModuleCache.noindex/_Builtin_float-5R2UINMN9L91RWGT6OT8ABUIQ.pcm

SwiftExplicitDependencyGeneratePcm arm64 /Users/marcboyer/LogicAudioAssistant/.build/xcode-release-reviewfix/ModuleCache.noindex/_Builtin_stdbool-EGVF9C21Q9GXEBEYUU0SJOSN7.pcm

SwiftExplicitDependencyGeneratePcm arm64 /Users/marcboyer/LogicAudioAssistant/.build/xcode-release-reviewfix/ModuleCache.noindex/_AvailabilityInternal-7JY0KCW9ZRT98KGWHVERRF9OJ.pcm

SwiftExplicitDependencyGeneratePcm arm64 /Users/marcboyer/LogicAudioAssistant/.build/xcode-release-reviewfix/ModuleCache.noindex/_Builtin_stdarg-CWWWL82UT7IK5S1LU2O31362H.pcm

SwiftExplicitDependencyGeneratePcm arm64 /Users/marcboyer/LogicAudioAssistant/.build/xcode-release-reviewfix/ModuleCache.noindex/_Builtin_stddef-48R31SFXF0EDU179M0TI36NZN.pcm

SwiftExplicitDependencyGeneratePcm arm64 /Users/marcboyer/LogicAudioAssistant/.build/xcode-release-reviewfix/ModuleCache.noindex/ptrcheck-47LT4S3L11YU6Q9VER2S68CGD.pcm

SwiftExplicitDependencyGeneratePcm arm64 /Users/marcboyer/LogicAudioAssistant/.build/xcode-release-reviewfix/ModuleCache.noindex/ptrauth-64OXNBF3VV5OQLDK24WP1L156.pcm

SwiftExplicitDependencyGeneratePcm arm64 /Users/marcboyer/LogicAudioAssistant/.build/xcode-release-reviewfix/ModuleCache.noindex/_SwiftConcurrencyShims-4CTOMMMGO74XNGXANM54895KH.pcm

SwiftExplicitDependencyGeneratePcm arm64 /Users/marcboyer/LogicAudioAssistant/.build/xcode-release-reviewfix/ModuleCache.noindex/SwiftShims-CUX3A0TB62NGY33ZT4Q0SO22J.pcm

SwiftExplicitDependencyGeneratePcm arm64 /Users/marcboyer/LogicAudioAssistant/.build/xcode-release-reviewfix/ModuleCache.noindex/_DarwinFoundation1-CYEM2TCTCHPK037IGQ2AGJFID.pcm

SwiftExplicitDependencyGeneratePcm arm64 /Users/marcboyer/LogicAudioAssistant/.build/xcode-release-reviewfix/ModuleCache.noindex/_Builtin_limits-F4U81MW454IOIFK2P2N6IHEJZ.pcm

SwiftExplicitDependencyGeneratePcm arm64 /Users/marcboyer/LogicAudioAssistant/.build/xcode-release-reviewfix/ModuleCache.noindex/_DarwinFoundation2-1LSZKCO2UAG2QKRWA0VFHWGGX.pcm

SwiftExplicitDependencyGeneratePcm arm64 /Users/marcboyer/LogicAudioAssistant/.build/xcode-release-reviewfix/ModuleCache.noindex/sys_types-62X0RFAO1T07ID6H9QNK9FW4I.pcm

SwiftExplicitDependencyGeneratePcm arm64 /Users/marcboyer/LogicAudioAssistant/.build/xcode-release-reviewfix/ModuleCache.noindex/_Builtin_stdint-AHO2ZCLKYE3V6VNKY3AF2VI5S.pcm

SwiftExplicitDependencyGeneratePcm arm64 /Users/marcboyer/LogicAudioAssistant/.build/xcode-release-reviewfix/ModuleCache.noindex/_DarwinFoundation3-6G3O5TG2GZYAT0U5YTIH7PTLY.pcm

SwiftExplicitDependencyGeneratePcm arm64 /Users/marcboyer/LogicAudioAssistant/.build/xcode-release-reviewfix/ModuleCache.noindex/libDER-B1GNCKHYYP5XS5TPY4XS1BUV7.pcm

SwiftExplicitDependencyGeneratePcm arm64 /Users/marcboyer/LogicAudioAssistant/.build/xcode-release-reviewfix/ModuleCache.noindex/_Builtin_inttypes-364ERU32814XYMNW9SAVWWGAK.pcm

SwiftDriver\ Compilation PreviewAudition normal arm64 com.apple.xcode.tools.swift.compiler (in target 'PreviewAudition' from project 'LogicAudioAssistant' at path '/Users/marcboyer/LogicAudioAssistant/Package.swift')
    cd /Users/marcboyer/LogicAudioAssistant/LogicAudioAssistant.xcodeproj
    builtin-Swift-Compilation -- /Applications/Xcode.app/Contents/Developer/Toolchains/XcodeDefault.xctoolchain/usr/bin/swiftc -module-name PreviewAudition -O -whole-module-optimization @/Users/marcboyer/LogicAudioAssistant/.build/xcode-release-reviewfix/Build/Intermediates.noindex/LogicAudioAssistant.build/Release/PreviewAudition.build/Objects-normal/arm64/PreviewAudition.SwiftFileList -DSWIFT_PACKAGE -DSWIFT_MODULE_RESOURCE_BUNDLE_UNAVAILABLE -DXcode -plugin-path /Applications/Xcode.app/Contents/Developer/Toolchains/XcodeDefault.xctoolchain/usr/lib/swift/host/plugins/testing -enable-experimental-feature DebugDescriptionMacro -sdk /Applications/Xcode.app/Contents/Developer/Platforms/MacOSX.platform/Developer/SDKs/MacOSX26.5.sdk -target arm64-apple-macos14.0 -g -module-cache-path /Users/marcboyer/LogicAudioAssistant/.build/xcode-release-reviewfix/ModuleCache.noindex -Xfrontend -serialize-debugging-options -swift-version 6 -I /Users/marcboyer/LogicAudioAssistant/.build/xcode-release-reviewfix/Build/Products/Release -Isystem /Applications/Xcode.app/Contents/Developer/Platforms/MacOSX.platform/Developer/usr/lib -F /Users/marcboyer/LogicAudioAssistant/.build/xcode-release-reviewfix/Build/Products/Release -F /Applications/Xcode.app/Contents/Developer/Platforms/MacOSX.platform/Developer/Library/Frameworks -parse-as-library -c -num-threads 10 -Xcc -ivfsstatcache -Xcc /Users/marcboyer/LogicAudioAssistant/.build/xcode-release-reviewfix/SDKStatCaches.noindex/macosx26.5-25F70-e082c4a02f00227109f4ed75e425c832.sdkstatcache -output-file-map /Users/marcboyer/LogicAudioAssistant/.build/xcode-release-reviewfix/Build/Intermediates.noindex/LogicAudioAssistant.build/Release/PreviewAudition.build/Objects-normal/arm64/PreviewAudition-OutputFileMap.json -use-frontend-parseable-output -save-temps -no-color-diagnostics -explicit-module-build -module-cache-path /Users/marcboyer/LogicAudioAssistant/.build/xcode-release-reviewfix/Build/Intermediates.noindex/SwiftExplicitPrecompiledModules -clang-scanner-module-cache-path /Users/marcboyer/LogicAudioAssistant/.build/xcode-release-reviewfix/ModuleCache.noindex -sdk-module-cache-path /Users/marcboyer/LogicAudioAssistant/.build/xcode-release-reviewfix/ModuleCache.noindex -serialize-diagnostics -emit-dependencies -emit-module -emit-module-path /Users/marcboyer/LogicAudioAssistant/.build/xcode-release-reviewfix/Build/Intermediates.noindex/LogicAudioAssistant.build/Release/PreviewAudition.build/Objects-normal/arm64/PreviewAudition.swiftmodule -validate-clang-modules-once -clang-build-session-file /Users/marcboyer/LogicAudioAssistant/.build/xcode-release-reviewfix/ModuleCache.noindex/Session.modulevalidation -package-name logicaudioassistant -Xcc -I/Users/marcboyer/LogicAudioAssistant/.build/xcode-release-reviewfix/Build/Intermediates.noindex/LogicAudioAssistant.build/Release/PreviewAudition.build/swift-overrides.hmap -emit-const-values -Xfrontend -const-gather-protocols-file -Xfrontend /Users/marcboyer/LogicAudioAssistant/.build/xcode-release-reviewfix/Build/Intermediates.noindex/LogicAudioAssistant.build/Release/PreviewAudition.build/Objects-normal/arm64/PreviewAudition_const_extract_protocols.json -Xcc -I/Users/marcboyer/LogicAudioAssistant/.build/xcode-release-reviewfix/Build/Products/Release/include -Xcc -I/Users/marcboyer/LogicAudioAssistant/.build/xcode-release-reviewfix/Build/Intermediates.noindex/LogicAudioAssistant.build/Release/PreviewAudition.build/DerivedSources-normal/arm64 -Xcc -I/Users/marcboyer/LogicAudioAssistant/.build/xcode-release-reviewfix/Build/Intermediates.noindex/LogicAudioAssistant.build/Release/PreviewAudition.build/DerivedSources/arm64 -Xcc -I/Users/marcboyer/LogicAudioAssistant/.build/xcode-release-reviewfix/Build/Intermediates.noindex/LogicAudioAssistant.build/Release/PreviewAudition.build/DerivedSources -Xcc -DSWIFT_PACKAGE -emit-objc-header -emit-objc-header-path /Users/marcboyer/LogicAudioAssistant/.build/xcode-release-reviewfix/Build/Intermediates.noindex/LogicAudioAssistant.build/Release/PreviewAudition.build/Objects-normal/arm64/PreviewAudition-Swift.h -working-directory /Users/marcboyer/LogicAudioAssistant/LogicAudioAssistant.xcodeproj -no-emit-module-separately-wmo

SwiftExplicitDependencyGeneratePcm arm64 /Users/marcboyer/LogicAudioAssistant/.build/xcode-release-reviewfix/ModuleCache.noindex/OpenGL-AB6YCG9WNC92FWDYAA39CDKT1.pcm

SwiftExplicitDependencyGeneratePcm arm64 /Users/marcboyer/LogicAudioAssistant/.build/xcode-release-reviewfix/ModuleCache.noindex/_Builtin_tgmath-1AKCRC26GU0IX0D1B1LCIA5KR.pcm

SwiftExplicitDependencyGeneratePcm arm64 /Users/marcboyer/LogicAudioAssistant/.build/xcode-release-reviewfix/ModuleCache.noindex/_Builtin_intrinsics-7JS8OFA6JWHNKQFYIZ24VIIMD.pcm

SwiftExplicitDependencyGeneratePcm arm64 /Users/marcboyer/LogicAudioAssistant/.build/xcode-release-reviewfix/ModuleCache.noindex/Darwin-EOVFZ2A7A6Y7YSD0R2FZ6CDPQ.pcm

SwiftExplicitDependencyGeneratePcm arm64 /Users/marcboyer/LogicAudioAssistant/.build/xcode-release-reviewfix/ModuleCache.noindex/simd-49C6YTZ3W9JGSKISTVDQHTSLU.pcm

SwiftExplicitDependencyGeneratePcm arm64 /Users/marcboyer/LogicAudioAssistant/.build/xcode-release-reviewfix/ModuleCache.noindex/launch-BG9N65BE7P5Z2OTZDEFKS9Z9I.pcm

SwiftExplicitDependencyGeneratePcm arm64 /Users/marcboyer/LogicAudioAssistant/.build/xcode-release-reviewfix/ModuleCache.noindex/CUPS-CZICZCB4P1B1BVH1MXGCQPVOH.pcm

SwiftExplicitDependencyGeneratePcm arm64 /Users/marcboyer/LogicAudioAssistant/.build/xcode-release-reviewfix/ModuleCache.noindex/libkern-AFKJN9UCJTLDVRE749AR52JNO.pcm

SwiftExplicitDependencyGeneratePcm arm64 /Users/marcboyer/LogicAudioAssistant/.build/xcode-release-reviewfix/ModuleCache.noindex/MachO-1DVCBDOQTFP9F50B55M42QA85.pcm

SwiftExplicitDependencyGeneratePcm arm64 /Users/marcboyer/LogicAudioAssistant/.build/xcode-release-reviewfix/ModuleCache.noindex/ObjectiveC-A4ASO8WBMH3J1EIDI52P3U0K7.pcm

SwiftExplicitDependencyGeneratePcm arm64 /Users/marcboyer/LogicAudioAssistant/.build/xcode-release-reviewfix/ModuleCache.noindex/os_object-D5CL3IB6WSXWFIAROWRK10P2J.pcm

SwiftExplicitDependencyGeneratePcm arm64 /Users/marcboyer/LogicAudioAssistant/.build/xcode-release-reviewfix/ModuleCache.noindex/os_workgroup-8BYCFEZ17OB5P95BFB4Z1QAYY.pcm

SwiftExplicitDependencyGeneratePcm arm64 /Users/marcboyer/LogicAudioAssistant/.build/xcode-release-reviewfix/ModuleCache.noindex/Dispatch-CUQGM1TJMSISSLM5Z92C0XTXR.pcm

SwiftExplicitDependencyGeneratePcm arm64 /Users/marcboyer/LogicAudioAssistant/.build/xcode-release-reviewfix/ModuleCache.noindex/CoreFoundation-608YLRQF7KP9OP338B9BGET4L.pcm

SwiftExplicitDependencyGeneratePcm arm64 /Users/marcboyer/LogicAudioAssistant/.build/xcode-release-reviewfix/ModuleCache.noindex/XPC-6P49AK1FVMZ0QLVI1FWJY8FUU.pcm

SwiftExplicitDependencyGeneratePcm arm64 /Users/marcboyer/LogicAudioAssistant/.build/xcode-release-reviewfix/ModuleCache.noindex/CoreAudioTypes-9ZZQO9NCXNNYSZXBNHJUWL42P.pcm

SwiftExplicitDependencyGeneratePcm arm64 /Users/marcboyer/LogicAudioAssistant/.build/xcode-release-reviewfix/ModuleCache.noindex/CFNetwork-DCOK03ZG7J5FK41HS656DYLAB.pcm

SwiftExplicitDependencyGeneratePcm arm64 /Users/marcboyer/LogicAudioAssistant/.build/xcode-release-reviewfix/ModuleCache.noindex/Security-2ZYGTAZHFO7YKSB8QH4RI46TN.pcm

SwiftExplicitDependencyGeneratePcm arm64 /Users/marcboyer/LogicAudioAssistant/.build/xcode-release-reviewfix/ModuleCache.noindex/ColorSync-34RIUJ9MTLINKKOHEKB2WU8YA.pcm

SwiftExplicitDependencyGeneratePcm arm64 /Users/marcboyer/LogicAudioAssistant/.build/xcode-release-reviewfix/ModuleCache.noindex/IOKit-32EHD05OB5G07QM5B2WIXNRGF.pcm

SwiftExplicitDependencyGeneratePcm arm64 /Users/marcboyer/LogicAudioAssistant/.build/xcode-release-reviewfix/ModuleCache.noindex/DiskArbitration-F17P3FCPVJQI0VM03KID3J11B.pcm

SwiftExplicitDependencyGeneratePcm arm64 /Users/marcboyer/LogicAudioAssistant/.build/xcode-release-reviewfix/ModuleCache.noindex/CoreGraphics-84X8IRL414PSX1JMRTMCWD8Y9.pcm

SwiftExplicitDependencyGeneratePcm arm64 /Users/marcboyer/LogicAudioAssistant/.build/xcode-release-reviewfix/ModuleCache.noindex/CoreServices-1M1WUIDAYFGL66MBP72IVLZOB.pcm

SwiftExplicitDependencyGeneratePcm arm64 /Users/marcboyer/LogicAudioAssistant/.build/xcode-release-reviewfix/ModuleCache.noindex/CoreText-1YKQF735S54OEFLXIQI1I7JGB.pcm

SwiftExplicitDependencyGeneratePcm arm64 /Users/marcboyer/LogicAudioAssistant/.build/xcode-release-reviewfix/ModuleCache.noindex/ImageIO-EB7KMCTICAN7KG1VPMUW2BDM8.pcm

SwiftExplicitDependencyGeneratePcm arm64 /Users/marcboyer/LogicAudioAssistant/.build/xcode-release-reviewfix/ModuleCache.noindex/Foundation-488OCGQ676PGZMBG2B3RYVRGS.pcm

SwiftCompile normal arm64 Compiling\ PlanValidator.swift,\ ProcessingPlan.swift /Users/marcboyer/LogicAudioAssistant/packages/PlanSchema/Sources/PlanSchema/PlanValidator.swift /Users/marcboyer/LogicAudioAssistant/packages/PlanSchema/Sources/PlanSchema/ProcessingPlan.swift /Applications/Xcode.app/Contents/Developer/Toolchains/XcodeDefault.xctoolchain/usr/lib/swift/macosx/prebuilt-modules/26.5/Foundation.swiftmodule/arm64e-apple-macos.swiftmodule /Applications/Xcode.app/Contents/Developer/Toolchains/XcodeDefault.xctoolchain/usr/lib/swift/macosx/prebuilt-modules/26.5/Swift.swiftmodule/arm64e-apple-macos.swiftmodule /Applications/Xcode.app/Contents/Developer/Toolchains/XcodeDefault.xctoolchain/usr/lib/swift/macosx/prebuilt-modules/26.5/Observation.swiftmodule/arm64e-apple-macos.swiftmodule /Applications/Xcode.app/Contents/Developer/Toolchains/XcodeDefault.xctoolchain/usr/lib/swift/macosx/prebuilt-modules/26.5/CoreFoundation.swiftmodule/arm64e-apple-macos.swiftmodule /Applications/Xcode.app/Contents/Developer/Toolchains/XcodeDefault.xctoolchain/usr/lib/swift/macosx/prebuilt-modules/26.5/_StringProcessing.swiftmodule/arm64e-apple-macos.swiftmodule /Applications/Xcode.app/Contents/Developer/Toolchains/XcodeDefault.xctoolchain/usr/lib/swift/macosx/prebuilt-modules/26.5/_DarwinFoundation3.swiftmodule/arm64e-apple-macos.swiftmodule /Applications/Xcode.app/Contents/Developer/Toolchains/XcodeDefault.xctoolchain/usr/lib/swift/macosx/prebuilt-modules/26.5/_Builtin_float.swiftmodule/arm64e-apple-macos.swiftmodule /Applications/Xcode.app/Contents/Developer/Toolchains/XcodeDefault.xctoolchain/usr/lib/swift/macosx/prebuilt-modules/26.5/_DarwinFoundation2.swiftmodule/arm64e-apple-macos.swiftmodule /Applications/Xcode.app/Contents/Developer/Toolchains/XcodeDefault.xctoolchain/usr/lib/swift/macosx/prebuilt-modules/26.5/_DarwinFoundation1.swiftmodule/arm64e-apple-macos.swiftmodule /Applications/Xcode.app/Contents/Developer/Toolchains/XcodeDefault.xctoolchain/usr/lib/swift/macosx/prebuilt-modules/26.5/Dispatch.swiftmodule/arm64e-apple-macos.swiftmodule /Applications/Xcode.app/Contents/Developer/Toolchains/XcodeDefault.xctoolchain/usr/lib/swift/macosx/prebuilt-modules/26.5/_Concurrency.swiftmodule/arm64e-apple-macos.swiftmodule /Applications/Xcode.app/Contents/Developer/Toolchains/XcodeDefault.xctoolchain/usr/lib/swift/macosx/prebuilt-modules/26.5/System.swiftmodule/arm64e-apple-macos.swiftmodule /Applications/Xcode.app/Contents/Developer/Toolchains/XcodeDefault.xctoolchain/usr/lib/swift/macosx/prebuilt-modules/26.5/ObjectiveC.swiftmodule/arm64e-apple-macos.swiftmodule /Applications/Xcode.app/Contents/Developer/Toolchains/XcodeDefault.xctoolchain/usr/lib/swift/macosx/prebuilt-modules/26.5/IOKit.swiftmodule/arm64e-apple-macos.swiftmodule /Applications/Xcode.app/Contents/Developer/Toolchains/XcodeDefault.xctoolchain/usr/lib/swift/macosx/prebuilt-modules/26.5/Darwin.swiftmodule/arm64e-apple-macos.swiftmodule /Applications/Xcode.app/Contents/Developer/Toolchains/XcodeDefault.xctoolchain/usr/lib/swift/macosx/prebuilt-modules/26.5/Combine.swiftmodule/arm64e-apple-macos.swiftmodule /Applications/Xcode.app/Contents/Developer/Toolchains/XcodeDefault.xctoolchain/usr/lib/swift/macosx/prebuilt-modules/26.5/XPC.swiftmodule/arm64e-apple-macos.swiftmodule /Users/marcboyer/LogicAudioAssistant/.build/xcode-release-reviewfix/ModuleCache.noindex/_Builtin_stddef-48R31SFXF0EDU179M0TI36NZN.pcm /Users/marcboyer/LogicAudioAssistant/.build/xcode-release-reviewfix/ModuleCache.noindex/SwiftShims-CUX3A0TB62NGY33ZT4Q0SO22J.pcm /Users/marcboyer/LogicAudioAssistant/.build/xcode-release-reviewfix/ModuleCache.noindex/_Builtin_inttypes-364ERU32814XYMNW9SAVWWGAK.pcm /Users/marcboyer/LogicAudioAssistant/.build/xcode-release-reviewfix/ModuleCache.noindex/_Builtin_stdarg-CWWWL82UT7IK5S1LU2O31362H.pcm /Users/marcboyer/LogicAudioAssistant/.build/xcode-release-reviewfix/ModuleCache.noindex/_AvailabilityInternal-7JY0KCW9ZRT98KGWHVERRF9OJ.pcm /Users/marcboyer/LogicAudioAssistant/.build/xcode-release-reviewfix/ModuleCache.noindex/_Builtin_float-5R2UINMN9L91RWGT6OT8ABUIQ.pcm /Users/marcboyer/LogicAudioAssistant/.build/xcode-release-reviewfix/ModuleCache.noindex/Foundation-488OCGQ676PGZMBG2B3RYVRGS.pcm /Users/marcboyer/LogicAudioAssistant/.build/xcode-release-reviewfix/ModuleCache.noindex/Darwin-EOVFZ2A7A6Y7YSD0R2FZ6CDPQ.pcm /Users/marcboyer/LogicAudioAssistant/.build/xcode-release-reviewfix/ModuleCache.noindex/sys_types-62X0RFAO1T07ID6H9QNK9FW4I.pcm /Users/marcboyer/LogicAudioAssistant/.build/xcode-release-reviewfix/ModuleCache.noindex/_DarwinFoundation1-CYEM2TCTCHPK037IGQ2AGJFID.pcm /Users/marcboyer/LogicAudioAssistant/.build/xcode-release-reviewfix/ModuleCache.noindex/_DarwinFoundation3-6G3O5TG2GZYAT0U5YTIH7PTLY.pcm /Users/marcboyer/LogicAudioAssistant/.build/xcode-release-reviewfix/ModuleCache.noindex/ptrauth-64OXNBF3VV5OQLDK24WP1L156.pcm /Users/marcboyer/LogicAudioAssistant/.build/xcode-release-reviewfix/ModuleCache.noindex/_SwiftConcurrencyShims-4CTOMMMGO74XNGXANM54895KH.pcm /Users/marcboyer/LogicAudioAssistant/.build/xcode-release-reviewfix/ModuleCache.noindex/XPC-6P49AK1FVMZ0QLVI1FWJY8FUU.pcm /Users/marcboyer/LogicAudioAssistant/.build/xcode-release-reviewfix/ModuleCache.noindex/os_object-D5CL3IB6WSXWFIAROWRK10P2J.pcm /Users/marcboyer/LogicAudioAssistant/.build/xcode-release-reviewfix/ModuleCache.noindex/Dispatch-CUQGM1TJMSISSLM5Z92C0XTXR.pcm /Users/marcboyer/LogicAudioAssistant/.build/xcode-release-reviewfix/ModuleCache.noindex/os_workgroup-8BYCFEZ17OB5P95BFB4Z1QAYY.pcm /Users/marcboyer/LogicAudioAssistant/.build/xcode-release-reviewfix/ModuleCache.noindex/libkern-AFKJN9UCJTLDVRE749AR52JNO.pcm /Users/marcboyer/LogicAudioAssistant/.build/xcode-release-reviewfix/ModuleCache.noindex/_Builtin_stdbool-EGVF9C21Q9GXEBEYUU0SJOSN7.pcm /Users/marcboyer/LogicAudioAssistant/.build/xcode-release-reviewfix/ModuleCache.noindex/CoreServices-1M1WUIDAYFGL66MBP72IVLZOB.pcm /Users/marcboyer/LogicAudioAssistant/.build/xcode-release-reviewfix/ModuleCache.noindex/ObjectiveC-A4ASO8WBMH3J1EIDI52P3U0K7.pcm /Users/marcboyer/LogicAudioAssistant/.build/xcode-release-reviewfix/ModuleCache.noindex/libDER-B1GNCKHYYP5XS5TPY4XS1BUV7.pcm /Users/marcboyer/LogicAudioAssistant/.build/xcode-release-reviewfix/ModuleCache.noindex/ptrcheck-47LT4S3L11YU6Q9VER2S68CGD.pcm /Users/marcboyer/LogicAudioAssistant/.build/xcode-release-reviewfix/ModuleCache.noindex/launch-BG9N65BE7P5Z2OTZDEFKS9Z9I.pcm /Users/marcboyer/LogicAudioAssistant/.build/xcode-release-reviewfix/ModuleCache.noindex/IOKit-32EHD05OB5G07QM5B2WIXNRGF.pcm /Users/marcboyer/LogicAudioAssistant/.build/xcode-release-reviewfix/ModuleCache.noindex/DiskArbitration-F17P3FCPVJQI0VM03KID3J11B.pcm /Users/marcboyer/LogicAudioAssistant/.build/xcode-release-reviewfix/ModuleCache.noindex/Security-2ZYGTAZHFO7YKSB8QH4RI46TN.pcm /Users/marcboyer/LogicAudioAssistant/.build/xcode-release-reviewfix/ModuleCache.noindex/MachO-1DVCBDOQTFP9F50B55M42QA85.pcm /Users/marcboyer/LogicAudioAssistant/.build/xcode-release-reviewfix/ModuleCache.noindex/_Builtin_stdint-AHO2ZCLKYE3V6VNKY3AF2VI5S.pcm /Users/marcboyer/LogicAudioAssistant/.build/xcode-release-reviewfix/ModuleCache.noindex/_Builtin_limits-F4U81MW454IOIFK2P2N6IHEJZ.pcm /Users/marcboyer/LogicAudioAssistant/.build/xcode-release-reviewfix/ModuleCache.noindex/_DarwinFoundation2-1LSZKCO2UAG2QKRWA0VFHWGGX.pcm /Users/marcboyer/LogicAudioAssistant/.build/xcode-release-reviewfix/ModuleCache.noindex/CoreFoundation-608YLRQF7KP9OP338B9BGET4L.pcm /Users/marcboyer/LogicAudioAssistant/.build/xcode-release-reviewfix/ModuleCache.noindex/CFNetwork-DCOK03ZG7J5FK41HS656DYLAB.pcm /Users/marcboyer/LogicAudioAssistant/.build/xcode-release-reviewfix/Build/Intermediates.noindex/LogicAudioAssistant.build/Release/PlanSchema.build/Objects-normal/arm64/PlanSchema-dependencies-1.json (in target 'PlanSchema' from project 'LogicAudioAssistant' at path '/Users/marcboyer/LogicAudioAssistant/Package.swift')

CompileSwift normal arm64 (in target 'PlanSchema' from project 'LogicAudioAssistant' at path '/Users/marcboyer/LogicAudioAssistant/Package.swift')
    cd /Users/marcboyer/LogicAudioAssistant/LogicAudioAssistant.xcodeproj
    

SwiftExplicitDependencyGeneratePcm arm64 /Users/marcboyer/LogicAudioAssistant/.build/xcode-release-reviewfix/ModuleCache.noindex/ApplicationServices-DE8A07JHMTHSTBAEK4A10G6AM.pcm

SwiftExplicitDependencyGeneratePcm arm64 /Users/marcboyer/LogicAudioAssistant/.build/xcode-release-reviewfix/ModuleCache.noindex/UniformTypeIdentifiers-9KU6S3Z4MLE1MRSRBYDANDXXR.pcm

SwiftExplicitDependencyGeneratePcm arm64 /Users/marcboyer/LogicAudioAssistant/.build/xcode-release-reviewfix/ModuleCache.noindex/CoreMIDI-E0UFIEJ62MBZK7W95P8VFKFMA.pcm

SwiftExplicitDependencyGeneratePcm arm64 /Users/marcboyer/LogicAudioAssistant/.build/xcode-release-reviewfix/ModuleCache.noindex/IOSurface-4F7O0Q4UPR5ZN4XE0D5D21QGI.pcm

SwiftExplicitDependencyGeneratePcm arm64 /Users/marcboyer/LogicAudioAssistant/.build/xcode-release-reviewfix/ModuleCache.noindex/CoreAudio-DQQ3VIS4C1NB54S9SQAWC3UQE.pcm

SwiftExplicitDependencyGeneratePcm arm64 /Users/marcboyer/LogicAudioAssistant/.build/xcode-release-reviewfix/ModuleCache.noindex/Metal-C3YG91B7VN6YPOEWBKKBJBKWU.pcm

SwiftExplicitDependencyGeneratePcm arm64 /Users/marcboyer/LogicAudioAssistant/.build/xcode-release-reviewfix/ModuleCache.noindex/Carbon-AVJTBG5A1J5LJDHUZYW9YX07P.pcm

SwiftExplicitDependencyGeneratePcm arm64 /Users/marcboyer/LogicAudioAssistant/.build/xcode-release-reviewfix/ModuleCache.noindex/CoreVideo-1GE610X4AXGA98R46MBTOU186.pcm

SwiftExplicitDependencyGeneratePcm arm64 /Users/marcboyer/LogicAudioAssistant/.build/xcode-release-reviewfix/ModuleCache.noindex/AudioToolbox-1W8KGQUVA2W2S0BMQW27GVUXR.pcm

SwiftExplicitDependencyGeneratePcm arm64 /Users/marcboyer/LogicAudioAssistant/.build/xcode-release-reviewfix/ModuleCache.noindex/QuartzCore-4Q4TMQ5VRIIRVGQYJWG0L6QL6.pcm

SwiftExplicitDependencyGeneratePcm arm64 /Users/marcboyer/LogicAudioAssistant/.build/xcode-release-reviewfix/ModuleCache.noindex/CoreImage-F20H4G0ON77W27RZQYBZSEBN9.pcm

SwiftExplicitDependencyGeneratePcm arm64 /Users/marcboyer/LogicAudioAssistant/.build/xcode-release-reviewfix/ModuleCache.noindex/CoreMedia-1J9AZ57QW0O7TQ6AL2UXRG7LZ.pcm

SwiftExplicitDependencyGeneratePcm arm64 /Users/marcboyer/LogicAudioAssistant/.build/xcode-release-reviewfix/ModuleCache.noindex/AVFAudio-EX9BYB9TTDBH5KW09KC4ULB9Q.pcm

SwiftExplicitDependencyGeneratePcm arm64 /Users/marcboyer/LogicAudioAssistant/.build/xcode-release-reviewfix/ModuleCache.noindex/MediaToolbox-8D9C744TU4S03X3MAWP4867OH.pcm

SwiftExplicitDependencyGeneratePcm arm64 /Users/marcboyer/LogicAudioAssistant/.build/xcode-release-reviewfix/ModuleCache.noindex/AVFoundation-2Z9R9344UKMP7MUDJLKRHITQW.pcm

SwiftCompile normal arm64 Compiling\ SynchronizedAuditionEngine.swift /Users/marcboyer/LogicAudioAssistant/packages/PreviewAudition/Sources/PreviewAudition/SynchronizedAuditionEngine.swift /Applications/Xcode.app/Contents/Developer/Toolchains/XcodeDefault.xctoolchain/usr/lib/swift/macosx/prebuilt-modules/26.5/AVFoundation.swiftmodule/arm64e-apple-macos.swiftmodule /Applications/Xcode.app/Contents/Developer/Toolchains/XcodeDefault.xctoolchain/usr/lib/swift/macosx/prebuilt-modules/26.5/CoreImage.swiftmodule/arm64e-apple-macos.swiftmodule /Applications/Xcode.app/Contents/Developer/Toolchains/XcodeDefault.xctoolchain/usr/lib/swift/macosx/prebuilt-modules/26.5/Swift.swiftmodule/arm64e-apple-macos.swiftmodule /Applications/Xcode.app/Contents/Developer/Toolchains/XcodeDefault.xctoolchain/usr/lib/swift/macosx/prebuilt-modules/26.5/QuartzCore.swiftmodule/arm64e-apple-macos.swiftmodule /Applications/Xcode.app/Contents/Developer/Toolchains/XcodeDefault.xctoolchain/usr/lib/swift/macosx/prebuilt-modules/26.5/IOKit.swiftmodule/arm64e-apple-macos.swiftmodule /Applications/Xcode.app/Contents/Developer/Toolchains/XcodeDefault.xctoolchain/usr/lib/swift/macosx/prebuilt-modules/26.5/_Builtin_float.swiftmodule/arm64e-apple-macos.swiftmodule /Applications/Xcode.app/Contents/Developer/Toolchains/XcodeDefault.xctoolchain/usr/lib/swift/macosx/prebuilt-modules/26.5/_DarwinFoundation3.swiftmodule/arm64e-apple-macos.swiftmodule /Applications/Xcode.app/Contents/Developer/Toolchains/XcodeDefault.xctoolchain/usr/lib/swift/macosx/prebuilt-modules/26.5/_DarwinFoundation2.swiftmodule/arm64e-apple-macos.swiftmodule /Applications/Xcode.app/Contents/Developer/Toolchains/XcodeDefault.xctoolchain/usr/lib/swift/macosx/prebuilt-modules/26.5/CoreMIDI.swiftmodule/arm64e-apple-macos.swiftmodule /Applications/Xcode.app/Contents/Developer/Toolchains/XcodeDefault.xctoolchain/usr/lib/swift/macosx/prebuilt-modules/26.5/Foundation.swiftmodule/arm64e-apple-macos.swiftmodule /Applications/Xcode.app/Contents/Developer/Toolchains/XcodeDefault.xctoolchain/usr/lib/swift/macosx/prebuilt-modules/26.5/ObjectiveC.swiftmodule/arm64e-apple-macos.swiftmodule /Applications/Xcode.app/Contents/Developer/Toolchains/XcodeDefault.xctoolchain/usr/lib/swift/macosx/prebuilt-modules/26.5/CoreText.swiftmodule/arm64e-apple-macos.swiftmodule /Applications/Xcode.app/Contents/Developer/Toolchains/XcodeDefault.xctoolchain/usr/lib/swift/macosx/prebuilt-modules/26.5/Dispatch.swiftmodule/arm64e-apple-macos.swiftmodule /Applications/Xcode.app/Contents/Developer/Toolchains/XcodeDefault.xctoolchain/usr/lib/swift/macosx/prebuilt-modules/26.5/Observation.swiftmodule/arm64e-apple-macos.swiftmodule /Applications/Xcode.app/Contents/Developer/Toolchains/XcodeDefault.xctoolchain/usr/lib/swift/macosx/prebuilt-modules/26.5/AVFAudio.swiftmodule/arm64e-apple-macos.swiftmodule /Applications/Xcode.app/Contents/Developer/Toolchains/XcodeDefault.xctoolchain/usr/lib/swift/macosx/prebuilt-modules/26.5/XPC.swiftmodule/arm64e-apple-macos.swiftmodule /Applications/Xcode.app/Contents/Developer/Toolchains/XcodeDefault.xctoolchain/usr/lib/swift/macosx/prebuilt-modules/26.5/simd.swiftmodule/arm64e-apple-macos.swiftmodule /Applications/Xcode.app/Contents/Developer/Toolchains/XcodeDefault.xctoolchain/usr/lib/swift/macosx/prebuilt-modules/26.5/Combine.swiftmodule/arm64e-apple-macos.swiftmodule /Applications/Xcode.app/Contents/Developer/Toolchains/XcodeDefault.xctoolchain/usr/lib/swift/macosx/prebuilt-modules/26.5/Metal.swiftmodule/arm64e-apple-macos.swiftmodule /Applications/Xcode.app/Contents/Developer/Toolchains/XcodeDefault.xctoolchain/usr/lib/swift/macosx/prebuilt-modules/26.5/CoreGraphics.swiftmodule/arm64e-apple-macos.swiftmodule /Applications/Xcode.app/Contents/Developer/Toolchains/XcodeDefault.xctoolchain/usr/lib/swift/macosx/prebuilt-modules/26.5/CoreAudio.swiftmodule/arm64e-apple-macos.swiftmodule /Applications/Xcode.app/Contents/Developer/Toolchains/XcodeDefault.xctoolchain/usr/lib/swift/macosx/prebuilt-modules/26.5/UniformTypeIdentifiers.swiftmodule/arm64e-apple-macos.swiftmodule /Applications/Xcode.app/Contents/Developer/Toolchains/XcodeDefault.xctoolchain/usr/lib/swift/macosx/prebuilt-modules/26.5/Synchronization.swiftmodule/arm64e-apple-macos.swiftmodule /Applications/Xcode.app/Contents/Developer/Toolchains/XcodeDefault.xctoolchain/usr/lib/swift/macosx/prebuilt-modules/26.5/_Concurrency.swiftmodule/arm64e-apple-macos.swiftmodule /Applications/Xcode.app/Contents/Developer/Toolchains/XcodeDefault.xctoolchain/usr/lib/swift/macosx/prebuilt-modules/26.5/System.swiftmodule/arm64e-apple-macos.swiftmodule /Applications/Xcode.app/Contents/Developer/Toolchains/XcodeDefault.xctoolchain/usr/lib/swift/macosx/prebuilt-modules/26.5/_DarwinFoundation1.swiftmodule/arm64e-apple-macos.swiftmodule /Applications/Xcode.app/Contents/Developer/Toolchains/XcodeDefault.xctoolchain/usr/lib/swift/macosx/prebuilt-modules/26.5/CoreFoundation.swiftmodule/arm64e-apple-macos.swiftmodule /Applications/Xcode.app/Contents/Developer/Toolchains/XcodeDefault.xctoolchain/usr/lib/swift/macosx/prebuilt-modules/26.5/CoreVideo.swiftmodule/arm64e-apple-macos.swiftmodule /Applications/Xcode.app/Contents/Developer/Toolchains/XcodeDefault.xctoolchain/usr/lib/swift/macosx/prebuilt-modules/26.5/CoreMedia.swiftmodule/arm64e-apple-macos.swiftmodule /Applications/Xcode.app/Contents/Developer/Toolchains/XcodeDefault.xctoolchain/usr/lib/swift/macosx/prebuilt-modules/26.5/Darwin.swiftmodule/arm64e-apple-macos.swiftmodule /Applications/Xcode.app/Contents/Developer/Toolchains/XcodeDefault.xctoolchain/usr/lib/swift/macosx/prebuilt-modules/26.5/AudioToolbox.swiftmodule/arm64e-apple-macos.swiftmodule /Applications/Xcode.app/Contents/Developer/Toolchains/XcodeDefault.xctoolchain/usr/lib/swift/macosx/prebuilt-modules/26.5/_StringProcessing.swiftmodule/arm64e-apple-macos.swiftmodule /Users/marcboyer/LogicAudioAssistant/.build/xcode-release-reviewfix/ModuleCache.noindex/_DarwinFoundation3-6G3O5TG2GZYAT0U5YTIH7PTLY.pcm /Users/marcboyer/LogicAudioAssistant/.build/xcode-release-reviewfix/ModuleCache.noindex/libkern-AFKJN9UCJTLDVRE749AR52JNO.pcm /Users/marcboyer/LogicAudioAssistant/.build/xcode-release-reviewfix/ModuleCache.noindex/libDER-B1GNCKHYYP5XS5TPY4XS1BUV7.pcm /Users/marcboyer/LogicAudioAssistant/.build/xcode-release-reviewfix/ModuleCache.noindex/CoreAudioTypes-9ZZQO9NCXNNYSZXBNHJUWL42P.pcm /Users/marcboyer/LogicAudioAssistant/.build/xcode-release-reviewfix/ModuleCache.noindex/_DarwinFoundation1-CYEM2TCTCHPK037IGQ2AGJFID.pcm /Users/marcboyer/LogicAudioAssistant/.build/xcode-release-reviewfix/ModuleCache.noindex/CoreServices-1M1WUIDAYFGL66MBP72IVLZOB.pcm /Users/marcboyer/LogicAudioAssistant/.build/xcode-release-reviewfix/ModuleCache.noindex/CoreMIDI-E0UFIEJ62MBZK7W95P8VFKFMA.pcm /Users/marcboyer/LogicAudioAssistant/.build/xcode-release-reviewfix/ModuleCache.noindex/Dispatch-CUQGM1TJMSISSLM5Z92C0XTXR.pcm /Users/marcboyer/LogicAudioAssistant/.build/xcode-release-reviewfix/ModuleCache.noindex/Carbon-AVJTBG5A1J5LJDHUZYW9YX07P.pcm /Users/marcboyer/LogicAudioAssistant/.build/xcode-release-reviewfix/ModuleCache.noindex/_Builtin_limits-F4U81MW454IOIFK2P2N6IHEJZ.pcm /Users/marcboyer/LogicAudioAssistant/.build/xcode-release-reviewfix/ModuleCache.noindex/Security-2ZYGTAZHFO7YKSB8QH4RI46TN.pcm /Users/marcboyer/LogicAudioAssistant/.build/xcode-release-reviewfix/ModuleCache.noindex/QuartzCore-4Q4TMQ5VRIIRVGQYJWG0L6QL6.pcm /Users/marcboyer/LogicAudioAssistant/.build/xcode-release-reviewfix/ModuleCache.noindex/_Builtin_stdbool-EGVF9C21Q9GXEBEYUU0SJOSN7.pcm /Users/marcboyer/LogicAudioAssistant/.build/xcode-release-reviewfix/ModuleCache.noindex/ColorSync-34RIUJ9MTLINKKOHEKB2WU8YA.pcm /Users/marcboyer/LogicAudioAssistant/.build/xcode-release-reviewfix/ModuleCache.noindex/CoreAudio-DQQ3VIS4C1NB54S9SQAWC3UQE.pcm /Users/marcboyer/LogicAudioAssistant/.build/xcode-release-reviewfix/ModuleCache.noindex/OpenGL-AB6YCG9WNC92FWDYAA39CDKT1.pcm /Users/marcboyer/LogicAudioAssistant/.build/xcode-release-reviewfix/ModuleCache.noindex/AVFAudio-EX9BYB9TTDBH5KW09KC4ULB9Q.pcm /Users/marcboyer/LogicAudioAssistant/.build/xcode-release-reviewfix/ModuleCache.noindex/_Builtin_stddef-48R31SFXF0EDU179M0TI36NZN.pcm /Users/marcboyer/LogicAudioAssistant/.build/xcode-release-reviewfix/ModuleCache.noindex/simd-49C6YTZ3W9JGSKISTVDQHTSLU.pcm /Users/marcboyer/LogicAudioAssistant/.build/xcode-release-reviewfix/ModuleCache.noindex/CFNetwork-DCOK03ZG7J5FK41HS656DYLAB.pcm /Users/marcboyer/LogicAudioAssistant/.build/xcode-release-reviewfix/ModuleCache.noindex/MachO-1DVCBDOQTFP9F50B55M42QA85.pcm /Users/marcboyer/LogicAudioAssistant/.build/xcode-release-reviewfix/ModuleCache.noindex/Foundation-488OCGQ676PGZMBG2B3RYVRGS.pcm /Users/marcboyer/LogicAudioAssistant/.build/xcode-release-reviewfix/ModuleCache.noindex/Darwin-EOVFZ2A7A6Y7YSD0R2FZ6CDPQ.pcm /Users/marcboyer/LogicAudioAssistant/.build/xcode-release-reviewfix/ModuleCache.noindex/sys_types-62X0RFAO1T07ID6H9QNK9FW4I.pcm /Users/marcboyer/LogicAudioAssistant/.build/xcode-release-reviewfix/ModuleCache.noindex/Metal-C3YG91B7VN6YPOEWBKKBJBKWU.pcm /Users/marcboyer/LogicAudioAssistant/.build/xcode-release-reviewfix/ModuleCache.noindex/IOSurface-4F7O0Q4UPR5ZN4XE0D5D21QGI.pcm /Users/marcboyer/LogicAudioAssistant/.build/xcode-release-reviewfix/ModuleCache.noindex/ImageIO-EB7KMCTICAN7KG1VPMUW2BDM8.pcm /Users/marcboyer/LogicAudioAssistant/.build/xcode-release-reviewfix/ModuleCache.noindex/_AvailabilityInternal-7JY0KCW9ZRT98KGWHVERRF9OJ.pcm /Users/marcboyer/LogicAudioAssistant/.build/xcode-release-reviewfix/ModuleCache.noindex/_DarwinFoundation2-1LSZKCO2UAG2QKRWA0VFHWGGX.pcm /Users/marcboyer/LogicAudioAssistant/.build/xcode-release-reviewfix/ModuleCache.noindex/CoreText-1YKQF735S54OEFLXIQI1I7JGB.pcm /Users/marcboyer/LogicAudioAssistant/.build/xcode-release-reviewfix/ModuleCache.noindex/os_workgroup-8BYCFEZ17OB5P95BFB4Z1QAYY.pcm /Users/marcboyer/LogicAudioAssistant/.build/xcode-release-reviewfix/ModuleCache.noindex/UniformTypeIdentifiers-9KU6S3Z4MLE1MRSRBYDANDXXR.pcm /Users/marcboyer/LogicAudioAssistant/.build/xcode-release-reviewfix/ModuleCache.noindex/XPC-6P49AK1FVMZ0QLVI1FWJY8FUU.pcm /Users/marcboyer/LogicAudioAssistant/.build/xcode-release-reviewfix/ModuleCache.noindex/DiskArbitration-F17P3FCPVJQI0VM03KID3J11B.pcm /Users/marcboyer/LogicAudioAssistant/.build/xcode-release-reviewfix/ModuleCache.noindex/IOKit-32EHD05OB5G07QM5B2WIXNRGF.pcm /Users/marcboyer/LogicAudioAssistant/.build/xcode-release-reviewfix/ModuleCache.noindex/CoreMedia-1J9AZ57QW0O7TQ6AL2UXRG7LZ.pcm /Users/marcboyer/LogicAudioAssistant/.build/xcode-release-reviewfix/ModuleCache.noindex/AudioToolbox-1W8KGQUVA2W2S0BMQW27GVUXR.pcm /Users/marcboyer/LogicAudioAssistant/.build/xcode-release-reviewfix/ModuleCache.noindex/CoreVideo-1GE610X4AXGA98R46MBTOU186.pcm /Users/marcboyer/LogicAudioAssistant/.build/xcode-release-reviewfix/ModuleCache.noindex/ptrcheck-47LT4S3L11YU6Q9VER2S68CGD.pcm /Users/marcboyer/LogicAudioAssistant/.build/xcode-release-reviewfix/ModuleCache.noindex/_Builtin_tgmath-1AKCRC26GU0IX0D1B1LCIA5KR.pcm /Users/marcboyer/LogicAudioAssistant/.build/xcode-release-reviewfix/ModuleCache.noindex/_SwiftConcurrencyShims-4CTOMMMGO74XNGXANM54895KH.pcm /Users/marcboyer/LogicAudioAssistant/.build/xcode-release-reviewfix/ModuleCache.noindex/ptrauth-64OXNBF3VV5OQLDK24WP1L156.pcm /Users/marcboyer/LogicAudioAssistant/.build/xcode-release-reviewfix/ModuleCache.noindex/AVFoundation-2Z9R9344UKMP7MUDJLKRHITQW.pcm /Users/marcboyer/LogicAudioAssistant/.build/xcode-release-reviewfix/ModuleCache.noindex/CoreImage-F20H4G0ON77W27RZQYBZSEBN9.pcm /Users/marcboyer/LogicAudioAssistant/.build/xcode-release-reviewfix/ModuleCache.noindex/_Builtin_stdint-AHO2ZCLKYE3V6VNKY3AF2VI5S.pcm /Users/marcboyer/LogicAudioAssistant/.build/xcode-release-reviewfix/ModuleCache.noindex/CoreGraphics-84X8IRL414PSX1JMRTMCWD8Y9.pcm /Users/marcboyer/LogicAudioAssistant/.build/xcode-release-reviewfix/ModuleCache.noindex/ApplicationServices-DE8A07JHMTHSTBAEK4A10G6AM.pcm /Users/marcboyer/LogicAudioAssistant/.build/xcode-release-reviewfix/ModuleCache.noindex/launch-BG9N65BE7P5Z2OTZDEFKS9Z9I.pcm /Users/marcboyer/LogicAudioAssistant/.build/xcode-release-reviewfix/ModuleCache.noindex/_Builtin_intrinsics-7JS8OFA6JWHNKQFYIZ24VIIMD.pcm /Users/marcboyer/LogicAudioAssistant/.build/xcode-release-reviewfix/ModuleCache.noindex/_Builtin_stdarg-CWWWL82UT7IK5S1LU2O31362H.pcm /Users/marcboyer/LogicAudioAssistant/.build/xcode-release-reviewfix/ModuleCache.noindex/SwiftShims-CUX3A0TB62NGY33ZT4Q0SO22J.pcm /Users/marcboyer/LogicAudioAssistant/.build/xcode-release-reviewfix/ModuleCache.noindex/MediaToolbox-8D9C744TU4S03X3MAWP4867OH.pcm /Users/marcboyer/LogicAudioAssistant/.build/xcode-release-reviewfix/ModuleCache.noindex/CoreFoundation-608YLRQF7KP9OP338B9BGET4L.pcm /Users/marcboyer/LogicAudioAssistant/.build/xcode-release-reviewfix/ModuleCache.noindex/_Builtin_float-5R2UINMN9L91RWGT6OT8ABUIQ.pcm /Users/marcboyer/LogicAudioAssistant/.build/xcode-release-reviewfix/ModuleCache.noindex/os_object-D5CL3IB6WSXWFIAROWRK10P2J.pcm /Users/marcboyer/LogicAudioAssistant/.build/xcode-release-reviewfix/ModuleCache.noindex/CUPS-CZICZCB4P1B1BVH1MXGCQPVOH.pcm /Users/marcboyer/LogicAudioAssistant/.build/xcode-release-reviewfix/ModuleCache.noindex/ObjectiveC-A4ASO8WBMH3J1EIDI52P3U0K7.pcm /Users/marcboyer/LogicAudioAssistant/.build/xcode-release-reviewfix/ModuleCache.noindex/_Builtin_inttypes-364ERU32814XYMNW9SAVWWGAK.pcm /Users/marcboyer/LogicAudioAssistant/.build/xcode-release-reviewfix/Build/Intermediates.noindex/LogicAudioAssistant.build/Release/PreviewAudition.build/Objects-normal/arm64/PreviewAudition-dependencies-1.json (in target 'PreviewAudition' from project 'LogicAudioAssistant' at path '/Users/marcboyer/LogicAudioAssistant/Package.swift')

SwiftCompile normal arm64 /Users/marcboyer/LogicAudioAssistant/packages/PreviewAudition/Sources/PreviewAudition/SynchronizedAuditionEngine.swift (in target 'PreviewAudition' from project 'LogicAudioAssistant' at path '/Users/marcboyer/LogicAudioAssistant/Package.swift')
    cd /Users/marcboyer/LogicAudioAssistant/LogicAudioAssistant.xcodeproj
    

SwiftDriverJobDiscovery normal arm64 Compiling SynchronizedAuditionEngine.swift (in target 'PreviewAudition' from project 'LogicAudioAssistant' at path '/Users/marcboyer/LogicAudioAssistant/Package.swift')

SwiftDriver\ Compilation\ Requirements PreviewAudition normal arm64 com.apple.xcode.tools.swift.compiler (in target 'PreviewAudition' from project 'LogicAudioAssistant' at path '/Users/marcboyer/LogicAudioAssistant/Package.swift')
    cd /Users/marcboyer/LogicAudioAssistant/LogicAudioAssistant.xcodeproj
    builtin-Swift-Compilation-Requirements -- /Applications/Xcode.app/Contents/Developer/Toolchains/XcodeDefault.xctoolchain/usr/bin/swiftc -module-name PreviewAudition -O -whole-module-optimization @/Users/marcboyer/LogicAudioAssistant/.build/xcode-release-reviewfix/Build/Intermediates.noindex/LogicAudioAssistant.build/Release/PreviewAudition.build/Objects-normal/arm64/PreviewAudition.SwiftFileList -DSWIFT_PACKAGE -DSWIFT_MODULE_RESOURCE_BUNDLE_UNAVAILABLE -DXcode -plugin-path /Applications/Xcode.app/Contents/Developer/Toolchains/XcodeDefault.xctoolchain/usr/lib/swift/host/plugins/testing -enable-experimental-feature DebugDescriptionMacro -sdk /Applications/Xcode.app/Contents/Developer/Platforms/MacOSX.platform/Developer/SDKs/MacOSX26.5.sdk -target arm64-apple-macos14.0 -g -module-cache-path /Users/marcboyer/LogicAudioAssistant/.build/xcode-release-reviewfix/ModuleCache.noindex -Xfrontend -serialize-debugging-options -swift-version 6 -I /Users/marcboyer/LogicAudioAssistant/.build/xcode-release-reviewfix/Build/Products/Release -Isystem /Applications/Xcode.app/Contents/Developer/Platforms/MacOSX.platform/Developer/usr/lib -F /Users/marcboyer/LogicAudioAssistant/.build/xcode-release-reviewfix/Build/Products/Release -F /Applications/Xcode.app/Contents/Developer/Platforms/MacOSX.platform/Developer/Library/Frameworks -parse-as-library -c -num-threads 10 -Xcc -ivfsstatcache -Xcc /Users/marcboyer/LogicAudioAssistant/.build/xcode-release-reviewfix/SDKStatCaches.noindex/macosx26.5-25F70-e082c4a02f00227109f4ed75e425c832.sdkstatcache -output-file-map /Users/marcboyer/LogicAudioAssistant/.build/xcode-release-reviewfix/Build/Intermediates.noindex/LogicAudioAssistant.build/Release/PreviewAudition.build/Objects-normal/arm64/PreviewAudition-OutputFileMap.json -use-frontend-parseable-output -save-temps -no-color-diagnostics -explicit-module-build -module-cache-path /Users/marcboyer/LogicAudioAssistant/.build/xcode-release-reviewfix/Build/Intermediates.noindex/SwiftExplicitPrecompiledModules -clang-scanner-module-cache-path /Users/marcboyer/LogicAudioAssistant/.build/xcode-release-reviewfix/ModuleCache.noindex -sdk-module-cache-path /Users/marcboyer/LogicAudioAssistant/.build/xcode-release-reviewfix/ModuleCache.noindex -serialize-diagnostics -emit-dependencies -emit-module -emit-module-path /Users/marcboyer/LogicAudioAssistant/.build/xcode-release-reviewfix/Build/Intermediates.noindex/LogicAudioAssistant.build/Release/PreviewAudition.build/Objects-normal/arm64/PreviewAudition.swiftmodule -validate-clang-modules-once -clang-build-session-file /Users/marcboyer/LogicAudioAssistant/.build/xcode-release-reviewfix/ModuleCache.noindex/Session.modulevalidation -package-name logicaudioassistant -Xcc -I/Users/marcboyer/LogicAudioAssistant/.build/xcode-release-reviewfix/Build/Intermediates.noindex/LogicAudioAssistant.build/Release/PreviewAudition.build/swift-overrides.hmap -emit-const-values -Xfrontend -const-gather-protocols-file -Xfrontend /Users/marcboyer/LogicAudioAssistant/.build/xcode-release-reviewfix/Build/Intermediates.noindex/LogicAudioAssistant.build/Release/PreviewAudition.build/Objects-normal/arm64/PreviewAudition_const_extract_protocols.json -Xcc -I/Users/marcboyer/LogicAudioAssistant/.build/xcode-release-reviewfix/Build/Products/Release/include -Xcc -I/Users/marcboyer/LogicAudioAssistant/.build/xcode-release-reviewfix/Build/Intermediates.noindex/LogicAudioAssistant.build/Release/PreviewAudition.build/DerivedSources-normal/arm64 -Xcc -I/Users/marcboyer/LogicAudioAssistant/.build/xcode-release-reviewfix/Build/Intermediates.noindex/LogicAudioAssistant.build/Release/PreviewAudition.build/DerivedSources/arm64 -Xcc -I/Users/marcboyer/LogicAudioAssistant/.build/xcode-release-reviewfix/Build/Intermediates.noindex/LogicAudioAssistant.build/Release/PreviewAudition.build/DerivedSources -Xcc -DSWIFT_PACKAGE -emit-objc-header -emit-objc-header-path /Users/marcboyer/LogicAudioAssistant/.build/xcode-release-reviewfix/Build/Intermediates.noindex/LogicAudioAssistant.build/Release/PreviewAudition.build/Objects-normal/arm64/PreviewAudition-Swift.h -working-directory /Users/marcboyer/LogicAudioAssistant/LogicAudioAssistant.xcodeproj -no-emit-module-separately-wmo

SwiftMergeGeneratedHeaders /Users/marcboyer/LogicAudioAssistant/.build/xcode-release-reviewfix/Build/Intermediates.noindex/GeneratedModuleMaps/PreviewAudition-Swift.h /Users/marcboyer/LogicAudioAssistant/.build/xcode-release-reviewfix/Build/Intermediates.noindex/LogicAudioAssistant.build/Release/PreviewAudition.build/Objects-normal/arm64/PreviewAudition-Swift.h (in target 'PreviewAudition' from project 'LogicAudioAssistant' at path '/Users/marcboyer/LogicAudioAssistant/Package.swift')
    cd /Users/marcboyer/LogicAudioAssistant
    builtin-swiftHeaderTool -arch arm64 /Users/marcboyer/LogicAudioAssistant/.build/xcode-release-reviewfix/Build/Intermediates.noindex/LogicAudioAssistant.build/Release/PreviewAudition.build/Objects-normal/arm64/PreviewAudition-Swift.h -o /Users/marcboyer/LogicAudioAssistant/.build/xcode-release-reviewfix/Build/Intermediates.noindex/GeneratedModuleMaps/PreviewAudition-Swift.h

Copy /Users/marcboyer/LogicAudioAssistant/.build/xcode-release-reviewfix/Build/Products/Release/PreviewAudition.swiftmodule/arm64-apple-macos.abi.json /Users/marcboyer/LogicAudioAssistant/.build/xcode-release-reviewfix/Build/Intermediates.noindex/LogicAudioAssistant.build/Release/PreviewAudition.build/Objects-normal/arm64/PreviewAudition.abi.json (in target 'PreviewAudition' from project 'LogicAudioAssistant' at path '/Users/marcboyer/LogicAudioAssistant/Package.swift')
    cd /Users/marcboyer/LogicAudioAssistant
    builtin-copy -exclude .DS_Store -exclude CVS -exclude .svn -exclude .git -exclude .hg -strip-unsigned-binaries -strip-deterministic -strip-tool /Applications/Xcode.app/Contents/Developer/Toolchains/XcodeDefault.xctoolchain/usr/bin/strip -resolve-src-symlinks -rename /Users/marcboyer/LogicAudioAssistant/.build/xcode-release-reviewfix/Build/Intermediates.noindex/LogicAudioAssistant.build/Release/PreviewAudition.build/Objects-normal/arm64/PreviewAudition.abi.json /Users/marcboyer/LogicAudioAssistant/.build/xcode-release-reviewfix/Build/Products/Release/PreviewAudition.swiftmodule/arm64-apple-macos.abi.json

Copy /Users/marcboyer/LogicAudioAssistant/.build/xcode-release-reviewfix/Build/Products/Release/PreviewAudition.swiftmodule/arm64-apple-macos.swiftdoc /Users/marcboyer/LogicAudioAssistant/.build/xcode-release-reviewfix/Build/Intermediates.noindex/LogicAudioAssistant.build/Release/PreviewAudition.build/Objects-normal/arm64/PreviewAudition.swiftdoc (in target 'PreviewAudition' from project 'LogicAudioAssistant' at path '/Users/marcboyer/LogicAudioAssistant/Package.swift')
    cd /Users/marcboyer/LogicAudioAssistant
    builtin-copy -exclude .DS_Store -exclude CVS -exclude .svn -exclude .git -exclude .hg -strip-unsigned-binaries -strip-deterministic -strip-tool /Applications/Xcode.app/Contents/Developer/Toolchains/XcodeDefault.xctoolchain/usr/bin/strip -resolve-src-symlinks -rename /Users/marcboyer/LogicAudioAssistant/.build/xcode-release-reviewfix/Build/Intermediates.noindex/LogicAudioAssistant.build/Release/PreviewAudition.build/Objects-normal/arm64/PreviewAudition.swiftdoc /Users/marcboyer/LogicAudioAssistant/.build/xcode-release-reviewfix/Build/Products/Release/PreviewAudition.swiftmodule/arm64-apple-macos.swiftdoc

Copy /Users/marcboyer/LogicAudioAssistant/.build/xcode-release-reviewfix/Build/Products/Release/PreviewAudition.swiftmodule/arm64-apple-macos.swiftmodule /Users/marcboyer/LogicAudioAssistant/.build/xcode-release-reviewfix/Build/Intermediates.noindex/LogicAudioAssistant.build/Release/PreviewAudition.build/Objects-normal/arm64/PreviewAudition.swiftmodule (in target 'PreviewAudition' from project 'LogicAudioAssistant' at path '/Users/marcboyer/LogicAudioAssistant/Package.swift')
    cd /Users/marcboyer/LogicAudioAssistant
    builtin-copy -exclude .DS_Store -exclude CVS -exclude .svn -exclude .git -exclude .hg -strip-unsigned-binaries -strip-deterministic -strip-tool /Applications/Xcode.app/Contents/Developer/Toolchains/XcodeDefault.xctoolchain/usr/bin/strip -resolve-src-symlinks -rename /Users/marcboyer/LogicAudioAssistant/.build/xcode-release-reviewfix/Build/Intermediates.noindex/LogicAudioAssistant.build/Release/PreviewAudition.build/Objects-normal/arm64/PreviewAudition.swiftmodule /Users/marcboyer/LogicAudioAssistant/.build/xcode-release-reviewfix/Build/Products/Release/PreviewAudition.swiftmodule/arm64-apple-macos.swiftmodule

Copy /Users/marcboyer/LogicAudioAssistant/.build/xcode-release-reviewfix/Build/Products/Release/PreviewAudition.swiftmodule/Project/arm64-apple-macos.swiftsourceinfo /Users/marcboyer/LogicAudioAssistant/.build/xcode-release-reviewfix/Build/Intermediates.noindex/LogicAudioAssistant.build/Release/PreviewAudition.build/Objects-normal/arm64/PreviewAudition.swiftsourceinfo (in target 'PreviewAudition' from project 'LogicAudioAssistant' at path '/Users/marcboyer/LogicAudioAssistant/Package.swift')
    cd /Users/marcboyer/LogicAudioAssistant
    builtin-copy -exclude .DS_Store -exclude CVS -exclude .svn -exclude .git -exclude .hg -strip-unsigned-binaries -strip-deterministic -strip-tool /Applications/Xcode.app/Contents/Developer/Toolchains/XcodeDefault.xctoolchain/usr/bin/strip -resolve-src-symlinks -rename /Users/marcboyer/LogicAudioAssistant/.build/xcode-release-reviewfix/Build/Intermediates.noindex/LogicAudioAssistant.build/Release/PreviewAudition.build/Objects-normal/arm64/PreviewAudition.swiftsourceinfo /Users/marcboyer/LogicAudioAssistant/.build/xcode-release-reviewfix/Build/Products/Release/PreviewAudition.swiftmodule/Project/arm64-apple-macos.swiftsourceinfo

Ld /Users/marcboyer/LogicAudioAssistant/.build/xcode-release-reviewfix/Build/Products/Release/PreviewAudition.o normal (in target 'PreviewAudition' from project 'LogicAudioAssistant' at path '/Users/marcboyer/LogicAudioAssistant/Package.swift')
    cd /Users/marcboyer/LogicAudioAssistant
    /Applications/Xcode.app/Contents/Developer/Toolchains/XcodeDefault.xctoolchain/usr/bin/clang -Xlinker -reproducible -target arm64-apple-macos14.0 -r -isysroot /Applications/Xcode.app/Contents/Developer/Platforms/MacOSX.platform/Developer/SDKs/MacOSX26.5.sdk -Os -F/Users/marcboyer/LogicAudioAssistant/.build/xcode-release-reviewfix/Build/Intermediates.noindex/EagerLinkingTBDs/Release -F/Users/marcboyer/LogicAudioAssistant/.build/xcode-release-reviewfix/Build/Products/Release -iframework /Applications/Xcode.app/Contents/Developer/Platforms/MacOSX.platform/Developer/Library/Frameworks -filelist /Users/marcboyer/LogicAudioAssistant/.build/xcode-release-reviewfix/Build/Intermediates.noindex/LogicAudioAssistant.build/Release/PreviewAudition.build/Objects-normal/arm64/PreviewAudition.LinkFileList -nostdlib -Xlinker -object_path_lto -Xlinker /Users/marcboyer/LogicAudioAssistant/.build/xcode-release-reviewfix/Build/Intermediates.noindex/LogicAudioAssistant.build/Release/PreviewAudition.build/Objects-normal/arm64/PreviewAudition_lto.o -Xlinker -dependency_info -Xlinker /Users/marcboyer/LogicAudioAssistant/.build/xcode-release-reviewfix/Build/Intermediates.noindex/LogicAudioAssistant.build/Release/PreviewAudition.build/Objects-normal/arm64/PreviewAudition_dependency_info.dat -fobjc-link-runtime -L/Applications/Xcode.app/Contents/Developer/Toolchains/XcodeDefault.xctoolchain/usr/lib/swift/macosx -L/usr/lib/swift -Xlinker -add_ast_path -Xlinker /Users/marcboyer/LogicAudioAssistant/.build/xcode-release-reviewfix/Build/Intermediates.noindex/LogicAudioAssistant.build/Release/PreviewAudition.build/Objects-normal/arm64/PreviewAudition.swiftmodule @/Users/marcboyer/LogicAudioAssistant/.build/xcode-release-reviewfix/Build/Intermediates.noindex/LogicAudioAssistant.build/Release/PreviewAudition.build/Objects-normal/arm64/PreviewAudition-linker-args.resp -o /Users/marcboyer/LogicAudioAssistant/.build/xcode-release-reviewfix/Build/Products/Release/PreviewAudition.o

ExtractAppIntentsMetadata (in target 'PreviewAudition' from project 'LogicAudioAssistant' at path '/Users/marcboyer/LogicAudioAssistant/Package.swift')
    cd /Users/marcboyer/LogicAudioAssistant
    /Applications/Xcode.app/Contents/Developer/Toolchains/XcodeDefault.xctoolchain/usr/bin/appintentsmetadataprocessor --toolchain-dir /Applications/Xcode.app/Contents/Developer/Toolchains/XcodeDefault.xctoolchain --module-name PreviewAudition --sdk-root /Applications/Xcode.app/Contents/Developer/Platforms/MacOSX.platform/Developer/SDKs/MacOSX26.5.sdk --xcode-version 17F113 --platform-family macOS --deployment-target 14.0 --bundle-identifier logicaudioassistant.PreviewAudition --output /Users/marcboyer/LogicAudioAssistant/.build/xcode-release-reviewfix/Build/Products/Release/PreviewAudition.appintents --target-triple arm64-apple-macos14.0 --binary-file /Users/marcboyer/LogicAudioAssistant/.build/xcode-release-reviewfix/Build/Products/Release/PreviewAudition.o --dependency-file /Users/marcboyer/LogicAudioAssistant/.build/xcode-release-reviewfix/Build/Intermediates.noindex/LogicAudioAssistant.build/Release/PreviewAudition.build/Objects-normal/arm64/PreviewAudition_dependency_info.dat --stringsdata-file /Users/marcboyer/LogicAudioAssistant/.build/xcode-release-reviewfix/Build/Intermediates.noindex/LogicAudioAssistant.build/Release/PreviewAudition.build/Objects-normal/arm64/ExtractedAppShortcutsMetadata.stringsdata --source-file-list /Users/marcboyer/LogicAudioAssistant/.build/xcode-release-reviewfix/Build/Intermediates.noindex/LogicAudioAssistant.build/Release/PreviewAudition.build/Objects-normal/arm64/PreviewAudition.SwiftFileList --metadata-file-list /Users/marcboyer/LogicAudioAssistant/.build/xcode-release-reviewfix/Build/Intermediates.noindex/LogicAudioAssistant.build/Release/PreviewAudition.build/PreviewAudition.DependencyMetadataFileList --static-metadata-file-list /Users/marcboyer/LogicAudioAssistant/.build/xcode-release-reviewfix/Build/Intermediates.noindex/LogicAudioAssistant.build/Release/PreviewAudition.build/PreviewAudition.DependencyStaticMetadataFileList --swift-const-vals-list /Users/marcboyer/LogicAudioAssistant/.build/xcode-release-reviewfix/Build/Intermediates.noindex/LogicAudioAssistant.build/Release/PreviewAudition.build/Objects-normal/arm64/PreviewAudition.SwiftConstValuesFileList --force --compile-time-extraction --deployment-aware-processing --validate-assistant-intents --no-app-shortcuts-localization
2026-08-14 14:53:09.116 appintentsmetadataprocessor[34969:3499411] Starting appintentsmetadataprocessor export
2026-08-14 14:53:09.124 appintentsmetadataprocessor[34969:3499411] Extracted no relevant App Intents symbols, skipping writing output

RegisterExecutionPolicyException /Users/marcboyer/LogicAudioAssistant/.build/xcode-release-reviewfix/Build/Products/Release/PreviewAudition.o (in target 'PreviewAudition' from project 'LogicAudioAssistant' at path '/Users/marcboyer/LogicAudioAssistant/Package.swift')
    cd /Users/marcboyer/LogicAudioAssistant
    builtin-RegisterExecutionPolicyException /Users/marcboyer/LogicAudioAssistant/.build/xcode-release-reviewfix/Build/Products/Release/PreviewAudition.o

SwiftDriverJobDiscovery normal arm64 Compiling PlanValidator.swift, ProcessingPlan.swift (in target 'PlanSchema' from project 'LogicAudioAssistant' at path '/Users/marcboyer/LogicAudioAssistant/Package.swift')

SwiftDriver\ Compilation\ Requirements PlanSchema normal arm64 com.apple.xcode.tools.swift.compiler (in target 'PlanSchema' from project 'LogicAudioAssistant' at path '/Users/marcboyer/LogicAudioAssistant/Package.swift')
    cd /Users/marcboyer/LogicAudioAssistant/LogicAudioAssistant.xcodeproj
    builtin-Swift-Compilation-Requirements -- /Applications/Xcode.app/Contents/Developer/Toolchains/XcodeDefault.xctoolchain/usr/bin/swiftc -module-name PlanSchema -O -whole-module-optimization @/Users/marcboyer/LogicAudioAssistant/.build/xcode-release-reviewfix/Build/Intermediates.noindex/LogicAudioAssistant.build/Release/PlanSchema.build/Objects-normal/arm64/PlanSchema.SwiftFileList -DSWIFT_PACKAGE -DSWIFT_MODULE_RESOURCE_BUNDLE_UNAVAILABLE -DXcode -plugin-path /Applications/Xcode.app/Contents/Developer/Toolchains/XcodeDefault.xctoolchain/usr/lib/swift/host/plugins/testing -enable-experimental-feature DebugDescriptionMacro -sdk /Applications/Xcode.app/Contents/Developer/Platforms/MacOSX.platform/Developer/SDKs/MacOSX26.5.sdk -target arm64-apple-macos14.0 -g -module-cache-path /Users/marcboyer/LogicAudioAssistant/.build/xcode-release-reviewfix/ModuleCache.noindex -Xfrontend -serialize-debugging-options -swift-version 6 -I /Users/marcboyer/LogicAudioAssistant/.build/xcode-release-reviewfix/Build/Products/Release -Isystem /Applications/Xcode.app/Contents/Developer/Platforms/MacOSX.platform/Developer/usr/lib -F /Users/marcboyer/LogicAudioAssistant/.build/xcode-release-reviewfix/Build/Products/Release -F /Applications/Xcode.app/Contents/Developer/Platforms/MacOSX.platform/Developer/Library/Frameworks -c -num-threads 10 -Xcc -ivfsstatcache -Xcc /Users/marcboyer/LogicAudioAssistant/.build/xcode-release-reviewfix/SDKStatCaches.noindex/macosx26.5-25F70-e082c4a02f00227109f4ed75e425c832.sdkstatcache -output-file-map /Users/marcboyer/LogicAudioAssistant/.build/xcode-release-reviewfix/Build/Intermediates.noindex/LogicAudioAssistant.build/Release/PlanSchema.build/Objects-normal/arm64/PlanSchema-OutputFileMap.json -use-frontend-parseable-output -save-temps -no-color-diagnostics -explicit-module-build -module-cache-path /Users/marcboyer/LogicAudioAssistant/.build/xcode-release-reviewfix/Build/Intermediates.noindex/SwiftExplicitPrecompiledModules -clang-scanner-module-cache-path /Users/marcboyer/LogicAudioAssistant/.build/xcode-release-reviewfix/ModuleCache.noindex -sdk-module-cache-path /Users/marcboyer/LogicAudioAssistant/.build/xcode-release-reviewfix/ModuleCache.noindex -serialize-diagnostics -emit-dependencies -emit-module -emit-module-path /Users/marcboyer/LogicAudioAssistant/.build/xcode-release-reviewfix/Build/Intermediates.noindex/LogicAudioAssistant.build/Release/PlanSchema.build/Objects-normal/arm64/PlanSchema.swiftmodule -validate-clang-modules-once -clang-build-session-file /Users/marcboyer/LogicAudioAssistant/.build/xcode-release-reviewfix/ModuleCache.noindex/Session.modulevalidation -package-name logicaudioassistant -Xcc -I/Users/marcboyer/LogicAudioAssistant/.build/xcode-release-reviewfix/Build/Intermediates.noindex/LogicAudioAssistant.build/Release/PlanSchema.build/swift-overrides.hmap -emit-const-values -Xfrontend -const-gather-protocols-file -Xfrontend /Users/marcboyer/LogicAudioAssistant/.build/xcode-release-reviewfix/Build/Intermediates.noindex/LogicAudioAssistant.build/Release/PlanSchema.build/Objects-normal/arm64/PlanSchema_const_extract_protocols.json -Xcc -I/Users/marcboyer/LogicAudioAssistant/.build/xcode-release-reviewfix/Build/Products/Release/include -Xcc -I/Users/marcboyer/LogicAudioAssistant/.build/xcode-release-reviewfix/Build/Intermediates.noindex/LogicAudioAssistant.build/Release/PlanSchema.build/DerivedSources-normal/arm64 -Xcc -I/Users/marcboyer/LogicAudioAssistant/.build/xcode-release-reviewfix/Build/Intermediates.noindex/LogicAudioAssistant.build/Release/PlanSchema.build/DerivedSources/arm64 -Xcc -I/Users/marcboyer/LogicAudioAssistant/.build/xcode-release-reviewfix/Build/Intermediates.noindex/LogicAudioAssistant.build/Release/PlanSchema.build/DerivedSources -Xcc -DSWIFT_PACKAGE -emit-objc-header -emit-objc-header-path /Users/marcboyer/LogicAudioAssistant/.build/xcode-release-reviewfix/Build/Intermediates.noindex/LogicAudioAssistant.build/Release/PlanSchema.build/Objects-normal/arm64/PlanSchema-Swift.h -working-directory /Users/marcboyer/LogicAudioAssistant/LogicAudioAssistant.xcodeproj -no-emit-module-separately-wmo

SwiftMergeGeneratedHeaders /Users/marcboyer/LogicAudioAssistant/.build/xcode-release-reviewfix/Build/Intermediates.noindex/GeneratedModuleMaps/PlanSchema-Swift.h /Users/marcboyer/LogicAudioAssistant/.build/xcode-release-reviewfix/Build/Intermediates.noindex/LogicAudioAssistant.build/Release/PlanSchema.build/Objects-normal/arm64/PlanSchema-Swift.h (in target 'PlanSchema' from project 'LogicAudioAssistant' at path '/Users/marcboyer/LogicAudioAssistant/Package.swift')
    cd /Users/marcboyer/LogicAudioAssistant
    builtin-swiftHeaderTool -arch arm64 /Users/marcboyer/LogicAudioAssistant/.build/xcode-release-reviewfix/Build/Intermediates.noindex/LogicAudioAssistant.build/Release/PlanSchema.build/Objects-normal/arm64/PlanSchema-Swift.h -o /Users/marcboyer/LogicAudioAssistant/.build/xcode-release-reviewfix/Build/Intermediates.noindex/GeneratedModuleMaps/PlanSchema-Swift.h

Copy /Users/marcboyer/LogicAudioAssistant/.build/xcode-release-reviewfix/Build/Products/Release/PlanSchema.swiftmodule/arm64-apple-macos.swiftmodule /Users/marcboyer/LogicAudioAssistant/.build/xcode-release-reviewfix/Build/Intermediates.noindex/LogicAudioAssistant.build/Release/PlanSchema.build/Objects-normal/arm64/PlanSchema.swiftmodule (in target 'PlanSchema' from project 'LogicAudioAssistant' at path '/Users/marcboyer/LogicAudioAssistant/Package.swift')
    cd /Users/marcboyer/LogicAudioAssistant
    builtin-copy -exclude .DS_Store -exclude CVS -exclude .svn -exclude .git -exclude .hg -strip-unsigned-binaries -strip-deterministic -strip-tool /Applications/Xcode.app/Contents/Developer/Toolchains/XcodeDefault.xctoolchain/usr/bin/strip -resolve-src-symlinks -rename /Users/marcboyer/LogicAudioAssistant/.build/xcode-release-reviewfix/Build/Intermediates.noindex/LogicAudioAssistant.build/Release/PlanSchema.build/Objects-normal/arm64/PlanSchema.swiftmodule /Users/marcboyer/LogicAudioAssistant/.build/xcode-release-reviewfix/Build/Products/Release/PlanSchema.swiftmodule/arm64-apple-macos.swiftmodule

Copy /Users/marcboyer/LogicAudioAssistant/.build/xcode-release-reviewfix/Build/Products/Release/PlanSchema.swiftmodule/arm64-apple-macos.abi.json /Users/marcboyer/LogicAudioAssistant/.build/xcode-release-reviewfix/Build/Intermediates.noindex/LogicAudioAssistant.build/Release/PlanSchema.build/Objects-normal/arm64/PlanSchema.abi.json (in target 'PlanSchema' from project 'LogicAudioAssistant' at path '/Users/marcboyer/LogicAudioAssistant/Package.swift')
    cd /Users/marcboyer/LogicAudioAssistant
    builtin-copy -exclude .DS_Store -exclude CVS -exclude .svn -exclude .git -exclude .hg -strip-unsigned-binaries -strip-deterministic -strip-tool /Applications/Xcode.app/Contents/Developer/Toolchains/XcodeDefault.xctoolchain/usr/bin/strip -resolve-src-symlinks -rename /Users/marcboyer/LogicAudioAssistant/.build/xcode-release-reviewfix/Build/Intermediates.noindex/LogicAudioAssistant.build/Release/PlanSchema.build/Objects-normal/arm64/PlanSchema.abi.json /Users/marcboyer/LogicAudioAssistant/.build/xcode-release-reviewfix/Build/Products/Release/PlanSchema.swiftmodule/arm64-apple-macos.abi.json

Copy /Users/marcboyer/LogicAudioAssistant/.build/xcode-release-reviewfix/Build/Products/Release/PlanSchema.swiftmodule/arm64-apple-macos.swiftdoc /Users/marcboyer/LogicAudioAssistant/.build/xcode-release-reviewfix/Build/Intermediates.noindex/LogicAudioAssistant.build/Release/PlanSchema.build/Objects-normal/arm64/PlanSchema.swiftdoc (in target 'PlanSchema' from project 'LogicAudioAssistant' at path '/Users/marcboyer/LogicAudioAssistant/Package.swift')
    cd /Users/marcboyer/LogicAudioAssistant
    builtin-copy -exclude .DS_Store -exclude CVS -exclude .svn -exclude .git -exclude .hg -strip-unsigned-binaries -strip-deterministic -strip-tool /Applications/Xcode.app/Contents/Developer/Toolchains/XcodeDefault.xctoolchain/usr/bin/strip -resolve-src-symlinks -rename /Users/marcboyer/LogicAudioAssistant/.build/xcode-release-reviewfix/Build/Intermediates.noindex/LogicAudioAssistant.build/Release/PlanSchema.build/Objects-normal/arm64/PlanSchema.swiftdoc /Users/marcboyer/LogicAudioAssistant/.build/xcode-release-reviewfix/Build/Products/Release/PlanSchema.swiftmodule/arm64-apple-macos.swiftdoc

Copy /Users/marcboyer/LogicAudioAssistant/.build/xcode-release-reviewfix/Build/Products/Release/PlanSchema.swiftmodule/Project/arm64-apple-macos.swiftsourceinfo /Users/marcboyer/LogicAudioAssistant/.build/xcode-release-reviewfix/Build/Intermediates.noindex/LogicAudioAssistant.build/Release/PlanSchema.build/Objects-normal/arm64/PlanSchema.swiftsourceinfo (in target 'PlanSchema' from project 'LogicAudioAssistant' at path '/Users/marcboyer/LogicAudioAssistant/Package.swift')
    cd /Users/marcboyer/LogicAudioAssistant
    builtin-copy -exclude .DS_Store -exclude CVS -exclude .svn -exclude .git -exclude .hg -strip-unsigned-binaries -strip-deterministic -strip-tool /Applications/Xcode.app/Contents/Developer/Toolchains/XcodeDefault.xctoolchain/usr/bin/strip -resolve-src-symlinks -rename /Users/marcboyer/LogicAudioAssistant/.build/xcode-release-reviewfix/Build/Intermediates.noindex/LogicAudioAssistant.build/Release/PlanSchema.build/Objects-normal/arm64/PlanSchema.swiftsourceinfo /Users/marcboyer/LogicAudioAssistant/.build/xcode-release-reviewfix/Build/Products/Release/PlanSchema.swiftmodule/Project/arm64-apple-macos.swiftsourceinfo

Ld /Users/marcboyer/LogicAudioAssistant/.build/xcode-release-reviewfix/Build/Products/Release/PlanSchema.o normal (in target 'PlanSchema' from project 'LogicAudioAssistant' at path '/Users/marcboyer/LogicAudioAssistant/Package.swift')
    cd /Users/marcboyer/LogicAudioAssistant
    /Applications/Xcode.app/Contents/Developer/Toolchains/XcodeDefault.xctoolchain/usr/bin/clang -Xlinker -reproducible -target arm64-apple-macos14.0 -r -isysroot /Applications/Xcode.app/Contents/Developer/Platforms/MacOSX.platform/Developer/SDKs/MacOSX26.5.sdk -Os -F/Users/marcboyer/LogicAudioAssistant/.build/xcode-release-reviewfix/Build/Intermediates.noindex/EagerLinkingTBDs/Release -F/Users/marcboyer/LogicAudioAssistant/.build/xcode-release-reviewfix/Build/Products/Release -iframework /Applications/Xcode.app/Contents/Developer/Platforms/MacOSX.platform/Developer/Library/Frameworks -filelist /Users/marcboyer/LogicAudioAssistant/.build/xcode-release-reviewfix/Build/Intermediates.noindex/LogicAudioAssistant.build/Release/PlanSchema.build/Objects-normal/arm64/PlanSchema.LinkFileList -nostdlib -Xlinker -object_path_lto -Xlinker /Users/marcboyer/LogicAudioAssistant/.build/xcode-release-reviewfix/Build/Intermediates.noindex/LogicAudioAssistant.build/Release/PlanSchema.build/Objects-normal/arm64/PlanSchema_lto.o -Xlinker -dependency_info -Xlinker /Users/marcboyer/LogicAudioAssistant/.build/xcode-release-reviewfix/Build/Intermediates.noindex/LogicAudioAssistant.build/Release/PlanSchema.build/Objects-normal/arm64/PlanSchema_dependency_info.dat -fobjc-link-runtime -L/Applications/Xcode.app/Contents/Developer/Toolchains/XcodeDefault.xctoolchain/usr/lib/swift/macosx -L/usr/lib/swift -Xlinker -add_ast_path -Xlinker /Users/marcboyer/LogicAudioAssistant/.build/xcode-release-reviewfix/Build/Intermediates.noindex/LogicAudioAssistant.build/Release/PlanSchema.build/Objects-normal/arm64/PlanSchema.swiftmodule @/Users/marcboyer/LogicAudioAssistant/.build/xcode-release-reviewfix/Build/Intermediates.noindex/LogicAudioAssistant.build/Release/PlanSchema.build/Objects-normal/arm64/PlanSchema-linker-args.resp -o /Users/marcboyer/LogicAudioAssistant/.build/xcode-release-reviewfix/Build/Products/Release/PlanSchema.o

SwiftDriver StateStore normal arm64 com.apple.xcode.tools.swift.compiler (in target 'StateStore' from project 'LogicAudioAssistant' at path '/Users/marcboyer/LogicAudioAssistant/Package.swift')
    cd /Users/marcboyer/LogicAudioAssistant/LogicAudioAssistant.xcodeproj
    builtin-SwiftDriver -- /Applications/Xcode.app/Contents/Developer/Toolchains/XcodeDefault.xctoolchain/usr/bin/swiftc -module-name StateStore -O -whole-module-optimization @/Users/marcboyer/LogicAudioAssistant/.build/xcode-release-reviewfix/Build/Intermediates.noindex/LogicAudioAssistant.build/Release/StateStore.build/Objects-normal/arm64/StateStore.SwiftFileList -DSWIFT_PACKAGE -DSWIFT_MODULE_RESOURCE_BUNDLE_UNAVAILABLE -DXcode -plugin-path /Applications/Xcode.app/Contents/Developer/Toolchains/XcodeDefault.xctoolchain/usr/lib/swift/host/plugins/testing -enable-experimental-feature DebugDescriptionMacro -sdk /Applications/Xcode.app/Contents/Developer/Platforms/MacOSX.platform/Developer/SDKs/MacOSX26.5.sdk -target arm64-apple-macos14.0 -g -module-cache-path /Users/marcboyer/LogicAudioAssistant/.build/xcode-release-reviewfix/ModuleCache.noindex -Xfrontend -serialize-debugging-options -swift-version 6 -I /Users/marcboyer/LogicAudioAssistant/.build/xcode-release-reviewfix/Build/Products/Release -Isystem /Applications/Xcode.app/Contents/Developer/Platforms/MacOSX.platform/Developer/usr/lib -F /Users/marcboyer/LogicAudioAssistant/.build/xcode-release-reviewfix/Build/Products/Release/PackageFrameworks -F /Users/marcboyer/LogicAudioAssistant/.build/xcode-release-reviewfix/Build/Products/Release -F /Applications/Xcode.app/Contents/Developer/Platforms/MacOSX.platform/Developer/Library/Frameworks -c -num-threads 10 -Xcc -ivfsstatcache -Xcc /Users/marcboyer/LogicAudioAssistant/.build/xcode-release-reviewfix/SDKStatCaches.noindex/macosx26.5-25F70-e082c4a02f00227109f4ed75e425c832.sdkstatcache -output-file-map /Users/marcboyer/LogicAudioAssistant/.build/xcode-release-reviewfix/Build/Intermediates.noindex/LogicAudioAssistant.build/Release/StateStore.build/Objects-normal/arm64/StateStore-OutputFileMap.json -use-frontend-parseable-output -save-temps -no-color-diagnostics -explicit-module-build -module-cache-path /Users/marcboyer/LogicAudioAssistant/.build/xcode-release-reviewfix/Build/Intermediates.noindex/SwiftExplicitPrecompiledModules -clang-scanner-module-cache-path /Users/marcboyer/LogicAudioAssistant/.build/xcode-release-reviewfix/ModuleCache.noindex -sdk-module-cache-path /Users/marcboyer/LogicAudioAssistant/.build/xcode-release-reviewfix/ModuleCache.noindex -serialize-diagnostics -emit-dependencies -emit-module -emit-module-path /Users/marcboyer/LogicAudioAssistant/.build/xcode-release-reviewfix/Build/Intermediates.noindex/LogicAudioAssistant.build/Release/StateStore.build/Objects-normal/arm64/StateStore.swiftmodule -validate-clang-modules-once -clang-build-session-file /Users/marcboyer/LogicAudioAssistant/.build/xcode-release-reviewfix/ModuleCache.noindex/Session.modulevalidation -package-name logicaudioassistant -Xcc -I/Users/marcboyer/LogicAudioAssistant/.build/xcode-release-reviewfix/Build/Intermediates.noindex/LogicAudioAssistant.build/Release/StateStore.build/swift-overrides.hmap -emit-const-values -Xfrontend -const-gather-protocols-file -Xfrontend /Users/marcboyer/LogicAudioAssistant/.build/xcode-release-reviewfix/Build/Intermediates.noindex/LogicAudioAssistant.build/Release/StateStore.build/Objects-normal/arm64/StateStore_const_extract_protocols.json -Xcc -I/Users/marcboyer/LogicAudioAssistant/.build/xcode-release-reviewfix/Build/Products/Release/include -Xcc -I/Users/marcboyer/LogicAudioAssistant/.build/xcode-release-reviewfix/Build/Intermediates.noindex/LogicAudioAssistant.build/Release/StateStore.build/DerivedSources-normal/arm64 -Xcc -I/Users/marcboyer/LogicAudioAssistant/.build/xcode-release-reviewfix/Build/Intermediates.noindex/LogicAudioAssistant.build/Release/StateStore.build/DerivedSources/arm64 -Xcc -I/Users/marcboyer/LogicAudioAssistant/.build/xcode-release-reviewfix/Build/Intermediates.noindex/LogicAudioAssistant.build/Release/StateStore.build/DerivedSources -Xcc -DSWIFT_PACKAGE -emit-objc-header -emit-objc-header-path /Users/marcboyer/LogicAudioAssistant/.build/xcode-release-reviewfix/Build/Intermediates.noindex/LogicAudioAssistant.build/Release/StateStore.build/Objects-normal/arm64/StateStore-Swift.h -working-directory /Users/marcboyer/LogicAudioAssistant/LogicAudioAssistant.xcodeproj -no-emit-module-separately-wmo

SwiftDriver SharedIPC normal arm64 com.apple.xcode.tools.swift.compiler (in target 'SharedIPC' from project 'LogicAudioAssistant' at path '/Users/marcboyer/LogicAudioAssistant/Package.swift')
    cd /Users/marcboyer/LogicAudioAssistant/LogicAudioAssistant.xcodeproj
    builtin-SwiftDriver -- /Applications/Xcode.app/Contents/Developer/Toolchains/XcodeDefault.xctoolchain/usr/bin/swiftc -module-name SharedIPC -O -whole-module-optimization @/Users/marcboyer/LogicAudioAssistant/.build/xcode-release-reviewfix/Build/Intermediates.noindex/LogicAudioAssistant.build/Release/SharedIPC.build/Objects-normal/arm64/SharedIPC.SwiftFileList -DSWIFT_PACKAGE -DSWIFT_MODULE_RESOURCE_BUNDLE_UNAVAILABLE -DXcode -plugin-path /Applications/Xcode.app/Contents/Developer/Toolchains/XcodeDefault.xctoolchain/usr/lib/swift/host/plugins/testing -enable-experimental-feature DebugDescriptionMacro -sdk /Applications/Xcode.app/Contents/Developer/Platforms/MacOSX.platform/Developer/SDKs/MacOSX26.5.sdk -target arm64-apple-macos14.0 -g -module-cache-path /Users/marcboyer/LogicAudioAssistant/.build/xcode-release-reviewfix/ModuleCache.noindex -Xfrontend -serialize-debugging-options -swift-version 6 -I /Users/marcboyer/LogicAudioAssistant/.build/xcode-release-reviewfix/Build/Products/Release -Isystem /Applications/Xcode.app/Contents/Developer/Platforms/MacOSX.platform/Developer/usr/lib -F /Users/marcboyer/LogicAudioAssistant/.build/xcode-release-reviewfix/Build/Products/Release/PackageFrameworks -F /Users/marcboyer/LogicAudioAssistant/.build/xcode-release-reviewfix/Build/Products/Release -F /Applications/Xcode.app/Contents/Developer/Platforms/MacOSX.platform/Developer/Library/Frameworks -c -num-threads 10 -Xcc -ivfsstatcache -Xcc /Users/marcboyer/LogicAudioAssistant/.build/xcode-release-reviewfix/SDKStatCaches.noindex/macosx26.5-25F70-e082c4a02f00227109f4ed75e425c832.sdkstatcache -output-file-map /Users/marcboyer/LogicAudioAssistant/.build/xcode-release-reviewfix/Build/Intermediates.noindex/LogicAudioAssistant.build/Release/SharedIPC.build/Objects-normal/arm64/SharedIPC-OutputFileMap.json -use-frontend-parseable-output -save-temps -no-color-diagnostics -explicit-module-build -module-cache-path /Users/marcboyer/LogicAudioAssistant/.build/xcode-release-reviewfix/Build/Intermediates.noindex/SwiftExplicitPrecompiledModules -clang-scanner-module-cache-path /Users/marcboyer/LogicAudioAssistant/.build/xcode-release-reviewfix/ModuleCache.noindex -sdk-module-cache-path /Users/marcboyer/LogicAudioAssistant/.build/xcode-release-reviewfix/ModuleCache.noindex -serialize-diagnostics -emit-dependencies -emit-module -emit-module-path /Users/marcboyer/LogicAudioAssistant/.build/xcode-release-reviewfix/Build/Intermediates.noindex/LogicAudioAssistant.build/Release/SharedIPC.build/Objects-normal/arm64/SharedIPC.swiftmodule -validate-clang-modules-once -clang-build-session-file /Users/marcboyer/LogicAudioAssistant/.build/xcode-release-reviewfix/ModuleCache.noindex/Session.modulevalidation -package-name logicaudioassistant -Xcc -I/Users/marcboyer/LogicAudioAssistant/.build/xcode-release-reviewfix/Build/Intermediates.noindex/LogicAudioAssistant.build/Release/SharedIPC.build/swift-overrides.hmap -emit-const-values -Xfrontend -const-gather-protocols-file -Xfrontend /Users/marcboyer/LogicAudioAssistant/.build/xcode-release-reviewfix/Build/Intermediates.noindex/LogicAudioAssistant.build/Release/SharedIPC.build/Objects-normal/arm64/SharedIPC_const_extract_protocols.json -Xcc -I/Users/marcboyer/LogicAudioAssistant/.build/xcode-release-reviewfix/Build/Products/Release/include -Xcc -I/Users/marcboyer/LogicAudioAssistant/.build/xcode-release-reviewfix/Build/Intermediates.noindex/LogicAudioAssistant.build/Release/SharedIPC.build/DerivedSources-normal/arm64 -Xcc -I/Users/marcboyer/LogicAudioAssistant/.build/xcode-release-reviewfix/Build/Intermediates.noindex/LogicAudioAssistant.build/Release/SharedIPC.build/DerivedSources/arm64 -Xcc -I/Users/marcboyer/LogicAudioAssistant/.build/xcode-release-reviewfix/Build/Intermediates.noindex/LogicAudioAssistant.build/Release/SharedIPC.build/DerivedSources -Xcc -DSWIFT_PACKAGE -emit-objc-header -emit-objc-header-path /Users/marcboyer/LogicAudioAssistant/.build/xcode-release-reviewfix/Build/Intermediates.noindex/LogicAudioAssistant.build/Release/SharedIPC.build/Objects-normal/arm64/SharedIPC-Swift.h -working-directory /Users/marcboyer/LogicAudioAssistant/LogicAudioAssistant.xcodeproj -no-emit-module-separately-wmo

SwiftDriver DSPCore normal arm64 com.apple.xcode.tools.swift.compiler (in target 'DSPCore' from project 'LogicAudioAssistant' at path '/Users/marcboyer/LogicAudioAssistant/Package.swift')
    cd /Users/marcboyer/LogicAudioAssistant/LogicAudioAssistant.xcodeproj
    builtin-SwiftDriver -- /Applications/Xcode.app/Contents/Developer/Toolchains/XcodeDefault.xctoolchain/usr/bin/swiftc -module-name DSPCore -O -whole-module-optimization @/Users/marcboyer/LogicAudioAssistant/.build/xcode-release-reviewfix/Build/Intermediates.noindex/LogicAudioAssistant.build/Release/DSPCore.build/Objects-normal/arm64/DSPCore.SwiftFileList -DSWIFT_PACKAGE -DSWIFT_MODULE_RESOURCE_BUNDLE_UNAVAILABLE -DXcode -plugin-path /Applications/Xcode.app/Contents/Developer/Toolchains/XcodeDefault.xctoolchain/usr/lib/swift/host/plugins/testing -enable-experimental-feature DebugDescriptionMacro -sdk /Applications/Xcode.app/Contents/Developer/Platforms/MacOSX.platform/Developer/SDKs/MacOSX26.5.sdk -target arm64-apple-macos14.0 -g -module-cache-path /Users/marcboyer/LogicAudioAssistant/.build/xcode-release-reviewfix/ModuleCache.noindex -Xfrontend -serialize-debugging-options -swift-version 6 -I /Users/marcboyer/LogicAudioAssistant/.build/xcode-release-reviewfix/Build/Products/Release -Isystem /Applications/Xcode.app/Contents/Developer/Platforms/MacOSX.platform/Developer/usr/lib -F /Users/marcboyer/LogicAudioAssistant/.build/xcode-release-reviewfix/Build/Products/Release/PackageFrameworks -F /Users/marcboyer/LogicAudioAssistant/.build/xcode-release-reviewfix/Build/Products/Release -F /Applications/Xcode.app/Contents/Developer/Platforms/MacOSX.platform/Developer/Library/Frameworks -c -num-threads 10 -Xcc -ivfsstatcache -Xcc /Users/marcboyer/LogicAudioAssistant/.build/xcode-release-reviewfix/SDKStatCaches.noindex/macosx26.5-25F70-e082c4a02f00227109f4ed75e425c832.sdkstatcache -output-file-map /Users/marcboyer/LogicAudioAssistant/.build/xcode-release-reviewfix/Build/Intermediates.noindex/LogicAudioAssistant.build/Release/DSPCore.build/Objects-normal/arm64/DSPCore-OutputFileMap.json -use-frontend-parseable-output -save-temps -no-color-diagnostics -explicit-module-build -module-cache-path /Users/marcboyer/LogicAudioAssistant/.build/xcode-release-reviewfix/Build/Intermediates.noindex/SwiftExplicitPrecompiledModules -clang-scanner-module-cache-path /Users/marcboyer/LogicAudioAssistant/.build/xcode-release-reviewfix/ModuleCache.noindex -sdk-module-cache-path /Users/marcboyer/LogicAudioAssistant/.build/xcode-release-reviewfix/ModuleCache.noindex -serialize-diagnostics -emit-dependencies -emit-module -emit-module-path /Users/marcboyer/LogicAudioAssistant/.build/xcode-release-reviewfix/Build/Intermediates.noindex/LogicAudioAssistant.build/Release/DSPCore.build/Objects-normal/arm64/DSPCore.swiftmodule -validate-clang-modules-once -clang-build-session-file /Users/marcboyer/LogicAudioAssistant/.build/xcode-release-reviewfix/ModuleCache.noindex/Session.modulevalidation -package-name logicaudioassistant -Xcc -I/Users/marcboyer/LogicAudioAssistant/.build/xcode-release-reviewfix/Build/Intermediates.noindex/LogicAudioAssistant.build/Release/DSPCore.build/swift-overrides.hmap -emit-const-values -Xfrontend -const-gather-protocols-file -Xfrontend /Users/marcboyer/LogicAudioAssistant/.build/xcode-release-reviewfix/Build/Intermediates.noindex/LogicAudioAssistant.build/Release/DSPCore.build/Objects-normal/arm64/DSPCore_const_extract_protocols.json -Xcc -I/Users/marcboyer/LogicAudioAssistant/.build/xcode-release-reviewfix/Build/Products/Release/include -Xcc -I/Users/marcboyer/LogicAudioAssistant/.build/xcode-release-reviewfix/Build/Intermediates.noindex/LogicAudioAssistant.build/Release/DSPCore.build/DerivedSources-normal/arm64 -Xcc -I/Users/marcboyer/LogicAudioAssistant/.build/xcode-release-reviewfix/Build/Intermediates.noindex/LogicAudioAssistant.build/Release/DSPCore.build/DerivedSources/arm64 -Xcc -I/Users/marcboyer/LogicAudioAssistant/.build/xcode-release-reviewfix/Build/Intermediates.noindex/LogicAudioAssistant.build/Release/DSPCore.build/DerivedSources -Xcc -DSWIFT_PACKAGE -emit-objc-header -emit-objc-header-path /Users/marcboyer/LogicAudioAssistant/.build/xcode-release-reviewfix/Build/Intermediates.noindex/LogicAudioAssistant.build/Release/DSPCore.build/Objects-normal/arm64/DSPCore-Swift.h -working-directory /Users/marcboyer/LogicAudioAssistant/LogicAudioAssistant.xcodeproj -no-emit-module-separately-wmo

ExtractAppIntentsMetadata (in target 'PlanSchema' from project 'LogicAudioAssistant' at path '/Users/marcboyer/LogicAudioAssistant/Package.swift')
    cd /Users/marcboyer/LogicAudioAssistant
    /Applications/Xcode.app/Contents/Developer/Toolchains/XcodeDefault.xctoolchain/usr/bin/appintentsmetadataprocessor --toolchain-dir /Applications/Xcode.app/Contents/Developer/Toolchains/XcodeDefault.xctoolchain --module-name PlanSchema --sdk-root /Applications/Xcode.app/Contents/Developer/Platforms/MacOSX.platform/Developer/SDKs/MacOSX26.5.sdk --xcode-version 17F113 --platform-family macOS --deployment-target 14.0 --bundle-identifier logicaudioassistant.PlanSchema --output /Users/marcboyer/LogicAudioAssistant/.build/xcode-release-reviewfix/Build/Products/Release/PlanSchema.appintents --target-triple arm64-apple-macos14.0 --binary-file /Users/marcboyer/LogicAudioAssistant/.build/xcode-release-reviewfix/Build/Products/Release/PlanSchema.o --dependency-file /Users/marcboyer/LogicAudioAssistant/.build/xcode-release-reviewfix/Build/Intermediates.noindex/LogicAudioAssistant.build/Release/PlanSchema.build/Objects-normal/arm64/PlanSchema_dependency_info.dat --stringsdata-file /Users/marcboyer/LogicAudioAssistant/.build/xcode-release-reviewfix/Build/Intermediates.noindex/LogicAudioAssistant.build/Release/PlanSchema.build/Objects-normal/arm64/ExtractedAppShortcutsMetadata.stringsdata --source-file-list /Users/marcboyer/LogicAudioAssistant/.build/xcode-release-reviewfix/Build/Intermediates.noindex/LogicAudioAssistant.build/Release/PlanSchema.build/Objects-normal/arm64/PlanSchema.SwiftFileList --metadata-file-list /Users/marcboyer/LogicAudioAssistant/.build/xcode-release-reviewfix/Build/Intermediates.noindex/LogicAudioAssistant.build/Release/PlanSchema.build/PlanSchema.DependencyMetadataFileList --static-metadata-file-list /Users/marcboyer/LogicAudioAssistant/.build/xcode-release-reviewfix/Build/Intermediates.noindex/LogicAudioAssistant.build/Release/PlanSchema.build/PlanSchema.DependencyStaticMetadataFileList --swift-const-vals-list /Users/marcboyer/LogicAudioAssistant/.build/xcode-release-reviewfix/Build/Intermediates.noindex/LogicAudioAssistant.build/Release/PlanSchema.build/Objects-normal/arm64/PlanSchema.SwiftConstValuesFileList --force --compile-time-extraction --deployment-aware-processing --validate-assistant-intents --no-app-shortcuts-localization
2026-08-14 14:53:09.826 appintentsmetadataprocessor[34973:3499460] Starting appintentsmetadataprocessor export
2026-08-14 14:53:09.843 appintentsmetadataprocessor[34973:3499460] Extracted no relevant App Intents symbols, skipping writing output

RegisterExecutionPolicyException /Users/marcboyer/LogicAudioAssistant/.build/xcode-release-reviewfix/Build/Products/Release/PlanSchema.o (in target 'PlanSchema' from project 'LogicAudioAssistant' at path '/Users/marcboyer/LogicAudioAssistant/Package.swift')
    cd /Users/marcboyer/LogicAudioAssistant
    builtin-RegisterExecutionPolicyException /Users/marcboyer/LogicAudioAssistant/.build/xcode-release-reviewfix/Build/Products/Release/PlanSchema.o

SwiftDriver\ Compilation StateStore normal arm64 com.apple.xcode.tools.swift.compiler (in target 'StateStore' from project 'LogicAudioAssistant' at path '/Users/marcboyer/LogicAudioAssistant/Package.swift')
    cd /Users/marcboyer/LogicAudioAssistant/LogicAudioAssistant.xcodeproj
    builtin-Swift-Compilation -- /Applications/Xcode.app/Contents/Developer/Toolchains/XcodeDefault.xctoolchain/usr/bin/swiftc -module-name StateStore -O -whole-module-optimization @/Users/marcboyer/LogicAudioAssistant/.build/xcode-release-reviewfix/Build/Intermediates.noindex/LogicAudioAssistant.build/Release/StateStore.build/Objects-normal/arm64/StateStore.SwiftFileList -DSWIFT_PACKAGE -DSWIFT_MODULE_RESOURCE_BUNDLE_UNAVAILABLE -DXcode -plugin-path /Applications/Xcode.app/Contents/Developer/Toolchains/XcodeDefault.xctoolchain/usr/lib/swift/host/plugins/testing -enable-experimental-feature DebugDescriptionMacro -sdk /Applications/Xcode.app/Contents/Developer/Platforms/MacOSX.platform/Developer/SDKs/MacOSX26.5.sdk -target arm64-apple-macos14.0 -g -module-cache-path /Users/marcboyer/LogicAudioAssistant/.build/xcode-release-reviewfix/ModuleCache.noindex -Xfrontend -serialize-debugging-options -swift-version 6 -I /Users/marcboyer/LogicAudioAssistant/.build/xcode-release-reviewfix/Build/Products/Release -Isystem /Applications/Xcode.app/Contents/Developer/Platforms/MacOSX.platform/Developer/usr/lib -F /Users/marcboyer/LogicAudioAssistant/.build/xcode-release-reviewfix/Build/Products/Release/PackageFrameworks -F /Users/marcboyer/LogicAudioAssistant/.build/xcode-release-reviewfix/Build/Products/Release -F /Applications/Xcode.app/Contents/Developer/Platforms/MacOSX.platform/Developer/Library/Frameworks -c -num-threads 10 -Xcc -ivfsstatcache -Xcc /Users/marcboyer/LogicAudioAssistant/.build/xcode-release-reviewfix/SDKStatCaches.noindex/macosx26.5-25F70-e082c4a02f00227109f4ed75e425c832.sdkstatcache -output-file-map /Users/marcboyer/LogicAudioAssistant/.build/xcode-release-reviewfix/Build/Intermediates.noindex/LogicAudioAssistant.build/Release/StateStore.build/Objects-normal/arm64/StateStore-OutputFileMap.json -use-frontend-parseable-output -save-temps -no-color-diagnostics -explicit-module-build -module-cache-path /Users/marcboyer/LogicAudioAssistant/.build/xcode-release-reviewfix/Build/Intermediates.noindex/SwiftExplicitPrecompiledModules -clang-scanner-module-cache-path /Users/marcboyer/LogicAudioAssistant/.build/xcode-release-reviewfix/ModuleCache.noindex -sdk-module-cache-path /Users/marcboyer/LogicAudioAssistant/.build/xcode-release-reviewfix/ModuleCache.noindex -serialize-diagnostics -emit-dependencies -emit-module -emit-module-path /Users/marcboyer/LogicAudioAssistant/.build/xcode-release-reviewfix/Build/Intermediates.noindex/LogicAudioAssistant.build/Release/StateStore.build/Objects-normal/arm64/StateStore.swiftmodule -validate-clang-modules-once -clang-build-session-file /Users/marcboyer/LogicAudioAssistant/.build/xcode-release-reviewfix/ModuleCache.noindex/Session.modulevalidation -package-name logicaudioassistant -Xcc -I/Users/marcboyer/LogicAudioAssistant/.build/xcode-release-reviewfix/Build/Intermediates.noindex/LogicAudioAssistant.build/Release/StateStore.build/swift-overrides.hmap -emit-const-values -Xfrontend -const-gather-protocols-file -Xfrontend /Users/marcboyer/LogicAudioAssistant/.build/xcode-release-reviewfix/Build/Intermediates.noindex/LogicAudioAssistant.build/Release/StateStore.build/Objects-normal/arm64/StateStore_const_extract_protocols.json -Xcc -I/Users/marcboyer/LogicAudioAssistant/.build/xcode-release-reviewfix/Build/Products/Release/include -Xcc -I/Users/marcboyer/LogicAudioAssistant/.build/xcode-release-reviewfix/Build/Intermediates.noindex/LogicAudioAssistant.build/Release/StateStore.build/DerivedSources-normal/arm64 -Xcc -I/Users/marcboyer/LogicAudioAssistant/.build/xcode-release-reviewfix/Build/Intermediates.noindex/LogicAudioAssistant.build/Release/StateStore.build/DerivedSources/arm64 -Xcc -I/Users/marcboyer/LogicAudioAssistant/.build/xcode-release-reviewfix/Build/Intermediates.noindex/LogicAudioAssistant.build/Release/StateStore.build/DerivedSources -Xcc -DSWIFT_PACKAGE -emit-objc-header -emit-objc-header-path /Users/marcboyer/LogicAudioAssistant/.build/xcode-release-reviewfix/Build/Intermediates.noindex/LogicAudioAssistant.build/Release/StateStore.build/Objects-normal/arm64/StateStore-Swift.h -working-directory /Users/marcboyer/LogicAudioAssistant/LogicAudioAssistant.xcodeproj -no-emit-module-separately-wmo

SwiftCompile normal arm64 Compiling\ Snapshot.swift,\ Transaction.swift /Users/marcboyer/LogicAudioAssistant/packages/StateStore/Sources/StateStore/Snapshot.swift /Users/marcboyer/LogicAudioAssistant/packages/StateStore/Sources/StateStore/Transaction.swift /Applications/Xcode.app/Contents/Developer/Toolchains/XcodeDefault.xctoolchain/usr/lib/swift/macosx/prebuilt-modules/26.5/Darwin.swiftmodule/arm64e-apple-macos.swiftmodule /Applications/Xcode.app/Contents/Developer/Toolchains/XcodeDefault.xctoolchain/usr/lib/swift/macosx/prebuilt-modules/26.5/Foundation.swiftmodule/arm64e-apple-macos.swiftmodule /Users/marcboyer/LogicAudioAssistant/.build/xcode-release-reviewfix/Build/Products/Release/PlanSchema.swiftmodule/arm64-apple-macos.swiftmodule /Applications/Xcode.app/Contents/Developer/Toolchains/XcodeDefault.xctoolchain/usr/lib/swift/macosx/prebuilt-modules/26.5/Dispatch.swiftmodule/arm64e-apple-macos.swiftmodule /Applications/Xcode.app/Contents/Developer/Toolchains/XcodeDefault.xctoolchain/usr/lib/swift/macosx/prebuilt-modules/26.5/XPC.swiftmodule/arm64e-apple-macos.swiftmodule /Applications/Xcode.app/Contents/Developer/Toolchains/XcodeDefault.xctoolchain/usr/lib/swift/macosx/prebuilt-modules/26.5/_DarwinFoundation1.swiftmodule/arm64e-apple-macos.swiftmodule /Applications/Xcode.app/Contents/Developer/Toolchains/XcodeDefault.xctoolchain/usr/lib/swift/macosx/prebuilt-modules/26.5/_DarwinFoundation3.swiftmodule/arm64e-apple-macos.swiftmodule /Applications/Xcode.app/Contents/Developer/Toolchains/XcodeDefault.xctoolchain/usr/lib/swift/macosx/prebuilt-modules/26.5/_StringProcessing.swiftmodule/arm64e-apple-macos.swiftmodule /Applications/Xcode.app/Contents/Developer/Toolchains/XcodeDefault.xctoolchain/usr/lib/swift/macosx/prebuilt-modules/26.5/CoreFoundation.swiftmodule/arm64e-apple-macos.swiftmodule /Applications/Xcode.app/Contents/Developer/Toolchains/XcodeDefault.xctoolchain/usr/lib/swift/macosx/prebuilt-modules/26.5/ObjectiveC.swiftmodule/arm64e-apple-macos.swiftmodule /Applications/Xcode.app/Contents/Developer/Toolchains/XcodeDefault.xctoolchain/usr/lib/swift/macosx/prebuilt-modules/26.5/Observation.swiftmodule/arm64e-apple-macos.swiftmodule /Applications/Xcode.app/Contents/Developer/Toolchains/XcodeDefault.xctoolchain/usr/lib/swift/macosx/prebuilt-modules/26.5/Combine.swiftmodule/arm64e-apple-macos.swiftmodule /Applications/Xcode.app/Contents/Developer/Toolchains/XcodeDefault.xctoolchain/usr/lib/swift/macosx/prebuilt-modules/26.5/_DarwinFoundation2.swiftmodule/arm64e-apple-macos.swiftmodule /Applications/Xcode.app/Contents/Developer/Toolchains/XcodeDefault.xctoolchain/usr/lib/swift/macosx/prebuilt-modules/26.5/Swift.swiftmodule/arm64e-apple-macos.swiftmodule /Applications/Xcode.app/Contents/Developer/Toolchains/XcodeDefault.xctoolchain/usr/lib/swift/macosx/prebuilt-modules/26.5/System.swiftmodule/arm64e-apple-macos.swiftmodule /Applications/Xcode.app/Contents/Developer/Toolchains/XcodeDefault.xctoolchain/usr/lib/swift/macosx/prebuilt-modules/26.5/_Builtin_float.swiftmodule/arm64e-apple-macos.swiftmodule /Applications/Xcode.app/Contents/Developer/Toolchains/XcodeDefault.xctoolchain/usr/lib/swift/macosx/prebuilt-modules/26.5/IOKit.swiftmodule/arm64e-apple-macos.swiftmodule /Applications/Xcode.app/Contents/Developer/Toolchains/XcodeDefault.xctoolchain/usr/lib/swift/macosx/prebuilt-modules/26.5/_Concurrency.swiftmodule/arm64e-apple-macos.swiftmodule /Users/marcboyer/LogicAudioAssistant/.build/xcode-release-reviewfix/ModuleCache.noindex/ptrcheck-47LT4S3L11YU6Q9VER2S68CGD.pcm /Users/marcboyer/LogicAudioAssistant/.build/xcode-release-reviewfix/ModuleCache.noindex/_Builtin_float-5R2UINMN9L91RWGT6OT8ABUIQ.pcm /Users/marcboyer/LogicAudioAssistant/.build/xcode-release-reviewfix/ModuleCache.noindex/_Builtin_limits-F4U81MW454IOIFK2P2N6IHEJZ.pcm /Users/marcboyer/LogicAudioAssistant/.build/xcode-release-reviewfix/ModuleCache.noindex/Dispatch-CUQGM1TJMSISSLM5Z92C0XTXR.pcm /Users/marcboyer/LogicAudioAssistant/.build/xcode-release-reviewfix/ModuleCache.noindex/_Builtin_stdarg-CWWWL82UT7IK5S1LU2O31362H.pcm /Users/marcboyer/LogicAudioAssistant/.build/xcode-release-reviewfix/ModuleCache.noindex/_Builtin_inttypes-364ERU32814XYMNW9SAVWWGAK.pcm /Users/marcboyer/LogicAudioAssistant/.build/xcode-release-reviewfix/ModuleCache.noindex/CFNetwork-DCOK03ZG7J5FK41HS656DYLAB.pcm /Users/marcboyer/LogicAudioAssistant/.build/xcode-release-reviewfix/ModuleCache.noindex/ptrauth-64OXNBF3VV5OQLDK24WP1L156.pcm /Users/marcboyer/LogicAudioAssistant/.build/xcode-release-reviewfix/ModuleCache.noindex/_SwiftConcurrencyShims-4CTOMMMGO74XNGXANM54895KH.pcm /Users/marcboyer/LogicAudioAssistant/.build/xcode-release-reviewfix/ModuleCache.noindex/_DarwinFoundation1-CYEM2TCTCHPK037IGQ2AGJFID.pcm /Users/marcboyer/LogicAudioAssistant/.build/xcode-release-reviewfix/ModuleCache.noindex/_Builtin_stddef-48R31SFXF0EDU179M0TI36NZN.pcm /Users/marcboyer/LogicAudioAssistant/.build/xcode-release-reviewfix/ModuleCache.noindex/Security-2ZYGTAZHFO7YKSB8QH4RI46TN.pcm /Users/marcboyer/LogicAudioAssistant/.build/xcode-release-reviewfix/ModuleCache.noindex/SwiftShims-CUX3A0TB62NGY33ZT4Q0SO22J.pcm /Users/marcboyer/LogicAudioAssistant/.build/xcode-release-reviewfix/ModuleCache.noindex/Darwin-EOVFZ2A7A6Y7YSD0R2FZ6CDPQ.pcm /Users/marcboyer/LogicAudioAssistant/.build/xcode-release-reviewfix/ModuleCache.noindex/_Builtin_stdbool-EGVF9C21Q9GXEBEYUU0SJOSN7.pcm /Users/marcboyer/LogicAudioAssistant/.build/xcode-release-reviewfix/ModuleCache.noindex/XPC-6P49AK1FVMZ0QLVI1FWJY8FUU.pcm /Users/marcboyer/LogicAudioAssistant/.build/xcode-release-reviewfix/ModuleCache.noindex/MachO-1DVCBDOQTFP9F50B55M42QA85.pcm /Users/marcboyer/LogicAudioAssistant/.build/xcode-release-reviewfix/ModuleCache.noindex/_DarwinFoundation2-1LSZKCO2UAG2QKRWA0VFHWGGX.pcm /Users/marcboyer/LogicAudioAssistant/.build/xcode-release-reviewfix/ModuleCache.noindex/_Builtin_stdint-AHO2ZCLKYE3V6VNKY3AF2VI5S.pcm /Users/marcboyer/LogicAudioAssistant/.build/xcode-release-reviewfix/ModuleCache.noindex/_DarwinFoundation3-6G3O5TG2GZYAT0U5YTIH7PTLY.pcm /Users/marcboyer/LogicAudioAssistant/.build/xcode-release-reviewfix/ModuleCache.noindex/os_object-D5CL3IB6WSXWFIAROWRK10P2J.pcm /Users/marcboyer/LogicAudioAssistant/.build/xcode-release-reviewfix/ModuleCache.noindex/ObjectiveC-A4ASO8WBMH3J1EIDI52P3U0K7.pcm /Users/marcboyer/LogicAudioAssistant/.build/xcode-release-reviewfix/ModuleCache.noindex/os_workgroup-8BYCFEZ17OB5P95BFB4Z1QAYY.pcm /Users/marcboyer/LogicAudioAssistant/.build/xcode-release-reviewfix/ModuleCache.noindex/libDER-B1GNCKHYYP5XS5TPY4XS1BUV7.pcm /Users/marcboyer/LogicAudioAssistant/.build/xcode-release-reviewfix/ModuleCache.noindex/DiskArbitration-F17P3FCPVJQI0VM03KID3J11B.pcm /Users/marcboyer/LogicAudioAssistant/.build/xcode-release-reviewfix/ModuleCache.noindex/CoreServices-1M1WUIDAYFGL66MBP72IVLZOB.pcm /Users/marcboyer/LogicAudioAssistant/.build/xcode-release-reviewfix/ModuleCache.noindex/launch-BG9N65BE7P5Z2OTZDEFKS9Z9I.pcm /Users/marcboyer/LogicAudioAssistant/.build/xcode-release-reviewfix/ModuleCache.noindex/Foundation-488OCGQ676PGZMBG2B3RYVRGS.pcm /Users/marcboyer/LogicAudioAssistant/.build/xcode-release-reviewfix/ModuleCache.noindex/CoreFoundation-608YLRQF7KP9OP338B9BGET4L.pcm /Users/marcboyer/LogicAudioAssistant/.build/xcode-release-reviewfix/ModuleCache.noindex/IOKit-32EHD05OB5G07QM5B2WIXNRGF.pcm /Users/marcboyer/LogicAudioAssistant/.build/xcode-release-reviewfix/ModuleCache.noindex/_AvailabilityInternal-7JY0KCW9ZRT98KGWHVERRF9OJ.pcm /Users/marcboyer/LogicAudioAssistant/.build/xcode-release-reviewfix/ModuleCache.noindex/libkern-AFKJN9UCJTLDVRE749AR52JNO.pcm /Users/marcboyer/LogicAudioAssistant/.build/xcode-release-reviewfix/ModuleCache.noindex/sys_types-62X0RFAO1T07ID6H9QNK9FW4I.pcm /Users/marcboyer/LogicAudioAssistant/.build/xcode-release-reviewfix/Build/Intermediates.noindex/LogicAudioAssistant.build/Release/StateStore.build/Objects-normal/arm64/StateStore-dependencies-1.json (in target 'StateStore' from project 'LogicAudioAssistant' at path '/Users/marcboyer/LogicAudioAssistant/Package.swift')

CompileSwift normal arm64 (in target 'StateStore' from project 'LogicAudioAssistant' at path '/Users/marcboyer/LogicAudioAssistant/Package.swift')
    cd /Users/marcboyer/LogicAudioAssistant/LogicAudioAssistant.xcodeproj
    

SwiftDriver\ Compilation DSPCore normal arm64 com.apple.xcode.tools.swift.compiler (in target 'DSPCore' from project 'LogicAudioAssistant' at path '/Users/marcboyer/LogicAudioAssistant/Package.swift')
    cd /Users/marcboyer/LogicAudioAssistant/LogicAudioAssistant.xcodeproj
    builtin-Swift-Compilation -- /Applications/Xcode.app/Contents/Developer/Toolchains/XcodeDefault.xctoolchain/usr/bin/swiftc -module-name DSPCore -O -whole-module-optimization @/Users/marcboyer/LogicAudioAssistant/.build/xcode-release-reviewfix/Build/Intermediates.noindex/LogicAudioAssistant.build/Release/DSPCore.build/Objects-normal/arm64/DSPCore.SwiftFileList -DSWIFT_PACKAGE -DSWIFT_MODULE_RESOURCE_BUNDLE_UNAVAILABLE -DXcode -plugin-path /Applications/Xcode.app/Contents/Developer/Toolchains/XcodeDefault.xctoolchain/usr/lib/swift/host/plugins/testing -enable-experimental-feature DebugDescriptionMacro -sdk /Applications/Xcode.app/Contents/Developer/Platforms/MacOSX.platform/Developer/SDKs/MacOSX26.5.sdk -target arm64-apple-macos14.0 -g -module-cache-path /Users/marcboyer/LogicAudioAssistant/.build/xcode-release-reviewfix/ModuleCache.noindex -Xfrontend -serialize-debugging-options -swift-version 6 -I /Users/marcboyer/LogicAudioAssistant/.build/xcode-release-reviewfix/Build/Products/Release -Isystem /Applications/Xcode.app/Contents/Developer/Platforms/MacOSX.platform/Developer/usr/lib -F /Users/marcboyer/LogicAudioAssistant/.build/xcode-release-reviewfix/Build/Products/Release/PackageFrameworks -F /Users/marcboyer/LogicAudioAssistant/.build/xcode-release-reviewfix/Build/Products/Release -F /Applications/Xcode.app/Contents/Developer/Platforms/MacOSX.platform/Developer/Library/Frameworks -c -num-threads 10 -Xcc -ivfsstatcache -Xcc /Users/marcboyer/LogicAudioAssistant/.build/xcode-release-reviewfix/SDKStatCaches.noindex/macosx26.5-25F70-e082c4a02f00227109f4ed75e425c832.sdkstatcache -output-file-map /Users/marcboyer/LogicAudioAssistant/.build/xcode-release-reviewfix/Build/Intermediates.noindex/LogicAudioAssistant.build/Release/DSPCore.build/Objects-normal/arm64/DSPCore-OutputFileMap.json -use-frontend-parseable-output -save-temps -no-color-diagnostics -explicit-module-build -module-cache-path /Users/marcboyer/LogicAudioAssistant/.build/xcode-release-reviewfix/Build/Intermediates.noindex/SwiftExplicitPrecompiledModules -clang-scanner-module-cache-path /Users/marcboyer/LogicAudioAssistant/.build/xcode-release-reviewfix/ModuleCache.noindex -sdk-module-cache-path /Users/marcboyer/LogicAudioAssistant/.build/xcode-release-reviewfix/ModuleCache.noindex -serialize-diagnostics -emit-dependencies -emit-module -emit-module-path /Users/marcboyer/LogicAudioAssistant/.build/xcode-release-reviewfix/Build/Intermediates.noindex/LogicAudioAssistant.build/Release/DSPCore.build/Objects-normal/arm64/DSPCore.swiftmodule -validate-clang-modules-once -clang-build-session-file /Users/marcboyer/LogicAudioAssistant/.build/xcode-release-reviewfix/ModuleCache.noindex/Session.modulevalidation -package-name logicaudioassistant -Xcc -I/Users/marcboyer/LogicAudioAssistant/.build/xcode-release-reviewfix/Build/Intermediates.noindex/LogicAudioAssistant.build/Release/DSPCore.build/swift-overrides.hmap -emit-const-values -Xfrontend -const-gather-protocols-file -Xfrontend /Users/marcboyer/LogicAudioAssistant/.build/xcode-release-reviewfix/Build/Intermediates.noindex/LogicAudioAssistant.build/Release/DSPCore.build/Objects-normal/arm64/DSPCore_const_extract_protocols.json -Xcc -I/Users/marcboyer/LogicAudioAssistant/.build/xcode-release-reviewfix/Build/Products/Release/include -Xcc -I/Users/marcboyer/LogicAudioAssistant/.build/xcode-release-reviewfix/Build/Intermediates.noindex/LogicAudioAssistant.build/Release/DSPCore.build/DerivedSources-normal/arm64 -Xcc -I/Users/marcboyer/LogicAudioAssistant/.build/xcode-release-reviewfix/Build/Intermediates.noindex/LogicAudioAssistant.build/Release/DSPCore.build/DerivedSources/arm64 -Xcc -I/Users/marcboyer/LogicAudioAssistant/.build/xcode-release-reviewfix/Build/Intermediates.noindex/LogicAudioAssistant.build/Release/DSPCore.build/DerivedSources -Xcc -DSWIFT_PACKAGE -emit-objc-header -emit-objc-header-path /Users/marcboyer/LogicAudioAssistant/.build/xcode-release-reviewfix/Build/Intermediates.noindex/LogicAudioAssistant.build/Release/DSPCore.build/Objects-normal/arm64/DSPCore-Swift.h -working-directory /Users/marcboyer/LogicAudioAssistant/LogicAudioAssistant.xcodeproj -no-emit-module-separately-wmo

SwiftCompile normal arm64 Compiling\ AudioBuffer.swift,\ CompiledGraph.swift,\ WAVFile.swift /Users/marcboyer/LogicAudioAssistant/packages/DSPCore/Sources/DSPCore/AudioBuffer.swift /Users/marcboyer/LogicAudioAssistant/packages/DSPCore/Sources/DSPCore/CompiledGraph.swift /Users/marcboyer/LogicAudioAssistant/packages/DSPCore/Sources/DSPCore/WAVFile.swift /Applications/Xcode.app/Contents/Developer/Toolchains/XcodeDefault.xctoolchain/usr/lib/swift/macosx/prebuilt-modules/26.5/_StringProcessing.swiftmodule/arm64e-apple-macos.swiftmodule /Applications/Xcode.app/Contents/Developer/Toolchains/XcodeDefault.xctoolchain/usr/lib/swift/macosx/prebuilt-modules/26.5/IOKit.swiftmodule/arm64e-apple-macos.swiftmodule /Applications/Xcode.app/Contents/Developer/Toolchains/XcodeDefault.xctoolchain/usr/lib/swift/macosx/prebuilt-modules/26.5/_DarwinFoundation1.swiftmodule/arm64e-apple-macos.swiftmodule /Applications/Xcode.app/Contents/Developer/Toolchains/XcodeDefault.xctoolchain/usr/lib/swift/macosx/prebuilt-modules/26.5/System.swiftmodule/arm64e-apple-macos.swiftmodule /Applications/Xcode.app/Contents/Developer/Toolchains/XcodeDefault.xctoolchain/usr/lib/swift/macosx/prebuilt-modules/26.5/Foundation.swiftmodule/arm64e-apple-macos.swiftmodule /Applications/Xcode.app/Contents/Developer/Toolchains/XcodeDefault.xctoolchain/usr/lib/swift/macosx/prebuilt-modules/26.5/Combine.swiftmodule/arm64e-apple-macos.swiftmodule /Applications/Xcode.app/Contents/Developer/Toolchains/XcodeDefault.xctoolchain/usr/lib/swift/macosx/prebuilt-modules/26.5/_DarwinFoundation2.swiftmodule/arm64e-apple-macos.swiftmodule /Applications/Xcode.app/Contents/Developer/Toolchains/XcodeDefault.xctoolchain/usr/lib/swift/macosx/prebuilt-modules/26.5/Observation.swiftmodule/arm64e-apple-macos.swiftmodule /Applications/Xcode.app/Contents/Developer/Toolchains/XcodeDefault.xctoolchain/usr/lib/swift/macosx/prebuilt-modules/26.5/_Builtin_float.swiftmodule/arm64e-apple-macos.swiftmodule /Applications/Xcode.app/Contents/Developer/Toolchains/XcodeDefault.xctoolchain/usr/lib/swift/macosx/prebuilt-modules/26.5/ObjectiveC.swiftmodule/arm64e-apple-macos.swiftmodule /Applications/Xcode.app/Contents/Developer/Toolchains/XcodeDefault.xctoolchain/usr/lib/swift/macosx/prebuilt-modules/26.5/Dispatch.swiftmodule/arm64e-apple-macos.swiftmodule /Applications/Xcode.app/Contents/Developer/Toolchains/XcodeDefault.xctoolchain/usr/lib/swift/macosx/prebuilt-modules/26.5/CoreFoundation.swiftmodule/arm64e-apple-macos.swiftmodule /Applications/Xcode.app/Contents/Developer/Toolchains/XcodeDefault.xctoolchain/usr/lib/swift/macosx/prebuilt-modules/26.5/Swift.swiftmodule/arm64e-apple-macos.swiftmodule /Applications/Xcode.app/Contents/Developer/Toolchains/XcodeDefault.xctoolchain/usr/lib/swift/macosx/prebuilt-modules/26.5/Darwin.swiftmodule/arm64e-apple-macos.swiftmodule /Applications/Xcode.app/Contents/Developer/Toolchains/XcodeDefault.xctoolchain/usr/lib/swift/macosx/prebuilt-modules/26.5/XPC.swiftmodule/arm64e-apple-macos.swiftmodule /Users/marcboyer/LogicAudioAssistant/.build/xcode-release-reviewfix/Build/Products/Release/PlanSchema.swiftmodule/arm64-apple-macos.swiftmodule /Applications/Xcode.app/Contents/Developer/Toolchains/XcodeDefault.xctoolchain/usr/lib/swift/macosx/prebuilt-modules/26.5/_DarwinFoundation3.swiftmodule/arm64e-apple-macos.swiftmodule /Applications/Xcode.app/Contents/Developer/Toolchains/XcodeDefault.xctoolchain/usr/lib/swift/macosx/prebuilt-modules/26.5/_Concurrency.swiftmodule/arm64e-apple-macos.swiftmodule /Users/marcboyer/LogicAudioAssistant/.build/xcode-release-reviewfix/ModuleCache.noindex/ptrcheck-47LT4S3L11YU6Q9VER2S68CGD.pcm /Users/marcboyer/LogicAudioAssistant/.build/xcode-release-reviewfix/ModuleCache.noindex/_Builtin_float-5R2UINMN9L91RWGT6OT8ABUIQ.pcm /Users/marcboyer/LogicAudioAssistant/.build/xcode-release-reviewfix/ModuleCache.noindex/_Builtin_limits-F4U81MW454IOIFK2P2N6IHEJZ.pcm /Users/marcboyer/LogicAudioAssistant/.build/xcode-release-reviewfix/ModuleCache.noindex/Dispatch-CUQGM1TJMSISSLM5Z92C0XTXR.pcm /Users/marcboyer/LogicAudioAssistant/.build/xcode-release-reviewfix/ModuleCache.noindex/_Builtin_stdarg-CWWWL82UT7IK5S1LU2O31362H.pcm /Users/marcboyer/LogicAudioAssistant/.build/xcode-release-reviewfix/ModuleCache.noindex/_Builtin_inttypes-364ERU32814XYMNW9SAVWWGAK.pcm /Users/marcboyer/LogicAudioAssistant/.build/xcode-release-reviewfix/ModuleCache.noindex/CFNetwork-DCOK03ZG7J5FK41HS656DYLAB.pcm /Users/marcboyer/LogicAudioAssistant/.build/xcode-release-reviewfix/ModuleCache.noindex/ptrauth-64OXNBF3VV5OQLDK24WP1L156.pcm /Users/marcboyer/LogicAudioAssistant/.build/xcode-release-reviewfix/ModuleCache.noindex/_SwiftConcurrencyShims-4CTOMMMGO74XNGXANM54895KH.pcm /Users/marcboyer/LogicAudioAssistant/.build/xcode-release-reviewfix/ModuleCache.noindex/_Builtin_stddef-48R31SFXF0EDU179M0TI36NZN.pcm /Users/marcboyer/LogicAudioAssistant/.build/xcode-release-reviewfix/ModuleCache.noindex/_DarwinFoundation1-CYEM2TCTCHPK037IGQ2AGJFID.pcm /Users/marcboyer/LogicAudioAssistant/.build/xcode-release-reviewfix/ModuleCache.noindex/Security-2ZYGTAZHFO7YKSB8QH4RI46TN.pcm /Users/marcboyer/LogicAudioAssistant/.build/xcode-release-reviewfix/ModuleCache.noindex/SwiftShims-CUX3A0TB62NGY33ZT4Q0SO22J.pcm /Users/marcboyer/LogicAudioAssistant/.build/xcode-release-reviewfix/ModuleCache.noindex/Darwin-EOVFZ2A7A6Y7YSD0R2FZ6CDPQ.pcm /Users/marcboyer/LogicAudioAssistant/.build/xcode-release-reviewfix/ModuleCache.noindex/_Builtin_stdbool-EGVF9C21Q9GXEBEYUU0SJOSN7.pcm /Users/marcboyer/LogicAudioAssistant/.build/xcode-release-reviewfix/ModuleCache.noindex/XPC-6P49AK1FVMZ0QLVI1FWJY8FUU.pcm /Users/marcboyer/LogicAudioAssistant/.build/xcode-release-reviewfix/ModuleCache.noindex/MachO-1DVCBDOQTFP9F50B55M42QA85.pcm /Users/marcboyer/LogicAudioAssistant/.build/xcode-release-reviewfix/ModuleCache.noindex/_DarwinFoundation2-1LSZKCO2UAG2QKRWA0VFHWGGX.pcm /Users/marcboyer/LogicAudioAssistant/.build/xcode-release-reviewfix/ModuleCache.noindex/_Builtin_stdint-AHO2ZCLKYE3V6VNKY3AF2VI5S.pcm /Users/marcboyer/LogicAudioAssistant/.build/xcode-release-reviewfix/ModuleCache.noindex/_DarwinFoundation3-6G3O5TG2GZYAT0U5YTIH7PTLY.pcm /Users/marcboyer/LogicAudioAssistant/.build/xcode-release-reviewfix/ModuleCache.noindex/os_object-D5CL3IB6WSXWFIAROWRK10P2J.pcm /Users/marcboyer/LogicAudioAssistant/.build/xcode-release-reviewfix/ModuleCache.noindex/DiskArbitration-F17P3FCPVJQI0VM03KID3J11B.pcm /Users/marcboyer/LogicAudioAssistant/.build/xcode-release-reviewfix/ModuleCache.noindex/libDER-B1GNCKHYYP5XS5TPY4XS1BUV7.pcm /Users/marcboyer/LogicAudioAssistant/.build/xcode-release-reviewfix/ModuleCache.noindex/launch-BG9N65BE7P5Z2OTZDEFKS9Z9I.pcm /Users/marcboyer/LogicAudioAssistant/.build/xcode-release-reviewfix/ModuleCache.noindex/IOKit-32EHD05OB5G07QM5B2WIXNRGF.pcm /Users/marcboyer/LogicAudioAssistant/.build/xcode-release-reviewfix/ModuleCache.noindex/os_workgroup-8BYCFEZ17OB5P95BFB4Z1QAYY.pcm /Users/marcboyer/LogicAudioAssistant/.build/xcode-release-reviewfix/ModuleCache.noindex/CoreServices-1M1WUIDAYFGL66MBP72IVLZOB.pcm /Users/marcboyer/LogicAudioAssistant/.build/xcode-release-reviewfix/ModuleCache.noindex/Foundation-488OCGQ676PGZMBG2B3RYVRGS.pcm /Users/marcboyer/LogicAudioAssistant/.build/xcode-release-reviewfix/ModuleCache.noindex/CoreFoundation-608YLRQF7KP9OP338B9BGET4L.pcm /Users/marcboyer/LogicAudioAssistant/.build/xcode-release-reviewfix/ModuleCache.noindex/ObjectiveC-A4ASO8WBMH3J1EIDI52P3U0K7.pcm /Users/marcboyer/LogicAudioAssistant/.build/xcode-release-reviewfix/ModuleCache.noindex/_AvailabilityInternal-7JY0KCW9ZRT98KGWHVERRF9OJ.pcm /Users/marcboyer/LogicAudioAssistant/.build/xcode-release-reviewfix/ModuleCache.noindex/libkern-AFKJN9UCJTLDVRE749AR52JNO.pcm /Users/marcboyer/LogicAudioAssistant/.build/xcode-release-reviewfix/ModuleCache.noindex/sys_types-62X0RFAO1T07ID6H9QNK9FW4I.pcm /Users/marcboyer/LogicAudioAssistant/.build/xcode-release-reviewfix/Build/Intermediates.noindex/LogicAudioAssistant.build/Release/DSPCore.build/Objects-normal/arm64/DSPCore-dependencies-1.json (in target 'DSPCore' from project 'LogicAudioAssistant' at path '/Users/marcboyer/LogicAudioAssistant/Package.swift')
CompileSwift normal arm64 (in target 'DSPCore' from project 'LogicAudioAssistant' at path '/Users/marcboyer/LogicAudioAssistant/Package.swift')
    cd /Users/marcboyer/LogicAudioAssistant/LogicAudioAssistant.xcodeproj
    

SwiftDriver\ Compilation SharedIPC normal arm64 com.apple.xcode.tools.swift.compiler (in target 'SharedIPC' from project 'LogicAudioAssistant' at path '/Users/marcboyer/LogicAudioAssistant/Package.swift')
    cd /Users/marcboyer/LogicAudioAssistant/LogicAudioAssistant.xcodeproj
    builtin-Swift-Compilation -- /Applications/Xcode.app/Contents/Developer/Toolchains/XcodeDefault.xctoolchain/usr/bin/swiftc -module-name SharedIPC -O -whole-module-optimization @/Users/marcboyer/LogicAudioAssistant/.build/xcode-release-reviewfix/Build/Intermediates.noindex/LogicAudioAssistant.build/Release/SharedIPC.build/Objects-normal/arm64/SharedIPC.SwiftFileList -DSWIFT_PACKAGE -DSWIFT_MODULE_RESOURCE_BUNDLE_UNAVAILABLE -DXcode -plugin-path /Applications/Xcode.app/Contents/Developer/Toolchains/XcodeDefault.xctoolchain/usr/lib/swift/host/plugins/testing -enable-experimental-feature DebugDescriptionMacro -sdk /Applications/Xcode.app/Contents/Developer/Platforms/MacOSX.platform/Developer/SDKs/MacOSX26.5.sdk -target arm64-apple-macos14.0 -g -module-cache-path /Users/marcboyer/LogicAudioAssistant/.build/xcode-release-reviewfix/ModuleCache.noindex -Xfrontend -serialize-debugging-options -swift-version 6 -I /Users/marcboyer/LogicAudioAssistant/.build/xcode-release-reviewfix/Build/Products/Release -Isystem /Applications/Xcode.app/Contents/Developer/Platforms/MacOSX.platform/Developer/usr/lib -F /Users/marcboyer/LogicAudioAssistant/.build/xcode-release-reviewfix/Build/Products/Release/PackageFrameworks -F /Users/marcboyer/LogicAudioAssistant/.build/xcode-release-reviewfix/Build/Products/Release -F /Applications/Xcode.app/Contents/Developer/Platforms/MacOSX.platform/Developer/Library/Frameworks -c -num-threads 10 -Xcc -ivfsstatcache -Xcc /Users/marcboyer/LogicAudioAssistant/.build/xcode-release-reviewfix/SDKStatCaches.noindex/macosx26.5-25F70-e082c4a02f00227109f4ed75e425c832.sdkstatcache -output-file-map /Users/marcboyer/LogicAudioAssistant/.build/xcode-release-reviewfix/Build/Intermediates.noindex/LogicAudioAssistant.build/Release/SharedIPC.build/Objects-normal/arm64/SharedIPC-OutputFileMap.json -use-frontend-parseable-output -save-temps -no-color-diagnostics -explicit-module-build -module-cache-path /Users/marcboyer/LogicAudioAssistant/.build/xcode-release-reviewfix/Build/Intermediates.noindex/SwiftExplicitPrecompiledModules -clang-scanner-module-cache-path /Users/marcboyer/LogicAudioAssistant/.build/xcode-release-reviewfix/ModuleCache.noindex -sdk-module-cache-path /Users/marcboyer/LogicAudioAssistant/.build/xcode-release-reviewfix/ModuleCache.noindex -serialize-diagnostics -emit-dependencies -emit-module -emit-module-path /Users/marcboyer/LogicAudioAssistant/.build/xcode-release-reviewfix/Build/Intermediates.noindex/LogicAudioAssistant.build/Release/SharedIPC.build/Objects-normal/arm64/SharedIPC.swiftmodule -validate-clang-modules-once -clang-build-session-file /Users/marcboyer/LogicAudioAssistant/.build/xcode-release-reviewfix/ModuleCache.noindex/Session.modulevalidation -package-name logicaudioassistant -Xcc -I/Users/marcboyer/LogicAudioAssistant/.build/xcode-release-reviewfix/Build/Intermediates.noindex/LogicAudioAssistant.build/Release/SharedIPC.build/swift-overrides.hmap -emit-const-values -Xfrontend -const-gather-protocols-file -Xfrontend /Users/marcboyer/LogicAudioAssistant/.build/xcode-release-reviewfix/Build/Intermediates.noindex/LogicAudioAssistant.build/Release/SharedIPC.build/Objects-normal/arm64/SharedIPC_const_extract_protocols.json -Xcc -I/Users/marcboyer/LogicAudioAssistant/.build/xcode-release-reviewfix/Build/Products/Release/include -Xcc -I/Users/marcboyer/LogicAudioAssistant/.build/xcode-release-reviewfix/Build/Intermediates.noindex/LogicAudioAssistant.build/Release/SharedIPC.build/DerivedSources-normal/arm64 -Xcc -I/Users/marcboyer/LogicAudioAssistant/.build/xcode-release-reviewfix/Build/Intermediates.noindex/LogicAudioAssistant.build/Release/SharedIPC.build/DerivedSources/arm64 -Xcc -I/Users/marcboyer/LogicAudioAssistant/.build/xcode-release-reviewfix/Build/Intermediates.noindex/LogicAudioAssistant.build/Release/SharedIPC.build/DerivedSources -Xcc -DSWIFT_PACKAGE -emit-objc-header -emit-objc-header-path /Users/marcboyer/LogicAudioAssistant/.build/xcode-release-reviewfix/Build/Intermediates.noindex/LogicAudioAssistant.build/Release/SharedIPC.build/Objects-normal/arm64/SharedIPC-Swift.h -working-directory /Users/marcboyer/LogicAudioAssistant/LogicAudioAssistant.xcodeproj -no-emit-module-separately-wmo

SwiftExplicitDependencyGeneratePcm arm64 /Users/marcboyer/LogicAudioAssistant/.build/xcode-release-reviewfix/ModuleCache.noindex/LocalAuthentication-CC4IYRDEDZAUVZ0EIWGGFGFEY.pcm

SwiftCompile normal arm64 Compiling\ AppGroupContainer.swift,\ ExchangeModels.swift,\ FileExchange.swift /Users/marcboyer/LogicAudioAssistant/packages/SharedIPC/Sources/SharedIPC/AppGroupContainer.swift /Users/marcboyer/LogicAudioAssistant/packages/SharedIPC/Sources/SharedIPC/ExchangeModels.swift /Users/marcboyer/LogicAudioAssistant/packages/SharedIPC/Sources/SharedIPC/FileExchange.swift /Users/marcboyer/LogicAudioAssistant/.build/xcode-release-reviewfix/Build/Products/Release/PlanSchema.swiftmodule/arm64-apple-macos.swiftmodule /Applications/Xcode.app/Contents/Developer/Toolchains/XcodeDefault.xctoolchain/usr/lib/swift/macosx/prebuilt-modules/26.5/CryptoKit.swiftmodule/arm64e-apple-macos.swiftmodule /Applications/Xcode.app/Contents/Developer/Toolchains/XcodeDefault.xctoolchain/usr/lib/swift/macosx/prebuilt-modules/26.5/Swift.swiftmodule/arm64e-apple-macos.swiftmodule /Applications/Xcode.app/Contents/Developer/Toolchains/XcodeDefault.xctoolchain/usr/lib/swift/macosx/prebuilt-modules/26.5/_Builtin_float.swiftmodule/arm64e-apple-macos.swiftmodule /Applications/Xcode.app/Contents/Developer/Toolchains/XcodeDefault.xctoolchain/usr/lib/swift/macosx/prebuilt-modules/26.5/IOKit.swiftmodule/arm64e-apple-macos.swiftmodule /Applications/Xcode.app/Contents/Developer/Toolchains/XcodeDefault.xctoolchain/usr/lib/swift/macosx/prebuilt-modules/26.5/XPC.swiftmodule/arm64e-apple-macos.swiftmodule /Applications/Xcode.app/Contents/Developer/Toolchains/XcodeDefault.xctoolchain/usr/lib/swift/macosx/prebuilt-modules/26.5/_DarwinFoundation3.swiftmodule/arm64e-apple-macos.swiftmodule /Applications/Xcode.app/Contents/Developer/Toolchains/XcodeDefault.xctoolchain/usr/lib/swift/macosx/prebuilt-modules/26.5/Combine.swiftmodule/arm64e-apple-macos.swiftmodule /Applications/Xcode.app/Contents/Developer/Toolchains/XcodeDefault.xctoolchain/usr/lib/swift/macosx/prebuilt-modules/26.5/_DarwinFoundation1.swiftmodule/arm64e-apple-macos.swiftmodule /Applications/Xcode.app/Contents/Developer/Toolchains/XcodeDefault.xctoolchain/usr/lib/swift/macosx/prebuilt-modules/26.5/System.swiftmodule/arm64e-apple-macos.swiftmodule /Applications/Xcode.app/Contents/Developer/Toolchains/XcodeDefault.xctoolchain/usr/lib/swift/macosx/prebuilt-modules/26.5/Darwin.swiftmodule/arm64e-apple-macos.swiftmodule /Applications/Xcode.app/Contents/Developer/Toolchains/XcodeDefault.xctoolchain/usr/lib/swift/macosx/prebuilt-modules/26.5/Observation.swiftmodule/arm64e-apple-macos.swiftmodule /Applications/Xcode.app/Contents/Developer/Toolchains/XcodeDefault.xctoolchain/usr/lib/swift/macosx/prebuilt-modules/26.5/_DarwinFoundation2.swiftmodule/arm64e-apple-macos.swiftmodule /Applications/Xcode.app/Contents/Developer/Toolchains/XcodeDefault.xctoolchain/usr/lib/swift/macosx/prebuilt-modules/26.5/Foundation.swiftmodule/arm64e-apple-macos.swiftmodule /Applications/Xcode.app/Contents/Developer/Toolchains/XcodeDefault.xctoolchain/usr/lib/swift/macosx/prebuilt-modules/26.5/CoreFoundation.swiftmodule/arm64e-apple-macos.swiftmodule /Applications/Xcode.app/Contents/Developer/Toolchains/XcodeDefault.xctoolchain/usr/lib/swift/macosx/prebuilt-modules/26.5/_Concurrency.swiftmodule/arm64e-apple-macos.swiftmodule /Applications/Xcode.app/Contents/Developer/Toolchains/XcodeDefault.xctoolchain/usr/lib/swift/macosx/prebuilt-modules/26.5/ObjectiveC.swiftmodule/arm64e-apple-macos.swiftmodule /Applications/Xcode.app/Contents/Developer/Toolchains/XcodeDefault.xctoolchain/usr/lib/swift/macosx/prebuilt-modules/26.5/_StringProcessing.swiftmodule/arm64e-apple-macos.swiftmodule /Applications/Xcode.app/Contents/Developer/Toolchains/XcodeDefault.xctoolchain/usr/lib/swift/macosx/prebuilt-modules/26.5/Dispatch.swiftmodule/arm64e-apple-macos.swiftmodule /Applications/Xcode.app/Contents/Developer/Toolchains/XcodeDefault.xctoolchain/usr/lib/swift/macosx/prebuilt-modules/26.5/LocalAuthentication.swiftmodule/arm64e-apple-macos.swiftmodule /Users/marcboyer/LogicAudioAssistant/.build/xcode-release-reviewfix/ModuleCache.noindex/ptrcheck-47LT4S3L11YU6Q9VER2S68CGD.pcm /Users/marcboyer/LogicAudioAssistant/.build/xcode-release-reviewfix/ModuleCache.noindex/_Builtin_float-5R2UINMN9L91RWGT6OT8ABUIQ.pcm /Users/marcboyer/LogicAudioAssistant/.build/xcode-release-reviewfix/ModuleCache.noindex/_Builtin_limits-F4U81MW454IOIFK2P2N6IHEJZ.pcm /Users/marcboyer/LogicAudioAssistant/.build/xcode-release-reviewfix/ModuleCache.noindex/Dispatch-CUQGM1TJMSISSLM5Z92C0XTXR.pcm /Users/marcboyer/LogicAudioAssistant/.build/xcode-release-reviewfix/ModuleCache.noindex/_Builtin_stdarg-CWWWL82UT7IK5S1LU2O31362H.pcm /Users/marcboyer/LogicAudioAssistant/.build/xcode-release-reviewfix/ModuleCache.noindex/_Builtin_inttypes-364ERU32814XYMNW9SAVWWGAK.pcm /Users/marcboyer/LogicAudioAssistant/.build/xcode-release-reviewfix/ModuleCache.noindex/ptrauth-64OXNBF3VV5OQLDK24WP1L156.pcm /Users/marcboyer/LogicAudioAssistant/.build/xcode-release-reviewfix/ModuleCache.noindex/CFNetwork-DCOK03ZG7J5FK41HS656DYLAB.pcm /Users/marcboyer/LogicAudioAssistant/.build/xcode-release-reviewfix/ModuleCache.noindex/_SwiftConcurrencyShims-4CTOMMMGO74XNGXANM54895KH.pcm /Users/marcboyer/LogicAudioAssistant/.build/xcode-release-reviewfix/ModuleCache.noindex/_DarwinFoundation1-CYEM2TCTCHPK037IGQ2AGJFID.pcm /Users/marcboyer/LogicAudioAssistant/.build/xcode-release-reviewfix/ModuleCache.noindex/_Builtin_stddef-48R31SFXF0EDU179M0TI36NZN.pcm /Users/marcboyer/LogicAudioAssistant/.build/xcode-release-reviewfix/ModuleCache.noindex/Security-2ZYGTAZHFO7YKSB8QH4RI46TN.pcm /Users/marcboyer/LogicAudioAssistant/.build/xcode-release-reviewfix/ModuleCache.noindex/SwiftShims-CUX3A0TB62NGY33ZT4Q0SO22J.pcm /Users/marcboyer/LogicAudioAssistant/.build/xcode-release-reviewfix/ModuleCache.noindex/Darwin-EOVFZ2A7A6Y7YSD0R2FZ6CDPQ.pcm /Users/marcboyer/LogicAudioAssistant/.build/xcode-release-reviewfix/ModuleCache.noindex/_Builtin_stdbool-EGVF9C21Q9GXEBEYUU0SJOSN7.pcm /Users/marcboyer/LogicAudioAssistant/.build/xcode-release-reviewfix/ModuleCache.noindex/XPC-6P49AK1FVMZ0QLVI1FWJY8FUU.pcm /Users/marcboyer/LogicAudioAssistant/.build/xcode-release-reviewfix/ModuleCache.noindex/MachO-1DVCBDOQTFP9F50B55M42QA85.pcm /Users/marcboyer/LogicAudioAssistant/.build/xcode-release-reviewfix/ModuleCache.noindex/_DarwinFoundation2-1LSZKCO2UAG2QKRWA0VFHWGGX.pcm /Users/marcboyer/LogicAudioAssistant/.build/xcode-release-reviewfix/ModuleCache.noindex/_Builtin_stdint-AHO2ZCLKYE3V6VNKY3AF2VI5S.pcm /Users/marcboyer/LogicAudioAssistant/.build/xcode-release-reviewfix/ModuleCache.noindex/_DarwinFoundation3-6G3O5TG2GZYAT0U5YTIH7PTLY.pcm /Users/marcboyer/LogicAudioAssistant/.build/xcode-release-reviewfix/ModuleCache.noindex/os_object-D5CL3IB6WSXWFIAROWRK10P2J.pcm /Users/marcboyer/LogicAudioAssistant/.build/xcode-release-reviewfix/ModuleCache.noindex/DiskArbitration-F17P3FCPVJQI0VM03KID3J11B.pcm /Users/marcboyer/LogicAudioAssistant/.build/xcode-release-reviewfix/ModuleCache.noindex/launch-BG9N65BE7P5Z2OTZDEFKS9Z9I.pcm /Users/marcboyer/LogicAudioAssistant/.build/xcode-release-reviewfix/ModuleCache.noindex/libDER-B1GNCKHYYP5XS5TPY4XS1BUV7.pcm /Users/marcboyer/LogicAudioAssistant/.build/xcode-release-reviewfix/ModuleCache.noindex/IOKit-32EHD05OB5G07QM5B2WIXNRGF.pcm /Users/marcboyer/LogicAudioAssistant/.build/xcode-release-reviewfix/ModuleCache.noindex/Foundation-488OCGQ676PGZMBG2B3RYVRGS.pcm /Users/marcboyer/LogicAudioAssistant/.build/xcode-release-reviewfix/ModuleCache.noindex/ObjectiveC-A4ASO8WBMH3J1EIDI52P3U0K7.pcm /Users/marcboyer/LogicAudioAssistant/.build/xcode-release-reviewfix/ModuleCache.noindex/os_workgroup-8BYCFEZ17OB5P95BFB4Z1QAYY.pcm /Users/marcboyer/LogicAudioAssistant/.build/xcode-release-reviewfix/ModuleCache.noindex/CoreFoundation-608YLRQF7KP9OP338B9BGET4L.pcm /Users/marcboyer/LogicAudioAssistant/.build/xcode-release-reviewfix/ModuleCache.noindex/CoreServices-1M1WUIDAYFGL66MBP72IVLZOB.pcm /Users/marcboyer/LogicAudioAssistant/.build/xcode-release-reviewfix/ModuleCache.noindex/libkern-AFKJN9UCJTLDVRE749AR52JNO.pcm /Users/marcboyer/LogicAudioAssistant/.build/xcode-release-reviewfix/ModuleCache.noindex/_AvailabilityInternal-7JY0KCW9ZRT98KGWHVERRF9OJ.pcm /Users/marcboyer/LogicAudioAssistant/.build/xcode-release-reviewfix/ModuleCache.noindex/LocalAuthentication-CC4IYRDEDZAUVZ0EIWGGFGFEY.pcm /Users/marcboyer/LogicAudioAssistant/.build/xcode-release-reviewfix/ModuleCache.noindex/sys_types-62X0RFAO1T07ID6H9QNK9FW4I.pcm /Users/marcboyer/LogicAudioAssistant/.build/xcode-release-reviewfix/Build/Intermediates.noindex/LogicAudioAssistant.build/Release/SharedIPC.build/Objects-normal/arm64/SharedIPC-dependencies-1.json (in target 'SharedIPC' from project 'LogicAudioAssistant' at path '/Users/marcboyer/LogicAudioAssistant/Package.swift')
CompileSwift normal arm64 (in target 'SharedIPC' from project 'LogicAudioAssistant' at path '/Users/marcboyer/LogicAudioAssistant/Package.swift')
    cd /Users/marcboyer/LogicAudioAssistant/LogicAudioAssistant.xcodeproj
    

SwiftDriverJobDiscovery normal arm64 Compiling Snapshot.swift, Transaction.swift (in target 'StateStore' from project 'LogicAudioAssistant' at path '/Users/marcboyer/LogicAudioAssistant/Package.swift')

SwiftDriver\ Compilation\ Requirements StateStore normal arm64 com.apple.xcode.tools.swift.compiler (in target 'StateStore' from project 'LogicAudioAssistant' at path '/Users/marcboyer/LogicAudioAssistant/Package.swift')
    cd /Users/marcboyer/LogicAudioAssistant/LogicAudioAssistant.xcodeproj
    builtin-Swift-Compilation-Requirements -- /Applications/Xcode.app/Contents/Developer/Toolchains/XcodeDefault.xctoolchain/usr/bin/swiftc -module-name StateStore -O -whole-module-optimization @/Users/marcboyer/LogicAudioAssistant/.build/xcode-release-reviewfix/Build/Intermediates.noindex/LogicAudioAssistant.build/Release/StateStore.build/Objects-normal/arm64/StateStore.SwiftFileList -DSWIFT_PACKAGE -DSWIFT_MODULE_RESOURCE_BUNDLE_UNAVAILABLE -DXcode -plugin-path /Applications/Xcode.app/Contents/Developer/Toolchains/XcodeDefault.xctoolchain/usr/lib/swift/host/plugins/testing -enable-experimental-feature DebugDescriptionMacro -sdk /Applications/Xcode.app/Contents/Developer/Platforms/MacOSX.platform/Developer/SDKs/MacOSX26.5.sdk -target arm64-apple-macos14.0 -g -module-cache-path /Users/marcboyer/LogicAudioAssistant/.build/xcode-release-reviewfix/ModuleCache.noindex -Xfrontend -serialize-debugging-options -swift-version 6 -I /Users/marcboyer/LogicAudioAssistant/.build/xcode-release-reviewfix/Build/Products/Release -Isystem /Applications/Xcode.app/Contents/Developer/Platforms/MacOSX.platform/Developer/usr/lib -F /Users/marcboyer/LogicAudioAssistant/.build/xcode-release-reviewfix/Build/Products/Release/PackageFrameworks -F /Users/marcboyer/LogicAudioAssistant/.build/xcode-release-reviewfix/Build/Products/Release -F /Applications/Xcode.app/Contents/Developer/Platforms/MacOSX.platform/Developer/Library/Frameworks -c -num-threads 10 -Xcc -ivfsstatcache -Xcc /Users/marcboyer/LogicAudioAssistant/.build/xcode-release-reviewfix/SDKStatCaches.noindex/macosx26.5-25F70-e082c4a02f00227109f4ed75e425c832.sdkstatcache -output-file-map /Users/marcboyer/LogicAudioAssistant/.build/xcode-release-reviewfix/Build/Intermediates.noindex/LogicAudioAssistant.build/Release/StateStore.build/Objects-normal/arm64/StateStore-OutputFileMap.json -use-frontend-parseable-output -save-temps -no-color-diagnostics -explicit-module-build -module-cache-path /Users/marcboyer/LogicAudioAssistant/.build/xcode-release-reviewfix/Build/Intermediates.noindex/SwiftExplicitPrecompiledModules -clang-scanner-module-cache-path /Users/marcboyer/LogicAudioAssistant/.build/xcode-release-reviewfix/ModuleCache.noindex -sdk-module-cache-path /Users/marcboyer/LogicAudioAssistant/.build/xcode-release-reviewfix/ModuleCache.noindex -serialize-diagnostics -emit-dependencies -emit-module -emit-module-path /Users/marcboyer/LogicAudioAssistant/.build/xcode-release-reviewfix/Build/Intermediates.noindex/LogicAudioAssistant.build/Release/StateStore.build/Objects-normal/arm64/StateStore.swiftmodule -validate-clang-modules-once -clang-build-session-file /Users/marcboyer/LogicAudioAssistant/.build/xcode-release-reviewfix/ModuleCache.noindex/Session.modulevalidation -package-name logicaudioassistant -Xcc -I/Users/marcboyer/LogicAudioAssistant/.build/xcode-release-reviewfix/Build/Intermediates.noindex/LogicAudioAssistant.build/Release/StateStore.build/swift-overrides.hmap -emit-const-values -Xfrontend -const-gather-protocols-file -Xfrontend /Users/marcboyer/LogicAudioAssistant/.build/xcode-release-reviewfix/Build/Intermediates.noindex/LogicAudioAssistant.build/Release/StateStore.build/Objects-normal/arm64/StateStore_const_extract_protocols.json -Xcc -I/Users/marcboyer/LogicAudioAssistant/.build/xcode-release-reviewfix/Build/Products/Release/include -Xcc -I/Users/marcboyer/LogicAudioAssistant/.build/xcode-release-reviewfix/Build/Intermediates.noindex/LogicAudioAssistant.build/Release/StateStore.build/DerivedSources-normal/arm64 -Xcc -I/Users/marcboyer/LogicAudioAssistant/.build/xcode-release-reviewfix/Build/Intermediates.noindex/LogicAudioAssistant.build/Release/StateStore.build/DerivedSources/arm64 -Xcc -I/Users/marcboyer/LogicAudioAssistant/.build/xcode-release-reviewfix/Build/Intermediates.noindex/LogicAudioAssistant.build/Release/StateStore.build/DerivedSources -Xcc -DSWIFT_PACKAGE -emit-objc-header -emit-objc-header-path /Users/marcboyer/LogicAudioAssistant/.build/xcode-release-reviewfix/Build/Intermediates.noindex/LogicAudioAssistant.build/Release/StateStore.build/Objects-normal/arm64/StateStore-Swift.h -working-directory /Users/marcboyer/LogicAudioAssistant/LogicAudioAssistant.xcodeproj -no-emit-module-separately-wmo

SwiftMergeGeneratedHeaders /Users/marcboyer/LogicAudioAssistant/.build/xcode-release-reviewfix/Build/Intermediates.noindex/GeneratedModuleMaps/StateStore-Swift.h /Users/marcboyer/LogicAudioAssistant/.build/xcode-release-reviewfix/Build/Intermediates.noindex/LogicAudioAssistant.build/Release/StateStore.build/Objects-normal/arm64/StateStore-Swift.h (in target 'StateStore' from project 'LogicAudioAssistant' at path '/Users/marcboyer/LogicAudioAssistant/Package.swift')
    cd /Users/marcboyer/LogicAudioAssistant
    builtin-swiftHeaderTool -arch arm64 /Users/marcboyer/LogicAudioAssistant/.build/xcode-release-reviewfix/Build/Intermediates.noindex/LogicAudioAssistant.build/Release/StateStore.build/Objects-normal/arm64/StateStore-Swift.h -o /Users/marcboyer/LogicAudioAssistant/.build/xcode-release-reviewfix/Build/Intermediates.noindex/GeneratedModuleMaps/StateStore-Swift.h

Copy /Users/marcboyer/LogicAudioAssistant/.build/xcode-release-reviewfix/Build/Products/Release/StateStore.swiftmodule/arm64-apple-macos.swiftmodule /Users/marcboyer/LogicAudioAssistant/.build/xcode-release-reviewfix/Build/Intermediates.noindex/LogicAudioAssistant.build/Release/StateStore.build/Objects-normal/arm64/StateStore.swiftmodule (in target 'StateStore' from project 'LogicAudioAssistant' at path '/Users/marcboyer/LogicAudioAssistant/Package.swift')
    cd /Users/marcboyer/LogicAudioAssistant
    builtin-copy -exclude .DS_Store -exclude CVS -exclude .svn -exclude .git -exclude .hg -strip-unsigned-binaries -strip-deterministic -strip-tool /Applications/Xcode.app/Contents/Developer/Toolchains/XcodeDefault.xctoolchain/usr/bin/strip -resolve-src-symlinks -rename /Users/marcboyer/LogicAudioAssistant/.build/xcode-release-reviewfix/Build/Intermediates.noindex/LogicAudioAssistant.build/Release/StateStore.build/Objects-normal/arm64/StateStore.swiftmodule /Users/marcboyer/LogicAudioAssistant/.build/xcode-release-reviewfix/Build/Products/Release/StateStore.swiftmodule/arm64-apple-macos.swiftmodule

Copy /Users/marcboyer/LogicAudioAssistant/.build/xcode-release-reviewfix/Build/Products/Release/StateStore.swiftmodule/arm64-apple-macos.abi.json /Users/marcboyer/LogicAudioAssistant/.build/xcode-release-reviewfix/Build/Intermediates.noindex/LogicAudioAssistant.build/Release/StateStore.build/Objects-normal/arm64/StateStore.abi.json (in target 'StateStore' from project 'LogicAudioAssistant' at path '/Users/marcboyer/LogicAudioAssistant/Package.swift')
    cd /Users/marcboyer/LogicAudioAssistant
    builtin-copy -exclude .DS_Store -exclude CVS -exclude .svn -exclude .git -exclude .hg -strip-unsigned-binaries -strip-deterministic -strip-tool /Applications/Xcode.app/Contents/Developer/Toolchains/XcodeDefault.xctoolchain/usr/bin/strip -resolve-src-symlinks -rename /Users/marcboyer/LogicAudioAssistant/.build/xcode-release-reviewfix/Build/Intermediates.noindex/LogicAudioAssistant.build/Release/StateStore.build/Objects-normal/arm64/StateStore.abi.json /Users/marcboyer/LogicAudioAssistant/.build/xcode-release-reviewfix/Build/Products/Release/StateStore.swiftmodule/arm64-apple-macos.abi.json

Copy /Users/marcboyer/LogicAudioAssistant/.build/xcode-release-reviewfix/Build/Products/Release/StateStore.swiftmodule/arm64-apple-macos.swiftdoc /Users/marcboyer/LogicAudioAssistant/.build/xcode-release-reviewfix/Build/Intermediates.noindex/LogicAudioAssistant.build/Release/StateStore.build/Objects-normal/arm64/StateStore.swiftdoc (in target 'StateStore' from project 'LogicAudioAssistant' at path '/Users/marcboyer/LogicAudioAssistant/Package.swift')
    cd /Users/marcboyer/LogicAudioAssistant
    builtin-copy -exclude .DS_Store -exclude CVS -exclude .svn -exclude .git -exclude .hg -strip-unsigned-binaries -strip-deterministic -strip-tool /Applications/Xcode.app/Contents/Developer/Toolchains/XcodeDefault.xctoolchain/usr/bin/strip -resolve-src-symlinks -rename /Users/marcboyer/LogicAudioAssistant/.build/xcode-release-reviewfix/Build/Intermediates.noindex/LogicAudioAssistant.build/Release/StateStore.build/Objects-normal/arm64/StateStore.swiftdoc /Users/marcboyer/LogicAudioAssistant/.build/xcode-release-reviewfix/Build/Products/Release/StateStore.swiftmodule/arm64-apple-macos.swiftdoc

Copy /Users/marcboyer/LogicAudioAssistant/.build/xcode-release-reviewfix/Build/Products/Release/StateStore.swiftmodule/Project/arm64-apple-macos.swiftsourceinfo /Users/marcboyer/LogicAudioAssistant/.build/xcode-release-reviewfix/Build/Intermediates.noindex/LogicAudioAssistant.build/Release/StateStore.build/Objects-normal/arm64/StateStore.swiftsourceinfo (in target 'StateStore' from project 'LogicAudioAssistant' at path '/Users/marcboyer/LogicAudioAssistant/Package.swift')
    cd /Users/marcboyer/LogicAudioAssistant
    builtin-copy -exclude .DS_Store -exclude CVS -exclude .svn -exclude .git -exclude .hg -strip-unsigned-binaries -strip-deterministic -strip-tool /Applications/Xcode.app/Contents/Developer/Toolchains/XcodeDefault.xctoolchain/usr/bin/strip -resolve-src-symlinks -rename /Users/marcboyer/LogicAudioAssistant/.build/xcode-release-reviewfix/Build/Intermediates.noindex/LogicAudioAssistant.build/Release/StateStore.build/Objects-normal/arm64/StateStore.swiftsourceinfo /Users/marcboyer/LogicAudioAssistant/.build/xcode-release-reviewfix/Build/Products/Release/StateStore.swiftmodule/Project/arm64-apple-macos.swiftsourceinfo

Ld /Users/marcboyer/LogicAudioAssistant/.build/xcode-release-reviewfix/Build/Products/Release/StateStore.o normal (in target 'StateStore' from project 'LogicAudioAssistant' at path '/Users/marcboyer/LogicAudioAssistant/Package.swift')
    cd /Users/marcboyer/LogicAudioAssistant
    /Applications/Xcode.app/Contents/Developer/Toolchains/XcodeDefault.xctoolchain/usr/bin/clang -Xlinker -reproducible -target arm64-apple-macos14.0 -r -isysroot /Applications/Xcode.app/Contents/Developer/Platforms/MacOSX.platform/Developer/SDKs/MacOSX26.5.sdk -Os -F/Users/marcboyer/LogicAudioAssistant/.build/xcode-release-reviewfix/Build/Intermediates.noindex/EagerLinkingTBDs/Release -F/Users/marcboyer/LogicAudioAssistant/.build/xcode-release-reviewfix/Build/Products/Release/PackageFrameworks -F/Users/marcboyer/LogicAudioAssistant/.build/xcode-release-reviewfix/Build/Products/Release -iframework /Applications/Xcode.app/Contents/Developer/Platforms/MacOSX.platform/Developer/Library/Frameworks -filelist /Users/marcboyer/LogicAudioAssistant/.build/xcode-release-reviewfix/Build/Intermediates.noindex/LogicAudioAssistant.build/Release/StateStore.build/Objects-normal/arm64/StateStore.LinkFileList -nostdlib -Xlinker -object_path_lto -Xlinker /Users/marcboyer/LogicAudioAssistant/.build/xcode-release-reviewfix/Build/Intermediates.noindex/LogicAudioAssistant.build/Release/StateStore.build/Objects-normal/arm64/StateStore_lto.o -Xlinker -dependency_info -Xlinker /Users/marcboyer/LogicAudioAssistant/.build/xcode-release-reviewfix/Build/Intermediates.noindex/LogicAudioAssistant.build/Release/StateStore.build/Objects-normal/arm64/StateStore_dependency_info.dat -fobjc-link-runtime -L/Applications/Xcode.app/Contents/Developer/Toolchains/XcodeDefault.xctoolchain/usr/lib/swift/macosx -L/usr/lib/swift -Xlinker -add_ast_path -Xlinker /Users/marcboyer/LogicAudioAssistant/.build/xcode-release-reviewfix/Build/Intermediates.noindex/LogicAudioAssistant.build/Release/StateStore.build/Objects-normal/arm64/StateStore.swiftmodule @/Users/marcboyer/LogicAudioAssistant/.build/xcode-release-reviewfix/Build/Intermediates.noindex/LogicAudioAssistant.build/Release/StateStore.build/Objects-normal/arm64/StateStore-linker-args.resp -o /Users/marcboyer/LogicAudioAssistant/.build/xcode-release-reviewfix/Build/Products/Release/StateStore.o

ExtractAppIntentsMetadata (in target 'StateStore' from project 'LogicAudioAssistant' at path '/Users/marcboyer/LogicAudioAssistant/Package.swift')
    cd /Users/marcboyer/LogicAudioAssistant
    /Applications/Xcode.app/Contents/Developer/Toolchains/XcodeDefault.xctoolchain/usr/bin/appintentsmetadataprocessor --toolchain-dir /Applications/Xcode.app/Contents/Developer/Toolchains/XcodeDefault.xctoolchain --module-name StateStore --sdk-root /Applications/Xcode.app/Contents/Developer/Platforms/MacOSX.platform/Developer/SDKs/MacOSX26.5.sdk --xcode-version 17F113 --platform-family macOS --deployment-target 14.0 --bundle-identifier logicaudioassistant.StateStore --output /Users/marcboyer/LogicAudioAssistant/.build/xcode-release-reviewfix/Build/Products/Release/StateStore.appintents --target-triple arm64-apple-macos14.0 --binary-file /Users/marcboyer/LogicAudioAssistant/.build/xcode-release-reviewfix/Build/Products/Release/StateStore.o --dependency-file /Users/marcboyer/LogicAudioAssistant/.build/xcode-release-reviewfix/Build/Intermediates.noindex/LogicAudioAssistant.build/Release/StateStore.build/Objects-normal/arm64/StateStore_dependency_info.dat --stringsdata-file /Users/marcboyer/LogicAudioAssistant/.build/xcode-release-reviewfix/Build/Intermediates.noindex/LogicAudioAssistant.build/Release/StateStore.build/Objects-normal/arm64/ExtractedAppShortcutsMetadata.stringsdata --source-file-list /Users/marcboyer/LogicAudioAssistant/.build/xcode-release-reviewfix/Build/Intermediates.noindex/LogicAudioAssistant.build/Release/StateStore.build/Objects-normal/arm64/StateStore.SwiftFileList --metadata-file-list /Users/marcboyer/LogicAudioAssistant/.build/xcode-release-reviewfix/Build/Intermediates.noindex/LogicAudioAssistant.build/Release/StateStore.build/StateStore.DependencyMetadataFileList --static-metadata-file-list /Users/marcboyer/LogicAudioAssistant/.build/xcode-release-reviewfix/Build/Intermediates.noindex/LogicAudioAssistant.build/Release/StateStore.build/StateStore.DependencyStaticMetadataFileList --swift-const-vals-list /Users/marcboyer/LogicAudioAssistant/.build/xcode-release-reviewfix/Build/Intermediates.noindex/LogicAudioAssistant.build/Release/StateStore.build/Objects-normal/arm64/StateStore.SwiftConstValuesFileList --force --compile-time-extraction --deployment-aware-processing --validate-assistant-intents --no-app-shortcuts-localization
2026-08-14 14:53:11.137 appintentsmetadataprocessor[35002:3499680] Starting appintentsmetadataprocessor export
2026-08-14 14:53:11.145 appintentsmetadataprocessor[35002:3499680] Extracted no relevant App Intents symbols, skipping writing output

RegisterExecutionPolicyException /Users/marcboyer/LogicAudioAssistant/.build/xcode-release-reviewfix/Build/Products/Release/StateStore.o (in target 'StateStore' from project 'LogicAudioAssistant' at path '/Users/marcboyer/LogicAudioAssistant/Package.swift')
    cd /Users/marcboyer/LogicAudioAssistant
    builtin-RegisterExecutionPolicyException /Users/marcboyer/LogicAudioAssistant/.build/xcode-release-reviewfix/Build/Products/Release/StateStore.o

SwiftDriverJobDiscovery normal arm64 Compiling AudioBuffer.swift, CompiledGraph.swift, WAVFile.swift (in target 'DSPCore' from project 'LogicAudioAssistant' at path '/Users/marcboyer/LogicAudioAssistant/Package.swift')

SwiftDriver\ Compilation\ Requirements DSPCore normal arm64 com.apple.xcode.tools.swift.compiler (in target 'DSPCore' from project 'LogicAudioAssistant' at path '/Users/marcboyer/LogicAudioAssistant/Package.swift')
    cd /Users/marcboyer/LogicAudioAssistant/LogicAudioAssistant.xcodeproj
    builtin-Swift-Compilation-Requirements -- /Applications/Xcode.app/Contents/Developer/Toolchains/XcodeDefault.xctoolchain/usr/bin/swiftc -module-name DSPCore -O -whole-module-optimization @/Users/marcboyer/LogicAudioAssistant/.build/xcode-release-reviewfix/Build/Intermediates.noindex/LogicAudioAssistant.build/Release/DSPCore.build/Objects-normal/arm64/DSPCore.SwiftFileList -DSWIFT_PACKAGE -DSWIFT_MODULE_RESOURCE_BUNDLE_UNAVAILABLE -DXcode -plugin-path /Applications/Xcode.app/Contents/Developer/Toolchains/XcodeDefault.xctoolchain/usr/lib/swift/host/plugins/testing -enable-experimental-feature DebugDescriptionMacro -sdk /Applications/Xcode.app/Contents/Developer/Platforms/MacOSX.platform/Developer/SDKs/MacOSX26.5.sdk -target arm64-apple-macos14.0 -g -module-cache-path /Users/marcboyer/LogicAudioAssistant/.build/xcode-release-reviewfix/ModuleCache.noindex -Xfrontend -serialize-debugging-options -swift-version 6 -I /Users/marcboyer/LogicAudioAssistant/.build/xcode-release-reviewfix/Build/Products/Release -Isystem /Applications/Xcode.app/Contents/Developer/Platforms/MacOSX.platform/Developer/usr/lib -F /Users/marcboyer/LogicAudioAssistant/.build/xcode-release-reviewfix/Build/Products/Release/PackageFrameworks -F /Users/marcboyer/LogicAudioAssistant/.build/xcode-release-reviewfix/Build/Products/Release -F /Applications/Xcode.app/Contents/Developer/Platforms/MacOSX.platform/Developer/Library/Frameworks -c -num-threads 10 -Xcc -ivfsstatcache -Xcc /Users/marcboyer/LogicAudioAssistant/.build/xcode-release-reviewfix/SDKStatCaches.noindex/macosx26.5-25F70-e082c4a02f00227109f4ed75e425c832.sdkstatcache -output-file-map /Users/marcboyer/LogicAudioAssistant/.build/xcode-release-reviewfix/Build/Intermediates.noindex/LogicAudioAssistant.build/Release/DSPCore.build/Objects-normal/arm64/DSPCore-OutputFileMap.json -use-frontend-parseable-output -save-temps -no-color-diagnostics -explicit-module-build -module-cache-path /Users/marcboyer/LogicAudioAssistant/.build/xcode-release-reviewfix/Build/Intermediates.noindex/SwiftExplicitPrecompiledModules -clang-scanner-module-cache-path /Users/marcboyer/LogicAudioAssistant/.build/xcode-release-reviewfix/ModuleCache.noindex -sdk-module-cache-path /Users/marcboyer/LogicAudioAssistant/.build/xcode-release-reviewfix/ModuleCache.noindex -serialize-diagnostics -emit-dependencies -emit-module -emit-module-path /Users/marcboyer/LogicAudioAssistant/.build/xcode-release-reviewfix/Build/Intermediates.noindex/LogicAudioAssistant.build/Release/DSPCore.build/Objects-normal/arm64/DSPCore.swiftmodule -validate-clang-modules-once -clang-build-session-file /Users/marcboyer/LogicAudioAssistant/.build/xcode-release-reviewfix/ModuleCache.noindex/Session.modulevalidation -package-name logicaudioassistant -Xcc -I/Users/marcboyer/LogicAudioAssistant/.build/xcode-release-reviewfix/Build/Intermediates.noindex/LogicAudioAssistant.build/Release/DSPCore.build/swift-overrides.hmap -emit-const-values -Xfrontend -const-gather-protocols-file -Xfrontend /Users/marcboyer/LogicAudioAssistant/.build/xcode-release-reviewfix/Build/Intermediates.noindex/LogicAudioAssistant.build/Release/DSPCore.build/Objects-normal/arm64/DSPCore_const_extract_protocols.json -Xcc -I/Users/marcboyer/LogicAudioAssistant/.build/xcode-release-reviewfix/Build/Products/Release/include -Xcc -I/Users/marcboyer/LogicAudioAssistant/.build/xcode-release-reviewfix/Build/Intermediates.noindex/LogicAudioAssistant.build/Release/DSPCore.build/DerivedSources-normal/arm64 -Xcc -I/Users/marcboyer/LogicAudioAssistant/.build/xcode-release-reviewfix/Build/Intermediates.noindex/LogicAudioAssistant.build/Release/DSPCore.build/DerivedSources/arm64 -Xcc -I/Users/marcboyer/LogicAudioAssistant/.build/xcode-release-reviewfix/Build/Intermediates.noindex/LogicAudioAssistant.build/Release/DSPCore.build/DerivedSources -Xcc -DSWIFT_PACKAGE -emit-objc-header -emit-objc-header-path /Users/marcboyer/LogicAudioAssistant/.build/xcode-release-reviewfix/Build/Intermediates.noindex/LogicAudioAssistant.build/Release/DSPCore.build/Objects-normal/arm64/DSPCore-Swift.h -working-directory /Users/marcboyer/LogicAudioAssistant/LogicAudioAssistant.xcodeproj -no-emit-module-separately-wmo

SwiftMergeGeneratedHeaders /Users/marcboyer/LogicAudioAssistant/.build/xcode-release-reviewfix/Build/Intermediates.noindex/GeneratedModuleMaps/DSPCore-Swift.h /Users/marcboyer/LogicAudioAssistant/.build/xcode-release-reviewfix/Build/Intermediates.noindex/LogicAudioAssistant.build/Release/DSPCore.build/Objects-normal/arm64/DSPCore-Swift.h (in target 'DSPCore' from project 'LogicAudioAssistant' at path '/Users/marcboyer/LogicAudioAssistant/Package.swift')
    cd /Users/marcboyer/LogicAudioAssistant
    builtin-swiftHeaderTool -arch arm64 /Users/marcboyer/LogicAudioAssistant/.build/xcode-release-reviewfix/Build/Intermediates.noindex/LogicAudioAssistant.build/Release/DSPCore.build/Objects-normal/arm64/DSPCore-Swift.h -o /Users/marcboyer/LogicAudioAssistant/.build/xcode-release-reviewfix/Build/Intermediates.noindex/GeneratedModuleMaps/DSPCore-Swift.h

Copy /Users/marcboyer/LogicAudioAssistant/.build/xcode-release-reviewfix/Build/Products/Release/DSPCore.swiftmodule/arm64-apple-macos.swiftmodule /Users/marcboyer/LogicAudioAssistant/.build/xcode-release-reviewfix/Build/Intermediates.noindex/LogicAudioAssistant.build/Release/DSPCore.build/Objects-normal/arm64/DSPCore.swiftmodule (in target 'DSPCore' from project 'LogicAudioAssistant' at path '/Users/marcboyer/LogicAudioAssistant/Package.swift')
    cd /Users/marcboyer/LogicAudioAssistant
    builtin-copy -exclude .DS_Store -exclude CVS -exclude .svn -exclude .git -exclude .hg -strip-unsigned-binaries -strip-deterministic -strip-tool /Applications/Xcode.app/Contents/Developer/Toolchains/XcodeDefault.xctoolchain/usr/bin/strip -resolve-src-symlinks -rename /Users/marcboyer/LogicAudioAssistant/.build/xcode-release-reviewfix/Build/Intermediates.noindex/LogicAudioAssistant.build/Release/DSPCore.build/Objects-normal/arm64/DSPCore.swiftmodule /Users/marcboyer/LogicAudioAssistant/.build/xcode-release-reviewfix/Build/Products/Release/DSPCore.swiftmodule/arm64-apple-macos.swiftmodule

Copy /Users/marcboyer/LogicAudioAssistant/.build/xcode-release-reviewfix/Build/Products/Release/DSPCore.swiftmodule/arm64-apple-macos.abi.json /Users/marcboyer/LogicAudioAssistant/.build/xcode-release-reviewfix/Build/Intermediates.noindex/LogicAudioAssistant.build/Release/DSPCore.build/Objects-normal/arm64/DSPCore.abi.json (in target 'DSPCore' from project 'LogicAudioAssistant' at path '/Users/marcboyer/LogicAudioAssistant/Package.swift')
    cd /Users/marcboyer/LogicAudioAssistant
    builtin-copy -exclude .DS_Store -exclude CVS -exclude .svn -exclude .git -exclude .hg -strip-unsigned-binaries -strip-deterministic -strip-tool /Applications/Xcode.app/Contents/Developer/Toolchains/XcodeDefault.xctoolchain/usr/bin/strip -resolve-src-symlinks -rename /Users/marcboyer/LogicAudioAssistant/.build/xcode-release-reviewfix/Build/Intermediates.noindex/LogicAudioAssistant.build/Release/DSPCore.build/Objects-normal/arm64/DSPCore.abi.json /Users/marcboyer/LogicAudioAssistant/.build/xcode-release-reviewfix/Build/Products/Release/DSPCore.swiftmodule/arm64-apple-macos.abi.json

Copy /Users/marcboyer/LogicAudioAssistant/.build/xcode-release-reviewfix/Build/Products/Release/DSPCore.swiftmodule/arm64-apple-macos.swiftdoc /Users/marcboyer/LogicAudioAssistant/.build/xcode-release-reviewfix/Build/Intermediates.noindex/LogicAudioAssistant.build/Release/DSPCore.build/Objects-normal/arm64/DSPCore.swiftdoc (in target 'DSPCore' from project 'LogicAudioAssistant' at path '/Users/marcboyer/LogicAudioAssistant/Package.swift')
    cd /Users/marcboyer/LogicAudioAssistant
    builtin-copy -exclude .DS_Store -exclude CVS -exclude .svn -exclude .git -exclude .hg -strip-unsigned-binaries -strip-deterministic -strip-tool /Applications/Xcode.app/Contents/Developer/Toolchains/XcodeDefault.xctoolchain/usr/bin/strip -resolve-src-symlinks -rename /Users/marcboyer/LogicAudioAssistant/.build/xcode-release-reviewfix/Build/Intermediates.noindex/LogicAudioAssistant.build/Release/DSPCore.build/Objects-normal/arm64/DSPCore.swiftdoc /Users/marcboyer/LogicAudioAssistant/.build/xcode-release-reviewfix/Build/Products/Release/DSPCore.swiftmodule/arm64-apple-macos.swiftdoc

Copy /Users/marcboyer/LogicAudioAssistant/.build/xcode-release-reviewfix/Build/Products/Release/DSPCore.swiftmodule/Project/arm64-apple-macos.swiftsourceinfo /Users/marcboyer/LogicAudioAssistant/.build/xcode-release-reviewfix/Build/Intermediates.noindex/LogicAudioAssistant.build/Release/DSPCore.build/Objects-normal/arm64/DSPCore.swiftsourceinfo (in target 'DSPCore' from project 'LogicAudioAssistant' at path '/Users/marcboyer/LogicAudioAssistant/Package.swift')
    cd /Users/marcboyer/LogicAudioAssistant
    builtin-copy -exclude .DS_Store -exclude CVS -exclude .svn -exclude .git -exclude .hg -strip-unsigned-binaries -strip-deterministic -strip-tool /Applications/Xcode.app/Contents/Developer/Toolchains/XcodeDefault.xctoolchain/usr/bin/strip -resolve-src-symlinks -rename /Users/marcboyer/LogicAudioAssistant/.build/xcode-release-reviewfix/Build/Intermediates.noindex/LogicAudioAssistant.build/Release/DSPCore.build/Objects-normal/arm64/DSPCore.swiftsourceinfo /Users/marcboyer/LogicAudioAssistant/.build/xcode-release-reviewfix/Build/Products/Release/DSPCore.swiftmodule/Project/arm64-apple-macos.swiftsourceinfo

Ld /Users/marcboyer/LogicAudioAssistant/.build/xcode-release-reviewfix/Build/Products/Release/DSPCore.o normal (in target 'DSPCore' from project 'LogicAudioAssistant' at path '/Users/marcboyer/LogicAudioAssistant/Package.swift')
    cd /Users/marcboyer/LogicAudioAssistant
    /Applications/Xcode.app/Contents/Developer/Toolchains/XcodeDefault.xctoolchain/usr/bin/clang -Xlinker -reproducible -target arm64-apple-macos14.0 -r -isysroot /Applications/Xcode.app/Contents/Developer/Platforms/MacOSX.platform/Developer/SDKs/MacOSX26.5.sdk -Os -F/Users/marcboyer/LogicAudioAssistant/.build/xcode-release-reviewfix/Build/Intermediates.noindex/EagerLinkingTBDs/Release -F/Users/marcboyer/LogicAudioAssistant/.build/xcode-release-reviewfix/Build/Products/Release/PackageFrameworks -F/Users/marcboyer/LogicAudioAssistant/.build/xcode-release-reviewfix/Build/Products/Release -iframework /Applications/Xcode.app/Contents/Developer/Platforms/MacOSX.platform/Developer/Library/Frameworks -filelist /Users/marcboyer/LogicAudioAssistant/.build/xcode-release-reviewfix/Build/Intermediates.noindex/LogicAudioAssistant.build/Release/DSPCore.build/Objects-normal/arm64/DSPCore.LinkFileList -nostdlib -Xlinker -object_path_lto -Xlinker /Users/marcboyer/LogicAudioAssistant/.build/xcode-release-reviewfix/Build/Intermediates.noindex/LogicAudioAssistant.build/Release/DSPCore.build/Objects-normal/arm64/DSPCore_lto.o -Xlinker -dependency_info -Xlinker /Users/marcboyer/LogicAudioAssistant/.build/xcode-release-reviewfix/Build/Intermediates.noindex/LogicAudioAssistant.build/Release/DSPCore.build/Objects-normal/arm64/DSPCore_dependency_info.dat -fobjc-link-runtime -L/Applications/Xcode.app/Contents/Developer/Toolchains/XcodeDefault.xctoolchain/usr/lib/swift/macosx -L/usr/lib/swift -Xlinker -add_ast_path -Xlinker /Users/marcboyer/LogicAudioAssistant/.build/xcode-release-reviewfix/Build/Intermediates.noindex/LogicAudioAssistant.build/Release/DSPCore.build/Objects-normal/arm64/DSPCore.swiftmodule @/Users/marcboyer/LogicAudioAssistant/.build/xcode-release-reviewfix/Build/Intermediates.noindex/LogicAudioAssistant.build/Release/DSPCore.build/Objects-normal/arm64/DSPCore-linker-args.resp -o /Users/marcboyer/LogicAudioAssistant/.build/xcode-release-reviewfix/Build/Products/Release/DSPCore.o

SwiftDriver AudioAnalysis normal arm64 com.apple.xcode.tools.swift.compiler (in target 'AudioAnalysis' from project 'LogicAudioAssistant' at path '/Users/marcboyer/LogicAudioAssistant/Package.swift')
    cd /Users/marcboyer/LogicAudioAssistant/LogicAudioAssistant.xcodeproj
    builtin-SwiftDriver -- /Applications/Xcode.app/Contents/Developer/Toolchains/XcodeDefault.xctoolchain/usr/bin/swiftc -module-name AudioAnalysis -O -whole-module-optimization @/Users/marcboyer/LogicAudioAssistant/.build/xcode-release-reviewfix/Build/Intermediates.noindex/LogicAudioAssistant.build/Release/AudioAnalysis.build/Objects-normal/arm64/AudioAnalysis.SwiftFileList -DSWIFT_PACKAGE -DSWIFT_MODULE_RESOURCE_BUNDLE_UNAVAILABLE -Xcc -fmodule-map-file\=/Users/marcboyer/LogicAudioAssistant/.build/xcode-release-reviewfix/Build/Intermediates.noindex/GeneratedModuleMaps/CAtomics.modulemap -DXcode -plugin-path /Applications/Xcode.app/Contents/Developer/Toolchains/XcodeDefault.xctoolchain/usr/lib/swift/host/plugins/testing -enable-experimental-feature DebugDescriptionMacro -sdk /Applications/Xcode.app/Contents/Developer/Platforms/MacOSX.platform/Developer/SDKs/MacOSX26.5.sdk -target arm64-apple-macos14.0 -g -module-cache-path /Users/marcboyer/LogicAudioAssistant/.build/xcode-release-reviewfix/ModuleCache.noindex -Xfrontend -serialize-debugging-options -swift-version 6 -I /Users/marcboyer/LogicAudioAssistant/.build/xcode-release-reviewfix/Build/Products/Release -Isystem /Applications/Xcode.app/Contents/Developer/Platforms/MacOSX.platform/Developer/usr/lib -F /Users/marcboyer/LogicAudioAssistant/.build/xcode-release-reviewfix/Build/Products/Release/PackageFrameworks -F /Users/marcboyer/LogicAudioAssistant/.build/xcode-release-reviewfix/Build/Products/Release/PackageFrameworks -F /Users/marcboyer/LogicAudioAssistant/.build/xcode-release-reviewfix/Build/Products/Release/PackageFrameworks -F /Users/marcboyer/LogicAudioAssistant/.build/xcode-release-reviewfix/Build/Products/Release -F /Applications/Xcode.app/Contents/Developer/Platforms/MacOSX.platform/Developer/Library/Frameworks -c -num-threads 10 -Xcc -ivfsstatcache -Xcc /Users/marcboyer/LogicAudioAssistant/.build/xcode-release-reviewfix/SDKStatCaches.noindex/macosx26.5-25F70-e082c4a02f00227109f4ed75e425c832.sdkstatcache -output-file-map /Users/marcboyer/LogicAudioAssistant/.build/xcode-release-reviewfix/Build/Intermediates.noindex/LogicAudioAssistant.build/Release/AudioAnalysis.build/Objects-normal/arm64/AudioAnalysis-OutputFileMap.json -use-frontend-parseable-output -save-temps -no-color-diagnostics -explicit-module-build -module-cache-path /Users/marcboyer/LogicAudioAssistant/.build/xcode-release-reviewfix/Build/Intermediates.noindex/SwiftExplicitPrecompiledModules -clang-scanner-module-cache-path /Users/marcboyer/LogicAudioAssistant/.build/xcode-release-reviewfix/ModuleCache.noindex -sdk-module-cache-path /Users/marcboyer/LogicAudioAssistant/.build/xcode-release-reviewfix/ModuleCache.noindex -serialize-diagnostics -emit-dependencies -emit-module -emit-module-path /Users/marcboyer/LogicAudioAssistant/.build/xcode-release-reviewfix/Build/Intermediates.noindex/LogicAudioAssistant.build/Release/AudioAnalysis.build/Objects-normal/arm64/AudioAnalysis.swiftmodule -validate-clang-modules-once -clang-build-session-file /Users/marcboyer/LogicAudioAssistant/.build/xcode-release-reviewfix/ModuleCache.noindex/Session.modulevalidation -package-name logicaudioassistant -Xcc -I/Users/marcboyer/LogicAudioAssistant/.build/xcode-release-reviewfix/Build/Intermediates.noindex/LogicAudioAssistant.build/Release/AudioAnalysis.build/swift-overrides.hmap -emit-const-values -Xfrontend -const-gather-protocols-file -Xfrontend /Users/marcboyer/LogicAudioAssistant/.build/xcode-release-reviewfix/Build/Intermediates.noindex/LogicAudioAssistant.build/Release/AudioAnalysis.build/Objects-normal/arm64/AudioAnalysis_const_extract_protocols.json -Xcc -I/Users/marcboyer/LogicAudioAssistant/packages/CAtomics/include -Xcc -I/Users/marcboyer/LogicAudioAssistant/.build/xcode-release-reviewfix/Build/Products/Release/include -Xcc -I/Users/marcboyer/LogicAudioAssistant/.build/xcode-release-reviewfix/Build/Intermediates.noindex/LogicAudioAssistant.build/Release/AudioAnalysis.build/DerivedSources-normal/arm64 -Xcc -I/Users/marcboyer/LogicAudioAssistant/.build/xcode-release-reviewfix/Build/Intermediates.noindex/LogicAudioAssistant.build/Release/AudioAnalysis.build/DerivedSources/arm64 -Xcc -I/Users/marcboyer/LogicAudioAssistant/.build/xcode-release-reviewfix/Build/Intermediates.noindex/LogicAudioAssistant.build/Release/AudioAnalysis.build/DerivedSources -Xcc -DSWIFT_PACKAGE -emit-objc-header -emit-objc-header-path /Users/marcboyer/LogicAudioAssistant/.build/xcode-release-reviewfix/Build/Intermediates.noindex/LogicAudioAssistant.build/Release/AudioAnalysis.build/Objects-normal/arm64/AudioAnalysis-Swift.h -working-directory /Users/marcboyer/LogicAudioAssistant/LogicAudioAssistant.xcodeproj -no-emit-module-separately-wmo

ExtractAppIntentsMetadata (in target 'DSPCore' from project 'LogicAudioAssistant' at path '/Users/marcboyer/LogicAudioAssistant/Package.swift')
    cd /Users/marcboyer/LogicAudioAssistant
    /Applications/Xcode.app/Contents/Developer/Toolchains/XcodeDefault.xctoolchain/usr/bin/appintentsmetadataprocessor --toolchain-dir /Applications/Xcode.app/Contents/Developer/Toolchains/XcodeDefault.xctoolchain --module-name DSPCore --sdk-root /Applications/Xcode.app/Contents/Developer/Platforms/MacOSX.platform/Developer/SDKs/MacOSX26.5.sdk --xcode-version 17F113 --platform-family macOS --deployment-target 14.0 --bundle-identifier logicaudioassistant.DSPCore --output /Users/marcboyer/LogicAudioAssistant/.build/xcode-release-reviewfix/Build/Products/Release/DSPCore.appintents --target-triple arm64-apple-macos14.0 --binary-file /Users/marcboyer/LogicAudioAssistant/.build/xcode-release-reviewfix/Build/Products/Release/DSPCore.o --dependency-file /Users/marcboyer/LogicAudioAssistant/.build/xcode-release-reviewfix/Build/Intermediates.noindex/LogicAudioAssistant.build/Release/DSPCore.build/Objects-normal/arm64/DSPCore_dependency_info.dat --stringsdata-file /Users/marcboyer/LogicAudioAssistant/.build/xcode-release-reviewfix/Build/Intermediates.noindex/LogicAudioAssistant.build/Release/DSPCore.build/Objects-normal/arm64/ExtractedAppShortcutsMetadata.stringsdata --source-file-list /Users/marcboyer/LogicAudioAssistant/.build/xcode-release-reviewfix/Build/Intermediates.noindex/LogicAudioAssistant.build/Release/DSPCore.build/Objects-normal/arm64/DSPCore.SwiftFileList --metadata-file-list /Users/marcboyer/LogicAudioAssistant/.build/xcode-release-reviewfix/Build/Intermediates.noindex/LogicAudioAssistant.build/Release/DSPCore.build/DSPCore.DependencyMetadataFileList --static-metadata-file-list /Users/marcboyer/LogicAudioAssistant/.build/xcode-release-reviewfix/Build/Intermediates.noindex/LogicAudioAssistant.build/Release/DSPCore.build/DSPCore.DependencyStaticMetadataFileList --swift-const-vals-list /Users/marcboyer/LogicAudioAssistant/.build/xcode-release-reviewfix/Build/Intermediates.noindex/LogicAudioAssistant.build/Release/DSPCore.build/Objects-normal/arm64/DSPCore.SwiftConstValuesFileList --force --compile-time-extraction --deployment-aware-processing --validate-assistant-intents --no-app-shortcuts-localization
2026-08-14 14:53:12.809 appintentsmetadataprocessor[35011:3499733] Starting appintentsmetadataprocessor export
2026-08-14 14:53:12.823 appintentsmetadataprocessor[35011:3499733] Extracted no relevant App Intents symbols, skipping writing output

RegisterExecutionPolicyException /Users/marcboyer/LogicAudioAssistant/.build/xcode-release-reviewfix/Build/Products/Release/DSPCore.o (in target 'DSPCore' from project 'LogicAudioAssistant' at path '/Users/marcboyer/LogicAudioAssistant/Package.swift')
    cd /Users/marcboyer/LogicAudioAssistant
    builtin-RegisterExecutionPolicyException /Users/marcboyer/LogicAudioAssistant/.build/xcode-release-reviewfix/Build/Products/Release/DSPCore.o

SwiftDriver\ Compilation AudioAnalysis normal arm64 com.apple.xcode.tools.swift.compiler (in target 'AudioAnalysis' from project 'LogicAudioAssistant' at path '/Users/marcboyer/LogicAudioAssistant/Package.swift')
    cd /Users/marcboyer/LogicAudioAssistant/LogicAudioAssistant.xcodeproj
    builtin-Swift-Compilation -- /Applications/Xcode.app/Contents/Developer/Toolchains/XcodeDefault.xctoolchain/usr/bin/swiftc -module-name AudioAnalysis -O -whole-module-optimization @/Users/marcboyer/LogicAudioAssistant/.build/xcode-release-reviewfix/Build/Intermediates.noindex/LogicAudioAssistant.build/Release/AudioAnalysis.build/Objects-normal/arm64/AudioAnalysis.SwiftFileList -DSWIFT_PACKAGE -DSWIFT_MODULE_RESOURCE_BUNDLE_UNAVAILABLE -Xcc -fmodule-map-file\=/Users/marcboyer/LogicAudioAssistant/.build/xcode-release-reviewfix/Build/Intermediates.noindex/GeneratedModuleMaps/CAtomics.modulemap -DXcode -plugin-path /Applications/Xcode.app/Contents/Developer/Toolchains/XcodeDefault.xctoolchain/usr/lib/swift/host/plugins/testing -enable-experimental-feature DebugDescriptionMacro -sdk /Applications/Xcode.app/Contents/Developer/Platforms/MacOSX.platform/Developer/SDKs/MacOSX26.5.sdk -target arm64-apple-macos14.0 -g -module-cache-path /Users/marcboyer/LogicAudioAssistant/.build/xcode-release-reviewfix/ModuleCache.noindex -Xfrontend -serialize-debugging-options -swift-version 6 -I /Users/marcboyer/LogicAudioAssistant/.build/xcode-release-reviewfix/Build/Products/Release -Isystem /Applications/Xcode.app/Contents/Developer/Platforms/MacOSX.platform/Developer/usr/lib -F /Users/marcboyer/LogicAudioAssistant/.build/xcode-release-reviewfix/Build/Products/Release/PackageFrameworks -F /Users/marcboyer/LogicAudioAssistant/.build/xcode-release-reviewfix/Build/Products/Release/PackageFrameworks -F /Users/marcboyer/LogicAudioAssistant/.build/xcode-release-reviewfix/Build/Products/Release/PackageFrameworks -F /Users/marcboyer/LogicAudioAssistant/.build/xcode-release-reviewfix/Build/Products/Release -F /Applications/Xcode.app/Contents/Developer/Platforms/MacOSX.platform/Developer/Library/Frameworks -c -num-threads 10 -Xcc -ivfsstatcache -Xcc /Users/marcboyer/LogicAudioAssistant/.build/xcode-release-reviewfix/SDKStatCaches.noindex/macosx26.5-25F70-e082c4a02f00227109f4ed75e425c832.sdkstatcache -output-file-map /Users/marcboyer/LogicAudioAssistant/.build/xcode-release-reviewfix/Build/Intermediates.noindex/LogicAudioAssistant.build/Release/AudioAnalysis.build/Objects-normal/arm64/AudioAnalysis-OutputFileMap.json -use-frontend-parseable-output -save-temps -no-color-diagnostics -explicit-module-build -module-cache-path /Users/marcboyer/LogicAudioAssistant/.build/xcode-release-reviewfix/Build/Intermediates.noindex/SwiftExplicitPrecompiledModules -clang-scanner-module-cache-path /Users/marcboyer/LogicAudioAssistant/.build/xcode-release-reviewfix/ModuleCache.noindex -sdk-module-cache-path /Users/marcboyer/LogicAudioAssistant/.build/xcode-release-reviewfix/ModuleCache.noindex -serialize-diagnostics -emit-dependencies -emit-module -emit-module-path /Users/marcboyer/LogicAudioAssistant/.build/xcode-release-reviewfix/Build/Intermediates.noindex/LogicAudioAssistant.build/Release/AudioAnalysis.build/Objects-normal/arm64/AudioAnalysis.swiftmodule -validate-clang-modules-once -clang-build-session-file /Users/marcboyer/LogicAudioAssistant/.build/xcode-release-reviewfix/ModuleCache.noindex/Session.modulevalidation -package-name logicaudioassistant -Xcc -I/Users/marcboyer/LogicAudioAssistant/.build/xcode-release-reviewfix/Build/Intermediates.noindex/LogicAudioAssistant.build/Release/AudioAnalysis.build/swift-overrides.hmap -emit-const-values -Xfrontend -const-gather-protocols-file -Xfrontend /Users/marcboyer/LogicAudioAssistant/.build/xcode-release-reviewfix/Build/Intermediates.noindex/LogicAudioAssistant.build/Release/AudioAnalysis.build/Objects-normal/arm64/AudioAnalysis_const_extract_protocols.json -Xcc -I/Users/marcboyer/LogicAudioAssistant/packages/CAtomics/include -Xcc -I/Users/marcboyer/LogicAudioAssistant/.build/xcode-release-reviewfix/Build/Products/Release/include -Xcc -I/Users/marcboyer/LogicAudioAssistant/.build/xcode-release-reviewfix/Build/Intermediates.noindex/LogicAudioAssistant.build/Release/AudioAnalysis.build/DerivedSources-normal/arm64 -Xcc -I/Users/marcboyer/LogicAudioAssistant/.build/xcode-release-reviewfix/Build/Intermediates.noindex/LogicAudioAssistant.build/Release/AudioAnalysis.build/DerivedSources/arm64 -Xcc -I/Users/marcboyer/LogicAudioAssistant/.build/xcode-release-reviewfix/Build/Intermediates.noindex/LogicAudioAssistant.build/Release/AudioAnalysis.build/DerivedSources -Xcc -DSWIFT_PACKAGE -emit-objc-header -emit-objc-header-path /Users/marcboyer/LogicAudioAssistant/.build/xcode-release-reviewfix/Build/Intermediates.noindex/LogicAudioAssistant.build/Release/AudioAnalysis.build/Objects-normal/arm64/AudioAnalysis-Swift.h -working-directory /Users/marcboyer/LogicAudioAssistant/LogicAudioAssistant.xcodeproj -no-emit-module-separately-wmo

SwiftExplicitDependencyGeneratePcm arm64 /Users/marcboyer/LogicAudioAssistant/.build/xcode-release-reviewfix/Build/Intermediates.noindex/SwiftExplicitPrecompiledModules/CAtomics-DA9ZLSI8OU8OEPCK82XECC9UR.pcm

SwiftCompile normal arm64 Compiling\ AnalysisReport.swift,\ AudioAnalyzer.swift,\ CaptureRingBuffer.swift,\ LoudnessMeter.swift,\ SourceAwareAnalysis.swift,\ TimeAveragedSpectrum.swift /Users/marcboyer/LogicAudioAssistant/packages/AudioAnalysis/Sources/AudioAnalysis/AnalysisReport.swift /Users/marcboyer/LogicAudioAssistant/packages/AudioAnalysis/Sources/AudioAnalysis/AudioAnalyzer.swift /Users/marcboyer/LogicAudioAssistant/packages/AudioAnalysis/Sources/AudioAnalysis/CaptureRingBuffer.swift /Users/marcboyer/LogicAudioAssistant/packages/AudioAnalysis/Sources/AudioAnalysis/LoudnessMeter.swift /Users/marcboyer/LogicAudioAssistant/packages/AudioAnalysis/Sources/AudioAnalysis/SourceAwareAnalysis.swift /Users/marcboyer/LogicAudioAssistant/packages/AudioAnalysis/Sources/AudioAnalysis/TimeAveragedSpectrum.swift /Users/marcboyer/LogicAudioAssistant/.build/xcode-release-reviewfix/Build/Products/Release/DSPCore.swiftmodule/arm64-apple-macos.swiftmodule /Applications/Xcode.app/Contents/Developer/Toolchains/XcodeDefault.xctoolchain/usr/lib/swift/macosx/prebuilt-modules/26.5/_Builtin_float.swiftmodule/arm64e-apple-macos.swiftmodule /Applications/Xcode.app/Contents/Developer/Toolchains/XcodeDefault.xctoolchain/usr/lib/swift/macosx/prebuilt-modules/26.5/XPC.swiftmodule/arm64e-apple-macos.swiftmodule /Applications/Xcode.app/Contents/Developer/Toolchains/XcodeDefault.xctoolchain/usr/lib/swift/macosx/prebuilt-modules/26.5/IOKit.swiftmodule/arm64e-apple-macos.swiftmodule /Applications/Xcode.app/Contents/Developer/Toolchains/XcodeDefault.xctoolchain/usr/lib/swift/macosx/prebuilt-modules/26.5/Foundation.swiftmodule/arm64e-apple-macos.swiftmodule /Applications/Xcode.app/Contents/Developer/Toolchains/XcodeDefault.xctoolchain/usr/lib/swift/macosx/prebuilt-modules/26.5/Darwin.swiftmodule/arm64e-apple-macos.swiftmodule /Applications/Xcode.app/Contents/Developer/Toolchains/XcodeDefault.xctoolchain/usr/lib/swift/macosx/prebuilt-modules/26.5/Dispatch.swiftmodule/arm64e-apple-macos.swiftmodule /Users/marcboyer/LogicAudioAssistant/.build/xcode-release-reviewfix/Build/Products/Release/PlanSchema.swiftmodule/arm64-apple-macos.swiftmodule /Applications/Xcode.app/Contents/Developer/Toolchains/XcodeDefault.xctoolchain/usr/lib/swift/macosx/prebuilt-modules/26.5/System.swiftmodule/arm64e-apple-macos.swiftmodule /Applications/Xcode.app/Contents/Developer/Toolchains/XcodeDefault.xctoolchain/usr/lib/swift/macosx/prebuilt-modules/26.5/_DarwinFoundation2.swiftmodule/arm64e-apple-macos.swiftmodule /Applications/Xcode.app/Contents/Developer/Toolchains/XcodeDefault.xctoolchain/usr/lib/swift/macosx/prebuilt-modules/26.5/_DarwinFoundation3.swiftmodule/arm64e-apple-macos.swiftmodule /Applications/Xcode.app/Contents/Developer/Toolchains/XcodeDefault.xctoolchain/usr/lib/swift/macosx/prebuilt-modules/26.5/Observation.swiftmodule/arm64e-apple-macos.swiftmodule /Applications/Xcode.app/Contents/Developer/Toolchains/XcodeDefault.xctoolchain/usr/lib/swift/macosx/prebuilt-modules/26.5/Combine.swiftmodule/arm64e-apple-macos.swiftmodule /Applications/Xcode.app/Contents/Developer/Toolchains/XcodeDefault.xctoolchain/usr/lib/swift/macosx/prebuilt-modules/26.5/Swift.swiftmodule/arm64e-apple-macos.swiftmodule /Applications/Xcode.app/Contents/Developer/Toolchains/XcodeDefault.xctoolchain/usr/lib/swift/macosx/prebuilt-modules/26.5/_Concurrency.swiftmodule/arm64e-apple-macos.swiftmodule /Applications/Xcode.app/Contents/Developer/Toolchains/XcodeDefault.xctoolchain/usr/lib/swift/macosx/prebuilt-modules/26.5/CoreFoundation.swiftmodule/arm64e-apple-macos.swiftmodule /Applications/Xcode.app/Contents/Developer/Toolchains/XcodeDefault.xctoolchain/usr/lib/swift/macosx/prebuilt-modules/26.5/ObjectiveC.swiftmodule/arm64e-apple-macos.swiftmodule /Applications/Xcode.app/Contents/Developer/Toolchains/XcodeDefault.xctoolchain/usr/lib/swift/macosx/prebuilt-modules/26.5/_StringProcessing.swiftmodule/arm64e-apple-macos.swiftmodule /Applications/Xcode.app/Contents/Developer/Toolchains/XcodeDefault.xctoolchain/usr/lib/swift/macosx/prebuilt-modules/26.5/_DarwinFoundation1.swiftmodule/arm64e-apple-macos.swiftmodule /Users/marcboyer/LogicAudioAssistant/.build/xcode-release-reviewfix/ModuleCache.noindex/os_workgroup-8BYCFEZ17OB5P95BFB4Z1QAYY.pcm /Users/marcboyer/LogicAudioAssistant/.build/xcode-release-reviewfix/ModuleCache.noindex/CoreServices-1M1WUIDAYFGL66MBP72IVLZOB.pcm /Users/marcboyer/LogicAudioAssistant/.build/xcode-release-reviewfix/Build/Intermediates.noindex/SwiftExplicitPrecompiledModules/CAtomics-DA9ZLSI8OU8OEPCK82XECC9UR.pcm /Users/marcboyer/LogicAudioAssistant/.build/xcode-release-reviewfix/ModuleCache.noindex/_Builtin_stdint-AHO2ZCLKYE3V6VNKY3AF2VI5S.pcm /Users/marcboyer/LogicAudioAssistant/.build/xcode-release-reviewfix/ModuleCache.noindex/SwiftShims-CUX3A0TB62NGY33ZT4Q0SO22J.pcm /Users/marcboyer/LogicAudioAssistant/.build/xcode-release-reviewfix/ModuleCache.noindex/ObjectiveC-A4ASO8WBMH3J1EIDI52P3U0K7.pcm /Users/marcboyer/LogicAudioAssistant/.build/xcode-release-reviewfix/ModuleCache.noindex/_Builtin_float-5R2UINMN9L91RWGT6OT8ABUIQ.pcm /Users/marcboyer/LogicAudioAssistant/.build/xcode-release-reviewfix/ModuleCache.noindex/_Builtin_stddef-48R31SFXF0EDU179M0TI36NZN.pcm /Users/marcboyer/LogicAudioAssistant/.build/xcode-release-reviewfix/ModuleCache.noindex/ptrcheck-47LT4S3L11YU6Q9VER2S68CGD.pcm /Users/marcboyer/LogicAudioAssistant/.build/xcode-release-reviewfix/ModuleCache.noindex/os_object-D5CL3IB6WSXWFIAROWRK10P2J.pcm /Users/marcboyer/LogicAudioAssistant/.build/xcode-release-reviewfix/ModuleCache.noindex/_Builtin_limits-F4U81MW454IOIFK2P2N6IHEJZ.pcm /Users/marcboyer/LogicAudioAssistant/.build/xcode-release-reviewfix/ModuleCache.noindex/Dispatch-CUQGM1TJMSISSLM5Z92C0XTXR.pcm /Users/marcboyer/LogicAudioAssistant/.build/xcode-release-reviewfix/ModuleCache.noindex/MachO-1DVCBDOQTFP9F50B55M42QA85.pcm /Users/marcboyer/LogicAudioAssistant/.build/xcode-release-reviewfix/ModuleCache.noindex/DiskArbitration-F17P3FCPVJQI0VM03KID3J11B.pcm /Users/marcboyer/LogicAudioAssistant/.build/xcode-release-reviewfix/ModuleCache.noindex/libDER-B1GNCKHYYP5XS5TPY4XS1BUV7.pcm /Users/marcboyer/LogicAudioAssistant/.build/xcode-release-reviewfix/ModuleCache.noindex/_Builtin_stdarg-CWWWL82UT7IK5S1LU2O31362H.pcm /Users/marcboyer/LogicAudioAssistant/.build/xcode-release-reviewfix/ModuleCache.noindex/_DarwinFoundation1-CYEM2TCTCHPK037IGQ2AGJFID.pcm /Users/marcboyer/LogicAudioAssistant/.build/xcode-release-reviewfix/ModuleCache.noindex/CoreFoundation-608YLRQF7KP9OP338B9BGET4L.pcm /Users/marcboyer/LogicAudioAssistant/.build/xcode-release-reviewfix/ModuleCache.noindex/Darwin-EOVFZ2A7A6Y7YSD0R2FZ6CDPQ.pcm /Users/marcboyer/LogicAudioAssistant/.build/xcode-release-reviewfix/ModuleCache.noindex/libkern-AFKJN9UCJTLDVRE749AR52JNO.pcm /Users/marcboyer/LogicAudioAssistant/.build/xcode-release-reviewfix/ModuleCache.noindex/_DarwinFoundation3-6G3O5TG2GZYAT0U5YTIH7PTLY.pcm /Users/marcboyer/LogicAudioAssistant/.build/xcode-release-reviewfix/ModuleCache.noindex/Foundation-488OCGQ676PGZMBG2B3RYVRGS.pcm /Users/marcboyer/LogicAudioAssistant/.build/xcode-release-reviewfix/ModuleCache.noindex/Security-2ZYGTAZHFO7YKSB8QH4RI46TN.pcm /Users/marcboyer/LogicAudioAssistant/.build/xcode-release-reviewfix/ModuleCache.noindex/XPC-6P49AK1FVMZ0QLVI1FWJY8FUU.pcm /Users/marcboyer/LogicAudioAssistant/.build/xcode-release-reviewfix/ModuleCache.noindex/sys_types-62X0RFAO1T07ID6H9QNK9FW4I.pcm /Users/marcboyer/LogicAudioAssistant/.build/xcode-release-reviewfix/ModuleCache.noindex/_Builtin_stdbool-EGVF9C21Q9GXEBEYUU0SJOSN7.pcm /Users/marcboyer/LogicAudioAssistant/.build/xcode-release-reviewfix/ModuleCache.noindex/_SwiftConcurrencyShims-4CTOMMMGO74XNGXANM54895KH.pcm /Users/marcboyer/LogicAudioAssistant/.build/xcode-release-reviewfix/ModuleCache.noindex/IOKit-32EHD05OB5G07QM5B2WIXNRGF.pcm /Users/marcboyer/LogicAudioAssistant/.build/xcode-release-reviewfix/ModuleCache.noindex/launch-BG9N65BE7P5Z2OTZDEFKS9Z9I.pcm /Users/marcboyer/LogicAudioAssistant/.build/xcode-release-reviewfix/ModuleCache.noindex/_AvailabilityInternal-7JY0KCW9ZRT98KGWHVERRF9OJ.pcm /Users/marcboyer/LogicAudioAssistant/.build/xcode-release-reviewfix/ModuleCache.noindex/_Builtin_inttypes-364ERU32814XYMNW9SAVWWGAK.pcm /Users/marcboyer/LogicAudioAssistant/.build/xcode-release-reviewfix/ModuleCache.noindex/ptrauth-64OXNBF3VV5OQLDK24WP1L156.pcm /Users/marcboyer/LogicAudioAssistant/.build/xcode-release-reviewfix/ModuleCache.noindex/_DarwinFoundation2-1LSZKCO2UAG2QKRWA0VFHWGGX.pcm /Users/marcboyer/LogicAudioAssistant/.build/xcode-release-reviewfix/ModuleCache.noindex/CFNetwork-DCOK03ZG7J5FK41HS656DYLAB.pcm /Users/marcboyer/LogicAudioAssistant/.build/xcode-release-reviewfix/Build/Intermediates.noindex/LogicAudioAssistant.build/Release/AudioAnalysis.build/Objects-normal/arm64/AudioAnalysis-dependencies-1.json (in target 'AudioAnalysis' from project 'LogicAudioAssistant' at path '/Users/marcboyer/LogicAudioAssistant/Package.swift')
CompileSwift normal arm64 (in target 'AudioAnalysis' from project 'LogicAudioAssistant' at path '/Users/marcboyer/LogicAudioAssistant/Package.swift')
    cd /Users/marcboyer/LogicAudioAssistant/LogicAudioAssistant.xcodeproj
    

SwiftDriverJobDiscovery normal arm64 Compiling AppGroupContainer.swift, ExchangeModels.swift, FileExchange.swift (in target 'SharedIPC' from project 'LogicAudioAssistant' at path '/Users/marcboyer/LogicAudioAssistant/Package.swift')

SwiftDriver\ Compilation\ Requirements SharedIPC normal arm64 com.apple.xcode.tools.swift.compiler (in target 'SharedIPC' from project 'LogicAudioAssistant' at path '/Users/marcboyer/LogicAudioAssistant/Package.swift')
    cd /Users/marcboyer/LogicAudioAssistant/LogicAudioAssistant.xcodeproj
    builtin-Swift-Compilation-Requirements -- /Applications/Xcode.app/Contents/Developer/Toolchains/XcodeDefault.xctoolchain/usr/bin/swiftc -module-name SharedIPC -O -whole-module-optimization @/Users/marcboyer/LogicAudioAssistant/.build/xcode-release-reviewfix/Build/Intermediates.noindex/LogicAudioAssistant.build/Release/SharedIPC.build/Objects-normal/arm64/SharedIPC.SwiftFileList -DSWIFT_PACKAGE -DSWIFT_MODULE_RESOURCE_BUNDLE_UNAVAILABLE -DXcode -plugin-path /Applications/Xcode.app/Contents/Developer/Toolchains/XcodeDefault.xctoolchain/usr/lib/swift/host/plugins/testing -enable-experimental-feature DebugDescriptionMacro -sdk /Applications/Xcode.app/Contents/Developer/Platforms/MacOSX.platform/Developer/SDKs/MacOSX26.5.sdk -target arm64-apple-macos14.0 -g -module-cache-path /Users/marcboyer/LogicAudioAssistant/.build/xcode-release-reviewfix/ModuleCache.noindex -Xfrontend -serialize-debugging-options -swift-version 6 -I /Users/marcboyer/LogicAudioAssistant/.build/xcode-release-reviewfix/Build/Products/Release -Isystem /Applications/Xcode.app/Contents/Developer/Platforms/MacOSX.platform/Developer/usr/lib -F /Users/marcboyer/LogicAudioAssistant/.build/xcode-release-reviewfix/Build/Products/Release/PackageFrameworks -F /Users/marcboyer/LogicAudioAssistant/.build/xcode-release-reviewfix/Build/Products/Release -F /Applications/Xcode.app/Contents/Developer/Platforms/MacOSX.platform/Developer/Library/Frameworks -c -num-threads 10 -Xcc -ivfsstatcache -Xcc /Users/marcboyer/LogicAudioAssistant/.build/xcode-release-reviewfix/SDKStatCaches.noindex/macosx26.5-25F70-e082c4a02f00227109f4ed75e425c832.sdkstatcache -output-file-map /Users/marcboyer/LogicAudioAssistant/.build/xcode-release-reviewfix/Build/Intermediates.noindex/LogicAudioAssistant.build/Release/SharedIPC.build/Objects-normal/arm64/SharedIPC-OutputFileMap.json -use-frontend-parseable-output -save-temps -no-color-diagnostics -explicit-module-build -module-cache-path /Users/marcboyer/LogicAudioAssistant/.build/xcode-release-reviewfix/Build/Intermediates.noindex/SwiftExplicitPrecompiledModules -clang-scanner-module-cache-path /Users/marcboyer/LogicAudioAssistant/.build/xcode-release-reviewfix/ModuleCache.noindex -sdk-module-cache-path /Users/marcboyer/LogicAudioAssistant/.build/xcode-release-reviewfix/ModuleCache.noindex -serialize-diagnostics -emit-dependencies -emit-module -emit-module-path /Users/marcboyer/LogicAudioAssistant/.build/xcode-release-reviewfix/Build/Intermediates.noindex/LogicAudioAssistant.build/Release/SharedIPC.build/Objects-normal/arm64/SharedIPC.swiftmodule -validate-clang-modules-once -clang-build-session-file /Users/marcboyer/LogicAudioAssistant/.build/xcode-release-reviewfix/ModuleCache.noindex/Session.modulevalidation -package-name logicaudioassistant -Xcc -I/Users/marcboyer/LogicAudioAssistant/.build/xcode-release-reviewfix/Build/Intermediates.noindex/LogicAudioAssistant.build/Release/SharedIPC.build/swift-overrides.hmap -emit-const-values -Xfrontend -const-gather-protocols-file -Xfrontend /Users/marcboyer/LogicAudioAssistant/.build/xcode-release-reviewfix/Build/Intermediates.noindex/LogicAudioAssistant.build/Release/SharedIPC.build/Objects-normal/arm64/SharedIPC_const_extract_protocols.json -Xcc -I/Users/marcboyer/LogicAudioAssistant/.build/xcode-release-reviewfix/Build/Products/Release/include -Xcc -I/Users/marcboyer/LogicAudioAssistant/.build/xcode-release-reviewfix/Build/Intermediates.noindex/LogicAudioAssistant.build/Release/SharedIPC.build/DerivedSources-normal/arm64 -Xcc -I/Users/marcboyer/LogicAudioAssistant/.build/xcode-release-reviewfix/Build/Intermediates.noindex/LogicAudioAssistant.build/Release/SharedIPC.build/DerivedSources/arm64 -Xcc -I/Users/marcboyer/LogicAudioAssistant/.build/xcode-release-reviewfix/Build/Intermediates.noindex/LogicAudioAssistant.build/Release/SharedIPC.build/DerivedSources -Xcc -DSWIFT_PACKAGE -emit-objc-header -emit-objc-header-path /Users/marcboyer/LogicAudioAssistant/.build/xcode-release-reviewfix/Build/Intermediates.noindex/LogicAudioAssistant.build/Release/SharedIPC.build/Objects-normal/arm64/SharedIPC-Swift.h -working-directory /Users/marcboyer/LogicAudioAssistant/LogicAudioAssistant.xcodeproj -no-emit-module-separately-wmo

SwiftMergeGeneratedHeaders /Users/marcboyer/LogicAudioAssistant/.build/xcode-release-reviewfix/Build/Intermediates.noindex/GeneratedModuleMaps/SharedIPC-Swift.h /Users/marcboyer/LogicAudioAssistant/.build/xcode-release-reviewfix/Build/Intermediates.noindex/LogicAudioAssistant.build/Release/SharedIPC.build/Objects-normal/arm64/SharedIPC-Swift.h (in target 'SharedIPC' from project 'LogicAudioAssistant' at path '/Users/marcboyer/LogicAudioAssistant/Package.swift')
    cd /Users/marcboyer/LogicAudioAssistant
    builtin-swiftHeaderTool -arch arm64 /Users/marcboyer/LogicAudioAssistant/.build/xcode-release-reviewfix/Build/Intermediates.noindex/LogicAudioAssistant.build/Release/SharedIPC.build/Objects-normal/arm64/SharedIPC-Swift.h -o /Users/marcboyer/LogicAudioAssistant/.build/xcode-release-reviewfix/Build/Intermediates.noindex/GeneratedModuleMaps/SharedIPC-Swift.h

Copy /Users/marcboyer/LogicAudioAssistant/.build/xcode-release-reviewfix/Build/Products/Release/SharedIPC.swiftmodule/arm64-apple-macos.abi.json /Users/marcboyer/LogicAudioAssistant/.build/xcode-release-reviewfix/Build/Intermediates.noindex/LogicAudioAssistant.build/Release/SharedIPC.build/Objects-normal/arm64/SharedIPC.abi.json (in target 'SharedIPC' from project 'LogicAudioAssistant' at path '/Users/marcboyer/LogicAudioAssistant/Package.swift')
    cd /Users/marcboyer/LogicAudioAssistant
    builtin-copy -exclude .DS_Store -exclude CVS -exclude .svn -exclude .git -exclude .hg -strip-unsigned-binaries -strip-deterministic -strip-tool /Applications/Xcode.app/Contents/Developer/Toolchains/XcodeDefault.xctoolchain/usr/bin/strip -resolve-src-symlinks -rename /Users/marcboyer/LogicAudioAssistant/.build/xcode-release-reviewfix/Build/Intermediates.noindex/LogicAudioAssistant.build/Release/SharedIPC.build/Objects-normal/arm64/SharedIPC.abi.json /Users/marcboyer/LogicAudioAssistant/.build/xcode-release-reviewfix/Build/Products/Release/SharedIPC.swiftmodule/arm64-apple-macos.abi.json

Copy /Users/marcboyer/LogicAudioAssistant/.build/xcode-release-reviewfix/Build/Products/Release/SharedIPC.swiftmodule/arm64-apple-macos.swiftdoc /Users/marcboyer/LogicAudioAssistant/.build/xcode-release-reviewfix/Build/Intermediates.noindex/LogicAudioAssistant.build/Release/SharedIPC.build/Objects-normal/arm64/SharedIPC.swiftdoc (in target 'SharedIPC' from project 'LogicAudioAssistant' at path '/Users/marcboyer/LogicAudioAssistant/Package.swift')
    cd /Users/marcboyer/LogicAudioAssistant
    builtin-copy -exclude .DS_Store -exclude CVS -exclude .svn -exclude .git -exclude .hg -strip-unsigned-binaries -strip-deterministic -strip-tool /Applications/Xcode.app/Contents/Developer/Toolchains/XcodeDefault.xctoolchain/usr/bin/strip -resolve-src-symlinks -rename /Users/marcboyer/LogicAudioAssistant/.build/xcode-release-reviewfix/Build/Intermediates.noindex/LogicAudioAssistant.build/Release/SharedIPC.build/Objects-normal/arm64/SharedIPC.swiftdoc /Users/marcboyer/LogicAudioAssistant/.build/xcode-release-reviewfix/Build/Products/Release/SharedIPC.swiftmodule/arm64-apple-macos.swiftdoc

Copy /Users/marcboyer/LogicAudioAssistant/.build/xcode-release-reviewfix/Build/Products/Release/SharedIPC.swiftmodule/arm64-apple-macos.swiftmodule /Users/marcboyer/LogicAudioAssistant/.build/xcode-release-reviewfix/Build/Intermediates.noindex/LogicAudioAssistant.build/Release/SharedIPC.build/Objects-normal/arm64/SharedIPC.swiftmodule (in target 'SharedIPC' from project 'LogicAudioAssistant' at path '/Users/marcboyer/LogicAudioAssistant/Package.swift')
    cd /Users/marcboyer/LogicAudioAssistant
    builtin-copy -exclude .DS_Store -exclude CVS -exclude .svn -exclude .git -exclude .hg -strip-unsigned-binaries -strip-deterministic -strip-tool /Applications/Xcode.app/Contents/Developer/Toolchains/XcodeDefault.xctoolchain/usr/bin/strip -resolve-src-symlinks -rename /Users/marcboyer/LogicAudioAssistant/.build/xcode-release-reviewfix/Build/Intermediates.noindex/LogicAudioAssistant.build/Release/SharedIPC.build/Objects-normal/arm64/SharedIPC.swiftmodule /Users/marcboyer/LogicAudioAssistant/.build/xcode-release-reviewfix/Build/Products/Release/SharedIPC.swiftmodule/arm64-apple-macos.swiftmodule

Copy /Users/marcboyer/LogicAudioAssistant/.build/xcode-release-reviewfix/Build/Products/Release/SharedIPC.swiftmodule/Project/arm64-apple-macos.swiftsourceinfo /Users/marcboyer/LogicAudioAssistant/.build/xcode-release-reviewfix/Build/Intermediates.noindex/LogicAudioAssistant.build/Release/SharedIPC.build/Objects-normal/arm64/SharedIPC.swiftsourceinfo (in target 'SharedIPC' from project 'LogicAudioAssistant' at path '/Users/marcboyer/LogicAudioAssistant/Package.swift')
    cd /Users/marcboyer/LogicAudioAssistant
    builtin-copy -exclude .DS_Store -exclude CVS -exclude .svn -exclude .git -exclude .hg -strip-unsigned-binaries -strip-deterministic -strip-tool /Applications/Xcode.app/Contents/Developer/Toolchains/XcodeDefault.xctoolchain/usr/bin/strip -resolve-src-symlinks -rename /Users/marcboyer/LogicAudioAssistant/.build/xcode-release-reviewfix/Build/Intermediates.noindex/LogicAudioAssistant.build/Release/SharedIPC.build/Objects-normal/arm64/SharedIPC.swiftsourceinfo /Users/marcboyer/LogicAudioAssistant/.build/xcode-release-reviewfix/Build/Products/Release/SharedIPC.swiftmodule/Project/arm64-apple-macos.swiftsourceinfo

Ld /Users/marcboyer/LogicAudioAssistant/.build/xcode-release-reviewfix/Build/Products/Release/SharedIPC.o normal (in target 'SharedIPC' from project 'LogicAudioAssistant' at path '/Users/marcboyer/LogicAudioAssistant/Package.swift')
    cd /Users/marcboyer/LogicAudioAssistant
    /Applications/Xcode.app/Contents/Developer/Toolchains/XcodeDefault.xctoolchain/usr/bin/clang -Xlinker -reproducible -target arm64-apple-macos14.0 -r -isysroot /Applications/Xcode.app/Contents/Developer/Platforms/MacOSX.platform/Developer/SDKs/MacOSX26.5.sdk -Os -F/Users/marcboyer/LogicAudioAssistant/.build/xcode-release-reviewfix/Build/Intermediates.noindex/EagerLinkingTBDs/Release -F/Users/marcboyer/LogicAudioAssistant/.build/xcode-release-reviewfix/Build/Products/Release/PackageFrameworks -F/Users/marcboyer/LogicAudioAssistant/.build/xcode-release-reviewfix/Build/Products/Release -iframework /Applications/Xcode.app/Contents/Developer/Platforms/MacOSX.platform/Developer/Library/Frameworks -filelist /Users/marcboyer/LogicAudioAssistant/.build/xcode-release-reviewfix/Build/Intermediates.noindex/LogicAudioAssistant.build/Release/SharedIPC.build/Objects-normal/arm64/SharedIPC.LinkFileList -nostdlib -Xlinker -object_path_lto -Xlinker /Users/marcboyer/LogicAudioAssistant/.build/xcode-release-reviewfix/Build/Intermediates.noindex/LogicAudioAssistant.build/Release/SharedIPC.build/Objects-normal/arm64/SharedIPC_lto.o -Xlinker -dependency_info -Xlinker /Users/marcboyer/LogicAudioAssistant/.build/xcode-release-reviewfix/Build/Intermediates.noindex/LogicAudioAssistant.build/Release/SharedIPC.build/Objects-normal/arm64/SharedIPC_dependency_info.dat -fobjc-link-runtime -L/Applications/Xcode.app/Contents/Developer/Toolchains/XcodeDefault.xctoolchain/usr/lib/swift/macosx -L/usr/lib/swift -Xlinker -add_ast_path -Xlinker /Users/marcboyer/LogicAudioAssistant/.build/xcode-release-reviewfix/Build/Intermediates.noindex/LogicAudioAssistant.build/Release/SharedIPC.build/Objects-normal/arm64/SharedIPC.swiftmodule @/Users/marcboyer/LogicAudioAssistant/.build/xcode-release-reviewfix/Build/Intermediates.noindex/LogicAudioAssistant.build/Release/SharedIPC.build/Objects-normal/arm64/SharedIPC-linker-args.resp -o /Users/marcboyer/LogicAudioAssistant/.build/xcode-release-reviewfix/Build/Products/Release/SharedIPC.o

ExtractAppIntentsMetadata (in target 'SharedIPC' from project 'LogicAudioAssistant' at path '/Users/marcboyer/LogicAudioAssistant/Package.swift')
    cd /Users/marcboyer/LogicAudioAssistant
    /Applications/Xcode.app/Contents/Developer/Toolchains/XcodeDefault.xctoolchain/usr/bin/appintentsmetadataprocessor --toolchain-dir /Applications/Xcode.app/Contents/Developer/Toolchains/XcodeDefault.xctoolchain --module-name SharedIPC --sdk-root /Applications/Xcode.app/Contents/Developer/Platforms/MacOSX.platform/Developer/SDKs/MacOSX26.5.sdk --xcode-version 17F113 --platform-family macOS --deployment-target 14.0 --bundle-identifier logicaudioassistant.SharedIPC --output /Users/marcboyer/LogicAudioAssistant/.build/xcode-release-reviewfix/Build/Products/Release/SharedIPC.appintents --target-triple arm64-apple-macos14.0 --binary-file /Users/marcboyer/LogicAudioAssistant/.build/xcode-release-reviewfix/Build/Products/Release/SharedIPC.o --dependency-file /Users/marcboyer/LogicAudioAssistant/.build/xcode-release-reviewfix/Build/Intermediates.noindex/LogicAudioAssistant.build/Release/SharedIPC.build/Objects-normal/arm64/SharedIPC_dependency_info.dat --stringsdata-file /Users/marcboyer/LogicAudioAssistant/.build/xcode-release-reviewfix/Build/Intermediates.noindex/LogicAudioAssistant.build/Release/SharedIPC.build/Objects-normal/arm64/ExtractedAppShortcutsMetadata.stringsdata --source-file-list /Users/marcboyer/LogicAudioAssistant/.build/xcode-release-reviewfix/Build/Intermediates.noindex/LogicAudioAssistant.build/Release/SharedIPC.build/Objects-normal/arm64/SharedIPC.SwiftFileList --metadata-file-list /Users/marcboyer/LogicAudioAssistant/.build/xcode-release-reviewfix/Build/Intermediates.noindex/LogicAudioAssistant.build/Release/SharedIPC.build/SharedIPC.DependencyMetadataFileList --static-metadata-file-list /Users/marcboyer/LogicAudioAssistant/.build/xcode-release-reviewfix/Build/Intermediates.noindex/LogicAudioAssistant.build/Release/SharedIPC.build/SharedIPC.DependencyStaticMetadataFileList --swift-const-vals-list /Users/marcboyer/LogicAudioAssistant/.build/xcode-release-reviewfix/Build/Intermediates.noindex/LogicAudioAssistant.build/Release/SharedIPC.build/Objects-normal/arm64/SharedIPC.SwiftConstValuesFileList --force --compile-time-extraction --deployment-aware-processing --validate-assistant-intents --no-app-shortcuts-localization
2026-08-14 14:53:13.257 appintentsmetadataprocessor[35030:3499830] Starting appintentsmetadataprocessor export
2026-08-14 14:53:13.266 appintentsmetadataprocessor[35030:3499830] Extracted no relevant App Intents symbols, skipping writing output

RegisterExecutionPolicyException /Users/marcboyer/LogicAudioAssistant/.build/xcode-release-reviewfix/Build/Products/Release/SharedIPC.o (in target 'SharedIPC' from project 'LogicAudioAssistant' at path '/Users/marcboyer/LogicAudioAssistant/Package.swift')
    cd /Users/marcboyer/LogicAudioAssistant
    builtin-RegisterExecutionPolicyException /Users/marcboyer/LogicAudioAssistant/.build/xcode-release-reviewfix/Build/Products/Release/SharedIPC.o

SwiftDriverJobDiscovery normal arm64 Compiling AnalysisReport.swift, AudioAnalyzer.swift, CaptureRingBuffer.swift, LoudnessMeter.swift, SourceAwareAnalysis.swift, TimeAveragedSpectrum.swift (in target 'AudioAnalysis' from project 'LogicAudioAssistant' at path '/Users/marcboyer/LogicAudioAssistant/Package.swift')

SwiftDriver\ Compilation\ Requirements AudioAnalysis normal arm64 com.apple.xcode.tools.swift.compiler (in target 'AudioAnalysis' from project 'LogicAudioAssistant' at path '/Users/marcboyer/LogicAudioAssistant/Package.swift')
    cd /Users/marcboyer/LogicAudioAssistant/LogicAudioAssistant.xcodeproj
    builtin-Swift-Compilation-Requirements -- /Applications/Xcode.app/Contents/Developer/Toolchains/XcodeDefault.xctoolchain/usr/bin/swiftc -module-name AudioAnalysis -O -whole-module-optimization @/Users/marcboyer/LogicAudioAssistant/.build/xcode-release-reviewfix/Build/Intermediates.noindex/LogicAudioAssistant.build/Release/AudioAnalysis.build/Objects-normal/arm64/AudioAnalysis.SwiftFileList -DSWIFT_PACKAGE -DSWIFT_MODULE_RESOURCE_BUNDLE_UNAVAILABLE -Xcc -fmodule-map-file\=/Users/marcboyer/LogicAudioAssistant/.build/xcode-release-reviewfix/Build/Intermediates.noindex/GeneratedModuleMaps/CAtomics.modulemap -DXcode -plugin-path /Applications/Xcode.app/Contents/Developer/Toolchains/XcodeDefault.xctoolchain/usr/lib/swift/host/plugins/testing -enable-experimental-feature DebugDescriptionMacro -sdk /Applications/Xcode.app/Contents/Developer/Platforms/MacOSX.platform/Developer/SDKs/MacOSX26.5.sdk -target arm64-apple-macos14.0 -g -module-cache-path /Users/marcboyer/LogicAudioAssistant/.build/xcode-release-reviewfix/ModuleCache.noindex -Xfrontend -serialize-debugging-options -swift-version 6 -I /Users/marcboyer/LogicAudioAssistant/.build/xcode-release-reviewfix/Build/Products/Release -Isystem /Applications/Xcode.app/Contents/Developer/Platforms/MacOSX.platform/Developer/usr/lib -F /Users/marcboyer/LogicAudioAssistant/.build/xcode-release-reviewfix/Build/Products/Release/PackageFrameworks -F /Users/marcboyer/LogicAudioAssistant/.build/xcode-release-reviewfix/Build/Products/Release/PackageFrameworks -F /Users/marcboyer/LogicAudioAssistant/.build/xcode-release-reviewfix/Build/Products/Release/PackageFrameworks -F /Users/marcboyer/LogicAudioAssistant/.build/xcode-release-reviewfix/Build/Products/Release -F /Applications/Xcode.app/Contents/Developer/Platforms/MacOSX.platform/Developer/Library/Frameworks -c -num-threads 10 -Xcc -ivfsstatcache -Xcc /Users/marcboyer/LogicAudioAssistant/.build/xcode-release-reviewfix/SDKStatCaches.noindex/macosx26.5-25F70-e082c4a02f00227109f4ed75e425c832.sdkstatcache -output-file-map /Users/marcboyer/LogicAudioAssistant/.build/xcode-release-reviewfix/Build/Intermediates.noindex/LogicAudioAssistant.build/Release/AudioAnalysis.build/Objects-normal/arm64/AudioAnalysis-OutputFileMap.json -use-frontend-parseable-output -save-temps -no-color-diagnostics -explicit-module-build -module-cache-path /Users/marcboyer/LogicAudioAssistant/.build/xcode-release-reviewfix/Build/Intermediates.noindex/SwiftExplicitPrecompiledModules -clang-scanner-module-cache-path /Users/marcboyer/LogicAudioAssistant/.build/xcode-release-reviewfix/ModuleCache.noindex -sdk-module-cache-path /Users/marcboyer/LogicAudioAssistant/.build/xcode-release-reviewfix/ModuleCache.noindex -serialize-diagnostics -emit-dependencies -emit-module -emit-module-path /Users/marcboyer/LogicAudioAssistant/.build/xcode-release-reviewfix/Build/Intermediates.noindex/LogicAudioAssistant.build/Release/AudioAnalysis.build/Objects-normal/arm64/AudioAnalysis.swiftmodule -validate-clang-modules-once -clang-build-session-file /Users/marcboyer/LogicAudioAssistant/.build/xcode-release-reviewfix/ModuleCache.noindex/Session.modulevalidation -package-name logicaudioassistant -Xcc -I/Users/marcboyer/LogicAudioAssistant/.build/xcode-release-reviewfix/Build/Intermediates.noindex/LogicAudioAssistant.build/Release/AudioAnalysis.build/swift-overrides.hmap -emit-const-values -Xfrontend -const-gather-protocols-file -Xfrontend /Users/marcboyer/LogicAudioAssistant/.build/xcode-release-reviewfix/Build/Intermediates.noindex/LogicAudioAssistant.build/Release/AudioAnalysis.build/Objects-normal/arm64/AudioAnalysis_const_extract_protocols.json -Xcc -I/Users/marcboyer/LogicAudioAssistant/packages/CAtomics/include -Xcc -I/Users/marcboyer/LogicAudioAssistant/.build/xcode-release-reviewfix/Build/Products/Release/include -Xcc -I/Users/marcboyer/LogicAudioAssistant/.build/xcode-release-reviewfix/Build/Intermediates.noindex/LogicAudioAssistant.build/Release/AudioAnalysis.build/DerivedSources-normal/arm64 -Xcc -I/Users/marcboyer/LogicAudioAssistant/.build/xcode-release-reviewfix/Build/Intermediates.noindex/LogicAudioAssistant.build/Release/AudioAnalysis.build/DerivedSources/arm64 -Xcc -I/Users/marcboyer/LogicAudioAssistant/.build/xcode-release-reviewfix/Build/Intermediates.noindex/LogicAudioAssistant.build/Release/AudioAnalysis.build/DerivedSources -Xcc -DSWIFT_PACKAGE -emit-objc-header -emit-objc-header-path /Users/marcboyer/LogicAudioAssistant/.build/xcode-release-reviewfix/Build/Intermediates.noindex/LogicAudioAssistant.build/Release/AudioAnalysis.build/Objects-normal/arm64/AudioAnalysis-Swift.h -working-directory /Users/marcboyer/LogicAudioAssistant/LogicAudioAssistant.xcodeproj -no-emit-module-separately-wmo

SwiftMergeGeneratedHeaders /Users/marcboyer/LogicAudioAssistant/.build/xcode-release-reviewfix/Build/Intermediates.noindex/GeneratedModuleMaps/AudioAnalysis-Swift.h /Users/marcboyer/LogicAudioAssistant/.build/xcode-release-reviewfix/Build/Intermediates.noindex/LogicAudioAssistant.build/Release/AudioAnalysis.build/Objects-normal/arm64/AudioAnalysis-Swift.h (in target 'AudioAnalysis' from project 'LogicAudioAssistant' at path '/Users/marcboyer/LogicAudioAssistant/Package.swift')
    cd /Users/marcboyer/LogicAudioAssistant
    builtin-swiftHeaderTool -arch arm64 /Users/marcboyer/LogicAudioAssistant/.build/xcode-release-reviewfix/Build/Intermediates.noindex/LogicAudioAssistant.build/Release/AudioAnalysis.build/Objects-normal/arm64/AudioAnalysis-Swift.h -o /Users/marcboyer/LogicAudioAssistant/.build/xcode-release-reviewfix/Build/Intermediates.noindex/GeneratedModuleMaps/AudioAnalysis-Swift.h

Copy /Users/marcboyer/LogicAudioAssistant/.build/xcode-release-reviewfix/Build/Products/Release/AudioAnalysis.swiftmodule/arm64-apple-macos.abi.json /Users/marcboyer/LogicAudioAssistant/.build/xcode-release-reviewfix/Build/Intermediates.noindex/LogicAudioAssistant.build/Release/AudioAnalysis.build/Objects-normal/arm64/AudioAnalysis.abi.json (in target 'AudioAnalysis' from project 'LogicAudioAssistant' at path '/Users/marcboyer/LogicAudioAssistant/Package.swift')
    cd /Users/marcboyer/LogicAudioAssistant
    builtin-copy -exclude .DS_Store -exclude CVS -exclude .svn -exclude .git -exclude .hg -strip-unsigned-binaries -strip-deterministic -strip-tool /Applications/Xcode.app/Contents/Developer/Toolchains/XcodeDefault.xctoolchain/usr/bin/strip -resolve-src-symlinks -rename /Users/marcboyer/LogicAudioAssistant/.build/xcode-release-reviewfix/Build/Intermediates.noindex/LogicAudioAssistant.build/Release/AudioAnalysis.build/Objects-normal/arm64/AudioAnalysis.abi.json /Users/marcboyer/LogicAudioAssistant/.build/xcode-release-reviewfix/Build/Products/Release/AudioAnalysis.swiftmodule/arm64-apple-macos.abi.json

Copy /Users/marcboyer/LogicAudioAssistant/.build/xcode-release-reviewfix/Build/Products/Release/AudioAnalysis.swiftmodule/arm64-apple-macos.swiftmodule /Users/marcboyer/LogicAudioAssistant/.build/xcode-release-reviewfix/Build/Intermediates.noindex/LogicAudioAssistant.build/Release/AudioAnalysis.build/Objects-normal/arm64/AudioAnalysis.swiftmodule (in target 'AudioAnalysis' from project 'LogicAudioAssistant' at path '/Users/marcboyer/LogicAudioAssistant/Package.swift')
    cd /Users/marcboyer/LogicAudioAssistant
    builtin-copy -exclude .DS_Store -exclude CVS -exclude .svn -exclude .git -exclude .hg -strip-unsigned-binaries -strip-deterministic -strip-tool /Applications/Xcode.app/Contents/Developer/Toolchains/XcodeDefault.xctoolchain/usr/bin/strip -resolve-src-symlinks -rename /Users/marcboyer/LogicAudioAssistant/.build/xcode-release-reviewfix/Build/Intermediates.noindex/LogicAudioAssistant.build/Release/AudioAnalysis.build/Objects-normal/arm64/AudioAnalysis.swiftmodule /Users/marcboyer/LogicAudioAssistant/.build/xcode-release-reviewfix/Build/Products/Release/AudioAnalysis.swiftmodule/arm64-apple-macos.swiftmodule

Copy /Users/marcboyer/LogicAudioAssistant/.build/xcode-release-reviewfix/Build/Products/Release/AudioAnalysis.swiftmodule/arm64-apple-macos.swiftdoc /Users/marcboyer/LogicAudioAssistant/.build/xcode-release-reviewfix/Build/Intermediates.noindex/LogicAudioAssistant.build/Release/AudioAnalysis.build/Objects-normal/arm64/AudioAnalysis.swiftdoc (in target 'AudioAnalysis' from project 'LogicAudioAssistant' at path '/Users/marcboyer/LogicAudioAssistant/Package.swift')
    cd /Users/marcboyer/LogicAudioAssistant
    builtin-copy -exclude .DS_Store -exclude CVS -exclude .svn -exclude .git -exclude .hg -strip-unsigned-binaries -strip-deterministic -strip-tool /Applications/Xcode.app/Contents/Developer/Toolchains/XcodeDefault.xctoolchain/usr/bin/strip -resolve-src-symlinks -rename /Users/marcboyer/LogicAudioAssistant/.build/xcode-release-reviewfix/Build/Intermediates.noindex/LogicAudioAssistant.build/Release/AudioAnalysis.build/Objects-normal/arm64/AudioAnalysis.swiftdoc /Users/marcboyer/LogicAudioAssistant/.build/xcode-release-reviewfix/Build/Products/Release/AudioAnalysis.swiftmodule/arm64-apple-macos.swiftdoc

Copy /Users/marcboyer/LogicAudioAssistant/.build/xcode-release-reviewfix/Build/Products/Release/AudioAnalysis.swiftmodule/Project/arm64-apple-macos.swiftsourceinfo /Users/marcboyer/LogicAudioAssistant/.build/xcode-release-reviewfix/Build/Intermediates.noindex/LogicAudioAssistant.build/Release/AudioAnalysis.build/Objects-normal/arm64/AudioAnalysis.swiftsourceinfo (in target 'AudioAnalysis' from project 'LogicAudioAssistant' at path '/Users/marcboyer/LogicAudioAssistant/Package.swift')
    cd /Users/marcboyer/LogicAudioAssistant
    builtin-copy -exclude .DS_Store -exclude CVS -exclude .svn -exclude .git -exclude .hg -strip-unsigned-binaries -strip-deterministic -strip-tool /Applications/Xcode.app/Contents/Developer/Toolchains/XcodeDefault.xctoolchain/usr/bin/strip -resolve-src-symlinks -rename /Users/marcboyer/LogicAudioAssistant/.build/xcode-release-reviewfix/Build/Intermediates.noindex/LogicAudioAssistant.build/Release/AudioAnalysis.build/Objects-normal/arm64/AudioAnalysis.swiftsourceinfo /Users/marcboyer/LogicAudioAssistant/.build/xcode-release-reviewfix/Build/Products/Release/AudioAnalysis.swiftmodule/Project/arm64-apple-macos.swiftsourceinfo

Ld /Users/marcboyer/LogicAudioAssistant/.build/xcode-release-reviewfix/Build/Products/Release/AudioAnalysis.o normal (in target 'AudioAnalysis' from project 'LogicAudioAssistant' at path '/Users/marcboyer/LogicAudioAssistant/Package.swift')
    cd /Users/marcboyer/LogicAudioAssistant
    /Applications/Xcode.app/Contents/Developer/Toolchains/XcodeDefault.xctoolchain/usr/bin/clang -Xlinker -reproducible -target arm64-apple-macos14.0 -r -isysroot /Applications/Xcode.app/Contents/Developer/Platforms/MacOSX.platform/Developer/SDKs/MacOSX26.5.sdk -Os -F/Users/marcboyer/LogicAudioAssistant/.build/xcode-release-reviewfix/Build/Intermediates.noindex/EagerLinkingTBDs/Release -F/Users/marcboyer/LogicAudioAssistant/.build/xcode-release-reviewfix/Build/Products/Release/PackageFrameworks -F/Users/marcboyer/LogicAudioAssistant/.build/xcode-release-reviewfix/Build/Products/Release/PackageFrameworks -F/Users/marcboyer/LogicAudioAssistant/.build/xcode-release-reviewfix/Build/Products/Release/PackageFrameworks -F/Users/marcboyer/LogicAudioAssistant/.build/xcode-release-reviewfix/Build/Products/Release -iframework /Applications/Xcode.app/Contents/Developer/Platforms/MacOSX.platform/Developer/Library/Frameworks -filelist /Users/marcboyer/LogicAudioAssistant/.build/xcode-release-reviewfix/Build/Intermediates.noindex/LogicAudioAssistant.build/Release/AudioAnalysis.build/Objects-normal/arm64/AudioAnalysis.LinkFileList -nostdlib -Xlinker -object_path_lto -Xlinker /Users/marcboyer/LogicAudioAssistant/.build/xcode-release-reviewfix/Build/Intermediates.noindex/LogicAudioAssistant.build/Release/AudioAnalysis.build/Objects-normal/arm64/AudioAnalysis_lto.o -Xlinker -dependency_info -Xlinker /Users/marcboyer/LogicAudioAssistant/.build/xcode-release-reviewfix/Build/Intermediates.noindex/LogicAudioAssistant.build/Release/AudioAnalysis.build/Objects-normal/arm64/AudioAnalysis_dependency_info.dat -fobjc-link-runtime -L/Applications/Xcode.app/Contents/Developer/Toolchains/XcodeDefault.xctoolchain/usr/lib/swift/macosx -L/usr/lib/swift -Xlinker -add_ast_path -Xlinker /Users/marcboyer/LogicAudioAssistant/.build/xcode-release-reviewfix/Build/Intermediates.noindex/LogicAudioAssistant.build/Release/AudioAnalysis.build/Objects-normal/arm64/AudioAnalysis.swiftmodule @/Users/marcboyer/LogicAudioAssistant/.build/xcode-release-reviewfix/Build/Intermediates.noindex/LogicAudioAssistant.build/Release/AudioAnalysis.build/Objects-normal/arm64/AudioAnalysis-linker-args.resp -o /Users/marcboyer/LogicAudioAssistant/.build/xcode-release-reviewfix/Build/Products/Release/AudioAnalysis.o

SwiftDriver VocalProduction normal arm64 com.apple.xcode.tools.swift.compiler (in target 'VocalProduction' from project 'LogicAudioAssistant' at path '/Users/marcboyer/LogicAudioAssistant/Package.swift')
    cd /Users/marcboyer/LogicAudioAssistant/LogicAudioAssistant.xcodeproj
    builtin-SwiftDriver -- /Applications/Xcode.app/Contents/Developer/Toolchains/XcodeDefault.xctoolchain/usr/bin/swiftc -module-name VocalProduction -O -whole-module-optimization @/Users/marcboyer/LogicAudioAssistant/.build/xcode-release-reviewfix/Build/Intermediates.noindex/LogicAudioAssistant.build/Release/VocalProduction.build/Objects-normal/arm64/VocalProduction.SwiftFileList -DSWIFT_PACKAGE -DSWIFT_MODULE_RESOURCE_BUNDLE_UNAVAILABLE -Xcc -fmodule-map-file\=/Users/marcboyer/LogicAudioAssistant/.build/xcode-release-reviewfix/Build/Intermediates.noindex/GeneratedModuleMaps/CAtomics.modulemap -DXcode -plugin-path /Applications/Xcode.app/Contents/Developer/Toolchains/XcodeDefault.xctoolchain/usr/lib/swift/host/plugins/testing -enable-experimental-feature DebugDescriptionMacro -sdk /Applications/Xcode.app/Contents/Developer/Platforms/MacOSX.platform/Developer/SDKs/MacOSX26.5.sdk -target arm64-apple-macos14.0 -g -module-cache-path /Users/marcboyer/LogicAudioAssistant/.build/xcode-release-reviewfix/ModuleCache.noindex -Xfrontend -serialize-debugging-options -swift-version 6 -I /Users/marcboyer/LogicAudioAssistant/.build/xcode-release-reviewfix/Build/Products/Release -Isystem /Applications/Xcode.app/Contents/Developer/Platforms/MacOSX.platform/Developer/usr/lib -F /Users/marcboyer/LogicAudioAssistant/.build/xcode-release-reviewfix/Build/Products/Release/PackageFrameworks -F /Users/marcboyer/LogicAudioAssistant/.build/xcode-release-reviewfix/Build/Products/Release/PackageFrameworks -F /Users/marcboyer/LogicAudioAssistant/.build/xcode-release-reviewfix/Build/Products/Release/PackageFrameworks -F /Users/marcboyer/LogicAudioAssistant/.build/xcode-release-reviewfix/Build/Products/Release/PackageFrameworks -F /Users/marcboyer/LogicAudioAssistant/.build/xcode-release-reviewfix/Build/Products/Release -F /Applications/Xcode.app/Contents/Developer/Platforms/MacOSX.platform/Developer/Library/Frameworks -c -num-threads 10 -Xcc -ivfsstatcache -Xcc /Users/marcboyer/LogicAudioAssistant/.build/xcode-release-reviewfix/SDKStatCaches.noindex/macosx26.5-25F70-e082c4a02f00227109f4ed75e425c832.sdkstatcache -output-file-map /Users/marcboyer/LogicAudioAssistant/.build/xcode-release-reviewfix/Build/Intermediates.noindex/LogicAudioAssistant.build/Release/VocalProduction.build/Objects-normal/arm64/VocalProduction-OutputFileMap.json -use-frontend-parseable-output -save-temps -no-color-diagnostics -explicit-module-build -module-cache-path /Users/marcboyer/LogicAudioAssistant/.build/xcode-release-reviewfix/Build/Intermediates.noindex/SwiftExplicitPrecompiledModules -clang-scanner-module-cache-path /Users/marcboyer/LogicAudioAssistant/.build/xcode-release-reviewfix/ModuleCache.noindex -sdk-module-cache-path /Users/marcboyer/LogicAudioAssistant/.build/xcode-release-reviewfix/ModuleCache.noindex -serialize-diagnostics -emit-dependencies -emit-module -emit-module-path /Users/marcboyer/LogicAudioAssistant/.build/xcode-release-reviewfix/Build/Intermediates.noindex/LogicAudioAssistant.build/Release/VocalProduction.build/Objects-normal/arm64/VocalProduction.swiftmodule -validate-clang-modules-once -clang-build-session-file /Users/marcboyer/LogicAudioAssistant/.build/xcode-release-reviewfix/ModuleCache.noindex/Session.modulevalidation -package-name logicaudioassistant -Xcc -I/Users/marcboyer/LogicAudioAssistant/.build/xcode-release-reviewfix/Build/Intermediates.noindex/LogicAudioAssistant.build/Release/VocalProduction.build/swift-overrides.hmap -emit-const-values -Xfrontend -const-gather-protocols-file -Xfrontend /Users/marcboyer/LogicAudioAssistant/.build/xcode-release-reviewfix/Build/Intermediates.noindex/LogicAudioAssistant.build/Release/VocalProduction.build/Objects-normal/arm64/VocalProduction_const_extract_protocols.json -Xcc -I/Users/marcboyer/LogicAudioAssistant/packages/CAtomics/include -Xcc -I/Users/marcboyer/LogicAudioAssistant/.build/xcode-release-reviewfix/Build/Products/Release/include -Xcc -I/Users/marcboyer/LogicAudioAssistant/.build/xcode-release-reviewfix/Build/Intermediates.noindex/LogicAudioAssistant.build/Release/VocalProduction.build/DerivedSources-normal/arm64 -Xcc -I/Users/marcboyer/LogicAudioAssistant/.build/xcode-release-reviewfix/Build/Intermediates.noindex/LogicAudioAssistant.build/Release/VocalProduction.build/DerivedSources/arm64 -Xcc -I/Users/marcboyer/LogicAudioAssistant/.build/xcode-release-reviewfix/Build/Intermediates.noindex/LogicAudioAssistant.build/Release/VocalProduction.build/DerivedSources -Xcc -DSWIFT_PACKAGE -emit-objc-header -emit-objc-header-path /Users/marcboyer/LogicAudioAssistant/.build/xcode-release-reviewfix/Build/Intermediates.noindex/LogicAudioAssistant.build/Release/VocalProduction.build/Objects-normal/arm64/VocalProduction-Swift.h -working-directory /Users/marcboyer/LogicAudioAssistant/LogicAudioAssistant.xcodeproj -no-emit-module-separately-wmo

SwiftDriver PreviewRenderer normal arm64 com.apple.xcode.tools.swift.compiler (in target 'PreviewRenderer' from project 'LogicAudioAssistant' at path '/Users/marcboyer/LogicAudioAssistant/Package.swift')
    cd /Users/marcboyer/LogicAudioAssistant/LogicAudioAssistant.xcodeproj
    builtin-SwiftDriver -- /Applications/Xcode.app/Contents/Developer/Toolchains/XcodeDefault.xctoolchain/usr/bin/swiftc -module-name PreviewRenderer -O -whole-module-optimization @/Users/marcboyer/LogicAudioAssistant/.build/xcode-release-reviewfix/Build/Intermediates.noindex/LogicAudioAssistant.build/Release/PreviewRenderer.build/Objects-normal/arm64/PreviewRenderer.SwiftFileList -DSWIFT_PACKAGE -DSWIFT_MODULE_RESOURCE_BUNDLE_UNAVAILABLE -Xcc -fmodule-map-file\=/Users/marcboyer/LogicAudioAssistant/.build/xcode-release-reviewfix/Build/Intermediates.noindex/GeneratedModuleMaps/CAtomics.modulemap -DXcode -plugin-path /Applications/Xcode.app/Contents/Developer/Toolchains/XcodeDefault.xctoolchain/usr/lib/swift/host/plugins/testing -enable-experimental-feature DebugDescriptionMacro -sdk /Applications/Xcode.app/Contents/Developer/Platforms/MacOSX.platform/Developer/SDKs/MacOSX26.5.sdk -target arm64-apple-macos14.0 -g -module-cache-path /Users/marcboyer/LogicAudioAssistant/.build/xcode-release-reviewfix/ModuleCache.noindex -Xfrontend -serialize-debugging-options -swift-version 6 -I /Users/marcboyer/LogicAudioAssistant/.build/xcode-release-reviewfix/Build/Products/Release -Isystem /Applications/Xcode.app/Contents/Developer/Platforms/MacOSX.platform/Developer/usr/lib -F /Users/marcboyer/LogicAudioAssistant/.build/xcode-release-reviewfix/Build/Products/Release/PackageFrameworks -F /Users/marcboyer/LogicAudioAssistant/.build/xcode-release-reviewfix/Build/Products/Release/PackageFrameworks -F /Users/marcboyer/LogicAudioAssistant/.build/xcode-release-reviewfix/Build/Products/Release/PackageFrameworks -F /Users/marcboyer/LogicAudioAssistant/.build/xcode-release-reviewfix/Build/Products/Release/PackageFrameworks -F /Users/marcboyer/LogicAudioAssistant/.build/xcode-release-reviewfix/Build/Products/Release -F /Applications/Xcode.app/Contents/Developer/Platforms/MacOSX.platform/Developer/Library/Frameworks -parse-as-library -c -num-threads 10 -Xcc -ivfsstatcache -Xcc /Users/marcboyer/LogicAudioAssistant/.build/xcode-release-reviewfix/SDKStatCaches.noindex/macosx26.5-25F70-e082c4a02f00227109f4ed75e425c832.sdkstatcache -output-file-map /Users/marcboyer/LogicAudioAssistant/.build/xcode-release-reviewfix/Build/Intermediates.noindex/LogicAudioAssistant.build/Release/PreviewRenderer.build/Objects-normal/arm64/PreviewRenderer-OutputFileMap.json -use-frontend-parseable-output -save-temps -no-color-diagnostics -explicit-module-build -module-cache-path /Users/marcboyer/LogicAudioAssistant/.build/xcode-release-reviewfix/Build/Intermediates.noindex/SwiftExplicitPrecompiledModules -clang-scanner-module-cache-path /Users/marcboyer/LogicAudioAssistant/.build/xcode-release-reviewfix/ModuleCache.noindex -sdk-module-cache-path /Users/marcboyer/LogicAudioAssistant/.build/xcode-release-reviewfix/ModuleCache.noindex -serialize-diagnostics -emit-dependencies -emit-module -emit-module-path /Users/marcboyer/LogicAudioAssistant/.build/xcode-release-reviewfix/Build/Intermediates.noindex/LogicAudioAssistant.build/Release/PreviewRenderer.build/Objects-normal/arm64/PreviewRenderer.swiftmodule -validate-clang-modules-once -clang-build-session-file /Users/marcboyer/LogicAudioAssistant/.build/xcode-release-reviewfix/ModuleCache.noindex/Session.modulevalidation -package-name logicaudioassistant -Xcc -I/Users/marcboyer/LogicAudioAssistant/.build/xcode-release-reviewfix/Build/Intermediates.noindex/LogicAudioAssistant.build/Release/PreviewRenderer.build/swift-overrides.hmap -emit-const-values -Xfrontend -const-gather-protocols-file -Xfrontend /Users/marcboyer/LogicAudioAssistant/.build/xcode-release-reviewfix/Build/Intermediates.noindex/LogicAudioAssistant.build/Release/PreviewRenderer.build/Objects-normal/arm64/PreviewRenderer_const_extract_protocols.json -Xcc -I/Users/marcboyer/LogicAudioAssistant/packages/CAtomics/include -Xcc -I/Users/marcboyer/LogicAudioAssistant/.build/xcode-release-reviewfix/Build/Products/Release/include -Xcc -I/Users/marcboyer/LogicAudioAssistant/.build/xcode-release-reviewfix/Build/Intermediates.noindex/LogicAudioAssistant.build/Release/PreviewRenderer.build/DerivedSources-normal/arm64 -Xcc -I/Users/marcboyer/LogicAudioAssistant/.build/xcode-release-reviewfix/Build/Intermediates.noindex/LogicAudioAssistant.build/Release/PreviewRenderer.build/DerivedSources/arm64 -Xcc -I/Users/marcboyer/LogicAudioAssistant/.build/xcode-release-reviewfix/Build/Intermediates.noindex/LogicAudioAssistant.build/Release/PreviewRenderer.build/DerivedSources -Xcc -DSWIFT_PACKAGE -emit-objc-header -emit-objc-header-path /Users/marcboyer/LogicAudioAssistant/.build/xcode-release-reviewfix/Build/Intermediates.noindex/LogicAudioAssistant.build/Release/PreviewRenderer.build/Objects-normal/arm64/PreviewRenderer-Swift.h -working-directory /Users/marcboyer/LogicAudioAssistant/LogicAudioAssistant.xcodeproj -no-emit-module-separately-wmo

SwiftDriver AgentCore normal arm64 com.apple.xcode.tools.swift.compiler (in target 'AgentCore' from project 'LogicAudioAssistant' at path '/Users/marcboyer/LogicAudioAssistant/Package.swift')
    cd /Users/marcboyer/LogicAudioAssistant/LogicAudioAssistant.xcodeproj
    builtin-SwiftDriver -- /Applications/Xcode.app/Contents/Developer/Toolchains/XcodeDefault.xctoolchain/usr/bin/swiftc -module-name AgentCore -O -whole-module-optimization @/Users/marcboyer/LogicAudioAssistant/.build/xcode-release-reviewfix/Build/Intermediates.noindex/LogicAudioAssistant.build/Release/AgentCore.build/Objects-normal/arm64/AgentCore.SwiftFileList -DSWIFT_PACKAGE -DSWIFT_MODULE_RESOURCE_BUNDLE_UNAVAILABLE -Xcc -fmodule-map-file\=/Users/marcboyer/LogicAudioAssistant/.build/xcode-release-reviewfix/Build/Intermediates.noindex/GeneratedModuleMaps/CAtomics.modulemap -DXcode -plugin-path /Applications/Xcode.app/Contents/Developer/Toolchains/XcodeDefault.xctoolchain/usr/lib/swift/host/plugins/testing -enable-experimental-feature DebugDescriptionMacro -sdk /Applications/Xcode.app/Contents/Developer/Platforms/MacOSX.platform/Developer/SDKs/MacOSX26.5.sdk -target arm64-apple-macos14.0 -g -module-cache-path /Users/marcboyer/LogicAudioAssistant/.build/xcode-release-reviewfix/ModuleCache.noindex -Xfrontend -serialize-debugging-options -swift-version 6 -I /Users/marcboyer/LogicAudioAssistant/.build/xcode-release-reviewfix/Build/Products/Release -Isystem /Applications/Xcode.app/Contents/Developer/Platforms/MacOSX.platform/Developer/usr/lib -F /Users/marcboyer/LogicAudioAssistant/.build/xcode-release-reviewfix/Build/Products/Release/PackageFrameworks -F /Users/marcboyer/LogicAudioAssistant/.build/xcode-release-reviewfix/Build/Products/Release/PackageFrameworks -F /Users/marcboyer/LogicAudioAssistant/.build/xcode-release-reviewfix/Build/Products/Release/PackageFrameworks -F /Users/marcboyer/LogicAudioAssistant/.build/xcode-release-reviewfix/Build/Products/Release/PackageFrameworks -F /Users/marcboyer/LogicAudioAssistant/.build/xcode-release-reviewfix/Build/Products/Release/PackageFrameworks -F /Users/marcboyer/LogicAudioAssistant/.build/xcode-release-reviewfix/Build/Products/Release -F /Applications/Xcode.app/Contents/Developer/Platforms/MacOSX.platform/Developer/Library/Frameworks -c -num-threads 10 -Xcc -ivfsstatcache -Xcc /Users/marcboyer/LogicAudioAssistant/.build/xcode-release-reviewfix/SDKStatCaches.noindex/macosx26.5-25F70-e082c4a02f00227109f4ed75e425c832.sdkstatcache -output-file-map /Users/marcboyer/LogicAudioAssistant/.build/xcode-release-reviewfix/Build/Intermediates.noindex/LogicAudioAssistant.build/Release/AgentCore.build/Objects-normal/arm64/AgentCore-OutputFileMap.json -use-frontend-parseable-output -save-temps -no-color-diagnostics -explicit-module-build -module-cache-path /Users/marcboyer/LogicAudioAssistant/.build/xcode-release-reviewfix/Build/Intermediates.noindex/SwiftExplicitPrecompiledModules -clang-scanner-module-cache-path /Users/marcboyer/LogicAudioAssistant/.build/xcode-release-reviewfix/ModuleCache.noindex -sdk-module-cache-path /Users/marcboyer/LogicAudioAssistant/.build/xcode-release-reviewfix/ModuleCache.noindex -serialize-diagnostics -emit-dependencies -emit-module -emit-module-path /Users/marcboyer/LogicAudioAssistant/.build/xcode-release-reviewfix/Build/Intermediates.noindex/LogicAudioAssistant.build/Release/AgentCore.build/Objects-normal/arm64/AgentCore.swiftmodule -validate-clang-modules-once -clang-build-session-file /Users/marcboyer/LogicAudioAssistant/.build/xcode-release-reviewfix/ModuleCache.noindex/Session.modulevalidation -package-name logicaudioassistant -Xcc -I/Users/marcboyer/LogicAudioAssistant/.build/xcode-release-reviewfix/Build/Intermediates.noindex/LogicAudioAssistant.build/Release/AgentCore.build/swift-overrides.hmap -emit-const-values -Xfrontend -const-gather-protocols-file -Xfrontend /Users/marcboyer/LogicAudioAssistant/.build/xcode-release-reviewfix/Build/Intermediates.noindex/LogicAudioAssistant.build/Release/AgentCore.build/Objects-normal/arm64/AgentCore_const_extract_protocols.json -Xcc -I/Users/marcboyer/LogicAudioAssistant/packages/CAtomics/include -Xcc -I/Users/marcboyer/LogicAudioAssistant/.build/xcode-release-reviewfix/Build/Products/Release/include -Xcc -I/Users/marcboyer/LogicAudioAssistant/.build/xcode-release-reviewfix/Build/Intermediates.noindex/LogicAudioAssistant.build/Release/AgentCore.build/DerivedSources-normal/arm64 -Xcc -I/Users/marcboyer/LogicAudioAssistant/.build/xcode-release-reviewfix/Build/Intermediates.noindex/LogicAudioAssistant.build/Release/AgentCore.build/DerivedSources/arm64 -Xcc -I/Users/marcboyer/LogicAudioAssistant/.build/xcode-release-reviewfix/Build/Intermediates.noindex/LogicAudioAssistant.build/Release/AgentCore.build/DerivedSources -Xcc -DSWIFT_PACKAGE -emit-objc-header -emit-objc-header-path /Users/marcboyer/LogicAudioAssistant/.build/xcode-release-reviewfix/Build/Intermediates.noindex/LogicAudioAssistant.build/Release/AgentCore.build/Objects-normal/arm64/AgentCore-Swift.h -working-directory /Users/marcboyer/LogicAudioAssistant/LogicAudioAssistant.xcodeproj -no-emit-module-separately-wmo

SwiftDriver AssistantAudioUnitExtension normal arm64 com.apple.xcode.tools.swift.compiler (in target 'AssistantAudioUnitExtension' from project 'LogicAudioAssistant' at path '/Users/marcboyer/LogicAudioAssistant/LogicAudioAssistant.xcodeproj')
    cd /Users/marcboyer/LogicAudioAssistant
    builtin-SwiftDriver -- /Applications/Xcode.app/Contents/Developer/Toolchains/XcodeDefault.xctoolchain/usr/bin/swiftc -module-name Logic_Audio_Assistant_AU -O -whole-module-optimization @/Users/marcboyer/LogicAudioAssistant/.build/xcode-release-reviewfix/Build/Intermediates.noindex/LogicAudioAssistant.build/Release/AssistantAudioUnitExtension.build/Objects-normal/arm64/Logic\ Audio\ Assistant\ AU.SwiftFileList -Xcc -fmodule-map-file\=/Users/marcboyer/LogicAudioAssistant/.build/xcode-release-reviewfix/Build/Intermediates.noindex/GeneratedModuleMaps/CAtomics.modulemap -enable-experimental-feature DebugDescriptionMacro -sdk /Applications/Xcode.app/Contents/Developer/Platforms/MacOSX.platform/Developer/SDKs/MacOSX26.5.sdk -target arm64-apple-macos14.0 -g -module-cache-path /Users/marcboyer/LogicAudioAssistant/.build/xcode-release-reviewfix/ModuleCache.noindex -Xfrontend -serialize-debugging-options -application-extension -swift-version 6 -I /Users/marcboyer/LogicAudioAssistant/.build/xcode-release-reviewfix/Build/Products/Release -F /Users/marcboyer/LogicAudioAssistant/.build/xcode-release-reviewfix/Build/Products/Release/PackageFrameworks -F /Users/marcboyer/LogicAudioAssistant/.build/xcode-release-reviewfix/Build/Products/Release/PackageFrameworks -F /Users/marcboyer/LogicAudioAssistant/.build/xcode-release-reviewfix/Build/Products/Release/PackageFrameworks -F /Users/marcboyer/LogicAudioAssistant/.build/xcode-release-reviewfix/Build/Products/Release/PackageFrameworks -F /Users/marcboyer/LogicAudioAssistant/.build/xcode-release-reviewfix/Build/Products/Release/PackageFrameworks -F /Users/marcboyer/LogicAudioAssistant/.build/xcode-release-reviewfix/Build/Products/Release -c -num-threads 10 -Xcc -ivfsstatcache -Xcc /Users/marcboyer/LogicAudioAssistant/.build/xcode-release-reviewfix/SDKStatCaches.noindex/macosx26.5-25F70-e082c4a02f00227109f4ed75e425c832.sdkstatcache -output-file-map /Users/marcboyer/LogicAudioAssistant/.build/xcode-release-reviewfix/Build/Intermediates.noindex/LogicAudioAssistant.build/Release/AssistantAudioUnitExtension.build/Objects-normal/arm64/AssistantAudioUnitExtension-OutputFileMap.json -use-frontend-parseable-output -save-temps -no-color-diagnostics -explicit-module-build -module-cache-path /Users/marcboyer/LogicAudioAssistant/.build/xcode-release-reviewfix/Build/Intermediates.noindex/SwiftExplicitPrecompiledModules -clang-scanner-module-cache-path /Users/marcboyer/LogicAudioAssistant/.build/xcode-release-reviewfix/ModuleCache.noindex -sdk-module-cache-path /Users/marcboyer/LogicAudioAssistant/.build/xcode-release-reviewfix/ModuleCache.noindex -serialize-diagnostics -emit-dependencies -emit-module -emit-module-path /Users/marcboyer/LogicAudioAssistant/.build/xcode-release-reviewfix/Build/Intermediates.noindex/LogicAudioAssistant.build/Release/AssistantAudioUnitExtension.build/Objects-normal/arm64/Logic_Audio_Assistant_AU.swiftmodule -validate-clang-modules-once -clang-build-session-file /Users/marcboyer/LogicAudioAssistant/.build/xcode-release-reviewfix/ModuleCache.noindex/Session.modulevalidation -Xcc -I/Users/marcboyer/LogicAudioAssistant/.build/xcode-release-reviewfix/Build/Intermediates.noindex/LogicAudioAssistant.build/Release/AssistantAudioUnitExtension.build/swift-overrides.hmap -emit-const-values -Xfrontend -const-gather-protocols-file -Xfrontend /Users/marcboyer/LogicAudioAssistant/.build/xcode-release-reviewfix/Build/Intermediates.noindex/LogicAudioAssistant.build/Release/AssistantAudioUnitExtension.build/Objects-normal/arm64/AssistantAudioUnitExtension_const_extract_protocols.json -Xcc -iquote -Xcc /Users/marcboyer/LogicAudioAssistant/.build/xcode-release-reviewfix/Build/Intermediates.noindex/LogicAudioAssistant.build/Release/AssistantAudioUnitExtension.build/Logic\ Audio\ Assistant\ AU-generated-files.hmap -Xcc -I/Users/marcboyer/LogicAudioAssistant/.build/xcode-release-reviewfix/Build/Intermediates.noindex/LogicAudioAssistant.build/Release/AssistantAudioUnitExtension.build/Logic\ Audio\ Assistant\ AU-own-target-headers.hmap -Xcc -I/Users/marcboyer/LogicAudioAssistant/.build/xcode-release-reviewfix/Build/Intermediates.noindex/LogicAudioAssistant.build/Release/AssistantAudioUnitExtension.build/Logic\ Audio\ Assistant\ AU-all-non-framework-target-headers.hmap -Xcc -ivfsoverlay -Xcc /Users/marcboyer/LogicAudioAssistant/.build/xcode-release-reviewfix/Build/Intermediates.noindex/LogicAudioAssistant.build/Release/LogicAudioAssistant-ad80f5d6a5c2eb78a281f1b37698cd26-VFS/all-product-headers.yaml -Xcc -iquote -Xcc /Users/marcboyer/LogicAudioAssistant/.build/xcode-release-reviewfix/Build/Intermediates.noindex/LogicAudioAssistant.build/Release/AssistantAudioUnitExtension.build/Logic\ Audio\ Assistant\ AU-project-headers.hmap -Xcc -I/Users/marcboyer/LogicAudioAssistant/packages/CAtomics/include -Xcc -I/Users/marcboyer/LogicAudioAssistant/.build/xcode-release-reviewfix/Build/Products/Release/include -Xcc -I/Users/marcboyer/LogicAudioAssistant/.build/xcode-release-reviewfix/Build/Intermediates.noindex/LogicAudioAssistant.build/Release/AssistantAudioUnitExtension.build/DerivedSources-normal/arm64 -Xcc -I/Users/marcboyer/LogicAudioAssistant/.build/xcode-release-reviewfix/Build/Intermediates.noindex/LogicAudioAssistant.build/Release/AssistantAudioUnitExtension.build/DerivedSources/arm64 -Xcc -I/Users/marcboyer/LogicAudioAssistant/.build/xcode-release-reviewfix/Build/Intermediates.noindex/LogicAudioAssistant.build/Release/AssistantAudioUnitExtension.build/DerivedSources -emit-objc-header -emit-objc-header-path /Users/marcboyer/LogicAudioAssistant/.build/xcode-release-reviewfix/Build/Intermediates.noindex/LogicAudioAssistant.build/Release/AssistantAudioUnitExtension.build/Objects-normal/arm64/Logic_Audio_Assistant_AU-Swift.h -working-directory /Users/marcboyer/LogicAudioAssistant -no-emit-module-separately-wmo

ExtractAppIntentsMetadata (in target 'AudioAnalysis' from project 'LogicAudioAssistant' at path '/Users/marcboyer/LogicAudioAssistant/Package.swift')
    cd /Users/marcboyer/LogicAudioAssistant
    /Applications/Xcode.app/Contents/Developer/Toolchains/XcodeDefault.xctoolchain/usr/bin/appintentsmetadataprocessor --toolchain-dir /Applications/Xcode.app/Contents/Developer/Toolchains/XcodeDefault.xctoolchain --module-name AudioAnalysis --sdk-root /Applications/Xcode.app/Contents/Developer/Platforms/MacOSX.platform/Developer/SDKs/MacOSX26.5.sdk --xcode-version 17F113 --platform-family macOS --deployment-target 14.0 --bundle-identifier logicaudioassistant.AudioAnalysis --output /Users/marcboyer/LogicAudioAssistant/.build/xcode-release-reviewfix/Build/Products/Release/AudioAnalysis.appintents --target-triple arm64-apple-macos14.0 --binary-file /Users/marcboyer/LogicAudioAssistant/.build/xcode-release-reviewfix/Build/Products/Release/AudioAnalysis.o --dependency-file /Users/marcboyer/LogicAudioAssistant/.build/xcode-release-reviewfix/Build/Intermediates.noindex/LogicAudioAssistant.build/Release/AudioAnalysis.build/Objects-normal/arm64/AudioAnalysis_dependency_info.dat --stringsdata-file /Users/marcboyer/LogicAudioAssistant/.build/xcode-release-reviewfix/Build/Intermediates.noindex/LogicAudioAssistant.build/Release/AudioAnalysis.build/Objects-normal/arm64/ExtractedAppShortcutsMetadata.stringsdata --source-file-list /Users/marcboyer/LogicAudioAssistant/.build/xcode-release-reviewfix/Build/Intermediates.noindex/LogicAudioAssistant.build/Release/AudioAnalysis.build/Objects-normal/arm64/AudioAnalysis.SwiftFileList --metadata-file-list /Users/marcboyer/LogicAudioAssistant/.build/xcode-release-reviewfix/Build/Intermediates.noindex/LogicAudioAssistant.build/Release/AudioAnalysis.build/AudioAnalysis.DependencyMetadataFileList --static-metadata-file-list /Users/marcboyer/LogicAudioAssistant/.build/xcode-release-reviewfix/Build/Intermediates.noindex/LogicAudioAssistant.build/Release/AudioAnalysis.build/AudioAnalysis.DependencyStaticMetadataFileList --swift-const-vals-list /Users/marcboyer/LogicAudioAssistant/.build/xcode-release-reviewfix/Build/Intermediates.noindex/LogicAudioAssistant.build/Release/AudioAnalysis.build/Objects-normal/arm64/AudioAnalysis.SwiftConstValuesFileList --force --compile-time-extraction --deployment-aware-processing --validate-assistant-intents --no-app-shortcuts-localization
2026-08-14 14:53:17.331 appintentsmetadataprocessor[35086:3500072] Starting appintentsmetadataprocessor export
2026-08-14 14:53:17.355 appintentsmetadataprocessor[35086:3500072] Extracted no relevant App Intents symbols, skipping writing output

RegisterExecutionPolicyException /Users/marcboyer/LogicAudioAssistant/.build/xcode-release-reviewfix/Build/Products/Release/AudioAnalysis.o (in target 'AudioAnalysis' from project 'LogicAudioAssistant' at path '/Users/marcboyer/LogicAudioAssistant/Package.swift')
    cd /Users/marcboyer/LogicAudioAssistant
    builtin-RegisterExecutionPolicyException /Users/marcboyer/LogicAudioAssistant/.build/xcode-release-reviewfix/Build/Products/Release/AudioAnalysis.o

ProcessInfoPlistFile /Users/marcboyer/LogicAudioAssistant/.build/xcode-release-reviewfix/Build/Products/Release/Logic\ Audio\ Assistant\ AU.appex/Contents/Info.plist /Users/marcboyer/LogicAudioAssistant/plugins/AudioUnit/AudioUnitExtension/Info.plist (in target 'AssistantAudioUnitExtension' from project 'LogicAudioAssistant' at path '/Users/marcboyer/LogicAudioAssistant/LogicAudioAssistant.xcodeproj')
    cd /Users/marcboyer/LogicAudioAssistant
    builtin-infoPlistUtility /Users/marcboyer/LogicAudioAssistant/plugins/AudioUnit/AudioUnitExtension/Info.plist -producttype com.apple.product-type.app-extension -expandbuildsettings -platform macosx -o /Users/marcboyer/LogicAudioAssistant/.build/xcode-release-reviewfix/Build/Products/Release/Logic\ Audio\ Assistant\ AU.appex/Contents/Info.plist

SwiftDriver\ Compilation PreviewRenderer normal arm64 com.apple.xcode.tools.swift.compiler (in target 'PreviewRenderer' from project 'LogicAudioAssistant' at path '/Users/marcboyer/LogicAudioAssistant/Package.swift')
    cd /Users/marcboyer/LogicAudioAssistant/LogicAudioAssistant.xcodeproj
    builtin-Swift-Compilation -- /Applications/Xcode.app/Contents/Developer/Toolchains/XcodeDefault.xctoolchain/usr/bin/swiftc -module-name PreviewRenderer -O -whole-module-optimization @/Users/marcboyer/LogicAudioAssistant/.build/xcode-release-reviewfix/Build/Intermediates.noindex/LogicAudioAssistant.build/Release/PreviewRenderer.build/Objects-normal/arm64/PreviewRenderer.SwiftFileList -DSWIFT_PACKAGE -DSWIFT_MODULE_RESOURCE_BUNDLE_UNAVAILABLE -Xcc -fmodule-map-file\=/Users/marcboyer/LogicAudioAssistant/.build/xcode-release-reviewfix/Build/Intermediates.noindex/GeneratedModuleMaps/CAtomics.modulemap -DXcode -plugin-path /Applications/Xcode.app/Contents/Developer/Toolchains/XcodeDefault.xctoolchain/usr/lib/swift/host/plugins/testing -enable-experimental-feature DebugDescriptionMacro -sdk /Applications/Xcode.app/Contents/Developer/Platforms/MacOSX.platform/Developer/SDKs/MacOSX26.5.sdk -target arm64-apple-macos14.0 -g -module-cache-path /Users/marcboyer/LogicAudioAssistant/.build/xcode-release-reviewfix/ModuleCache.noindex -Xfrontend -serialize-debugging-options -swift-version 6 -I /Users/marcboyer/LogicAudioAssistant/.build/xcode-release-reviewfix/Build/Products/Release -Isystem /Applications/Xcode.app/Contents/Developer/Platforms/MacOSX.platform/Developer/usr/lib -F /Users/marcboyer/LogicAudioAssistant/.build/xcode-release-reviewfix/Build/Products/Release/PackageFrameworks -F /Users/marcboyer/LogicAudioAssistant/.build/xcode-release-reviewfix/Build/Products/Release/PackageFrameworks -F /Users/marcboyer/LogicAudioAssistant/.build/xcode-release-reviewfix/Build/Products/Release/PackageFrameworks -F /Users/marcboyer/LogicAudioAssistant/.build/xcode-release-reviewfix/Build/Products/Release/PackageFrameworks -F /Users/marcboyer/LogicAudioAssistant/.build/xcode-release-reviewfix/Build/Products/Release -F /Applications/Xcode.app/Contents/Developer/Platforms/MacOSX.platform/Developer/Library/Frameworks -parse-as-library -c -num-threads 10 -Xcc -ivfsstatcache -Xcc /Users/marcboyer/LogicAudioAssistant/.build/xcode-release-reviewfix/SDKStatCaches.noindex/macosx26.5-25F70-e082c4a02f00227109f4ed75e425c832.sdkstatcache -output-file-map /Users/marcboyer/LogicAudioAssistant/.build/xcode-release-reviewfix/Build/Intermediates.noindex/LogicAudioAssistant.build/Release/PreviewRenderer.build/Objects-normal/arm64/PreviewRenderer-OutputFileMap.json -use-frontend-parseable-output -save-temps -no-color-diagnostics -explicit-module-build -module-cache-path /Users/marcboyer/LogicAudioAssistant/.build/xcode-release-reviewfix/Build/Intermediates.noindex/SwiftExplicitPrecompiledModules -clang-scanner-module-cache-path /Users/marcboyer/LogicAudioAssistant/.build/xcode-release-reviewfix/ModuleCache.noindex -sdk-module-cache-path /Users/marcboyer/LogicAudioAssistant/.build/xcode-release-reviewfix/ModuleCache.noindex -serialize-diagnostics -emit-dependencies -emit-module -emit-module-path /Users/marcboyer/LogicAudioAssistant/.build/xcode-release-reviewfix/Build/Intermediates.noindex/LogicAudioAssistant.build/Release/PreviewRenderer.build/Objects-normal/arm64/PreviewRenderer.swiftmodule -validate-clang-modules-once -clang-build-session-file /Users/marcboyer/LogicAudioAssistant/.build/xcode-release-reviewfix/ModuleCache.noindex/Session.modulevalidation -package-name logicaudioassistant -Xcc -I/Users/marcboyer/LogicAudioAssistant/.build/xcode-release-reviewfix/Build/Intermediates.noindex/LogicAudioAssistant.build/Release/PreviewRenderer.build/swift-overrides.hmap -emit-const-values -Xfrontend -const-gather-protocols-file -Xfrontend /Users/marcboyer/LogicAudioAssistant/.build/xcode-release-reviewfix/Build/Intermediates.noindex/LogicAudioAssistant.build/Release/PreviewRenderer.build/Objects-normal/arm64/PreviewRenderer_const_extract_protocols.json -Xcc -I/Users/marcboyer/LogicAudioAssistant/packages/CAtomics/include -Xcc -I/Users/marcboyer/LogicAudioAssistant/.build/xcode-release-reviewfix/Build/Products/Release/include -Xcc -I/Users/marcboyer/LogicAudioAssistant/.build/xcode-release-reviewfix/Build/Intermediates.noindex/LogicAudioAssistant.build/Release/PreviewRenderer.build/DerivedSources-normal/arm64 -Xcc -I/Users/marcboyer/LogicAudioAssistant/.build/xcode-release-reviewfix/Build/Intermediates.noindex/LogicAudioAssistant.build/Release/PreviewRenderer.build/DerivedSources/arm64 -Xcc -I/Users/marcboyer/LogicAudioAssistant/.build/xcode-release-reviewfix/Build/Intermediates.noindex/LogicAudioAssistant.build/Release/PreviewRenderer.build/DerivedSources -Xcc -DSWIFT_PACKAGE -emit-objc-header -emit-objc-header-path /Users/marcboyer/LogicAudioAssistant/.build/xcode-release-reviewfix/Build/Intermediates.noindex/LogicAudioAssistant.build/Release/PreviewRenderer.build/Objects-normal/arm64/PreviewRenderer-Swift.h -working-directory /Users/marcboyer/LogicAudioAssistant/LogicAudioAssistant.xcodeproj -no-emit-module-separately-wmo

SwiftCompile normal arm64 Compiling\ PreviewRenderer.swift /Users/marcboyer/LogicAudioAssistant/packages/PreviewRenderer/Sources/PreviewRenderer/PreviewRenderer.swift /Applications/Xcode.app/Contents/Developer/Toolchains/XcodeDefault.xctoolchain/usr/lib/swift/macosx/prebuilt-modules/26.5/ObjectiveC.swiftmodule/arm64e-apple-macos.swiftmodule /Applications/Xcode.app/Contents/Developer/Toolchains/XcodeDefault.xctoolchain/usr/lib/swift/macosx/prebuilt-modules/26.5/Observation.swiftmodule/arm64e-apple-macos.swiftmodule /Applications/Xcode.app/Contents/Developer/Toolchains/XcodeDefault.xctoolchain/usr/lib/swift/macosx/prebuilt-modules/26.5/Dispatch.swiftmodule/arm64e-apple-macos.swiftmodule /Applications/Xcode.app/Contents/Developer/Toolchains/XcodeDefault.xctoolchain/usr/lib/swift/macosx/prebuilt-modules/26.5/_Concurrency.swiftmodule/arm64e-apple-macos.swiftmodule /Applications/Xcode.app/Contents/Developer/Toolchains/XcodeDefault.xctoolchain/usr/lib/swift/macosx/prebuilt-modules/26.5/_DarwinFoundation3.swiftmodule/arm64e-apple-macos.swiftmodule /Applications/Xcode.app/Contents/Developer/Toolchains/XcodeDefault.xctoolchain/usr/lib/swift/macosx/prebuilt-modules/26.5/Darwin.swiftmodule/arm64e-apple-macos.swiftmodule /Applications/Xcode.app/Contents/Developer/Toolchains/XcodeDefault.xctoolchain/usr/lib/swift/macosx/prebuilt-modules/26.5/_StringProcessing.swiftmodule/arm64e-apple-macos.swiftmodule /Applications/Xcode.app/Contents/Developer/Toolchains/XcodeDefault.xctoolchain/usr/lib/swift/macosx/prebuilt-modules/26.5/CoreFoundation.swiftmodule/arm64e-apple-macos.swiftmodule /Applications/Xcode.app/Contents/Developer/Toolchains/XcodeDefault.xctoolchain/usr/lib/swift/macosx/prebuilt-modules/26.5/Combine.swiftmodule/arm64e-apple-macos.swiftmodule /Applications/Xcode.app/Contents/Developer/Toolchains/XcodeDefault.xctoolchain/usr/lib/swift/macosx/prebuilt-modules/26.5/Foundation.swiftmodule/arm64e-apple-macos.swiftmodule /Applications/Xcode.app/Contents/Developer/Toolchains/XcodeDefault.xctoolchain/usr/lib/swift/macosx/prebuilt-modules/26.5/_DarwinFoundation2.swiftmodule/arm64e-apple-macos.swiftmodule /Applications/Xcode.app/Contents/Developer/Toolchains/XcodeDefault.xctoolchain/usr/lib/swift/macosx/prebuilt-modules/26.5/_DarwinFoundation1.swiftmodule/arm64e-apple-macos.swiftmodule /Applications/Xcode.app/Contents/Developer/Toolchains/XcodeDefault.xctoolchain/usr/lib/swift/macosx/prebuilt-modules/26.5/_Builtin_float.swiftmodule/arm64e-apple-macos.swiftmodule /Users/marcboyer/LogicAudioAssistant/.build/xcode-release-reviewfix/Build/Products/Release/PlanSchema.swiftmodule/arm64-apple-macos.swiftmodule /Applications/Xcode.app/Contents/Developer/Toolchains/XcodeDefault.xctoolchain/usr/lib/swift/macosx/prebuilt-modules/26.5/XPC.swiftmodule/arm64e-apple-macos.swiftmodule /Applications/Xcode.app/Contents/Developer/Toolchains/XcodeDefault.xctoolchain/usr/lib/swift/macosx/prebuilt-modules/26.5/IOKit.swiftmodule/arm64e-apple-macos.swiftmodule /Applications/Xcode.app/Contents/Developer/Toolchains/XcodeDefault.xctoolchain/usr/lib/swift/macosx/prebuilt-modules/26.5/System.swiftmodule/arm64e-apple-macos.swiftmodule /Users/marcboyer/LogicAudioAssistant/.build/xcode-release-reviewfix/Build/Products/Release/AudioAnalysis.swiftmodule/arm64-apple-macos.swiftmodule /Applications/Xcode.app/Contents/Developer/Toolchains/XcodeDefault.xctoolchain/usr/lib/swift/macosx/prebuilt-modules/26.5/Swift.swiftmodule/arm64e-apple-macos.swiftmodule /Users/marcboyer/LogicAudioAssistant/.build/xcode-release-reviewfix/Build/Products/Release/DSPCore.swiftmodule/arm64-apple-macos.swiftmodule /Users/marcboyer/LogicAudioAssistant/.build/xcode-release-reviewfix/ModuleCache.noindex/Dispatch-CUQGM1TJMSISSLM5Z92C0XTXR.pcm /Users/marcboyer/LogicAudioAssistant/.build/xcode-release-reviewfix/Build/Intermediates.noindex/SwiftExplicitPrecompiledModules/CAtomics-DA9ZLSI8OU8OEPCK82XECC9UR.pcm /Users/marcboyer/LogicAudioAssistant/.build/xcode-release-reviewfix/ModuleCache.noindex/XPC-6P49AK1FVMZ0QLVI1FWJY8FUU.pcm /Users/marcboyer/LogicAudioAssistant/.build/xcode-release-reviewfix/ModuleCache.noindex/ObjectiveC-A4ASO8WBMH3J1EIDI52P3U0K7.pcm /Users/marcboyer/LogicAudioAssistant/.build/xcode-release-reviewfix/ModuleCache.noindex/_Builtin_limits-F4U81MW454IOIFK2P2N6IHEJZ.pcm /Users/marcboyer/LogicAudioAssistant/.build/xcode-release-reviewfix/ModuleCache.noindex/_DarwinFoundation1-CYEM2TCTCHPK037IGQ2AGJFID.pcm /Users/marcboyer/LogicAudioAssistant/.build/xcode-release-reviewfix/ModuleCache.noindex/_Builtin_stddef-48R31SFXF0EDU179M0TI36NZN.pcm /Users/marcboyer/LogicAudioAssistant/.build/xcode-release-reviewfix/ModuleCache.noindex/launch-BG9N65BE7P5Z2OTZDEFKS9Z9I.pcm /Users/marcboyer/LogicAudioAssistant/.build/xcode-release-reviewfix/ModuleCache.noindex/_AvailabilityInternal-7JY0KCW9ZRT98KGWHVERRF9OJ.pcm /Users/marcboyer/LogicAudioAssistant/.build/xcode-release-reviewfix/ModuleCache.noindex/Darwin-EOVFZ2A7A6Y7YSD0R2FZ6CDPQ.pcm /Users/marcboyer/LogicAudioAssistant/.build/xcode-release-reviewfix/ModuleCache.noindex/ptrauth-64OXNBF3VV5OQLDK24WP1L156.pcm /Users/marcboyer/LogicAudioAssistant/.build/xcode-release-reviewfix/ModuleCache.noindex/_SwiftConcurrencyShims-4CTOMMMGO74XNGXANM54895KH.pcm /Users/marcboyer/LogicAudioAssistant/.build/xcode-release-reviewfix/ModuleCache.noindex/libDER-B1GNCKHYYP5XS5TPY4XS1BUV7.pcm /Users/marcboyer/LogicAudioAssistant/.build/xcode-release-reviewfix/ModuleCache.noindex/_DarwinFoundation2-1LSZKCO2UAG2QKRWA0VFHWGGX.pcm /Users/marcboyer/LogicAudioAssistant/.build/xcode-release-reviewfix/ModuleCache.noindex/CFNetwork-DCOK03ZG7J5FK41HS656DYLAB.pcm /Users/marcboyer/LogicAudioAssistant/.build/xcode-release-reviewfix/ModuleCache.noindex/_Builtin_stdbool-EGVF9C21Q9GXEBEYUU0SJOSN7.pcm /Users/marcboyer/LogicAudioAssistant/.build/xcode-release-reviewfix/ModuleCache.noindex/_Builtin_stdarg-CWWWL82UT7IK5S1LU2O31362H.pcm /Users/marcboyer/LogicAudioAssistant/.build/xcode-release-reviewfix/ModuleCache.noindex/DiskArbitration-F17P3FCPVJQI0VM03KID3J11B.pcm /Users/marcboyer/LogicAudioAssistant/.build/xcode-release-reviewfix/ModuleCache.noindex/CoreFoundation-608YLRQF7KP9OP338B9BGET4L.pcm /Users/marcboyer/LogicAudioAssistant/.build/xcode-release-reviewfix/ModuleCache.noindex/libkern-AFKJN9UCJTLDVRE749AR52JNO.pcm /Users/marcboyer/LogicAudioAssistant/.build/xcode-release-reviewfix/ModuleCache.noindex/os_object-D5CL3IB6WSXWFIAROWRK10P2J.pcm /Users/marcboyer/LogicAudioAssistant/.build/xcode-release-reviewfix/ModuleCache.noindex/IOKit-32EHD05OB5G07QM5B2WIXNRGF.pcm /Users/marcboyer/LogicAudioAssistant/.build/xcode-release-reviewfix/ModuleCache.noindex/ptrcheck-47LT4S3L11YU6Q9VER2S68CGD.pcm /Users/marcboyer/LogicAudioAssistant/.build/xcode-release-reviewfix/ModuleCache.noindex/Foundation-488OCGQ676PGZMBG2B3RYVRGS.pcm /Users/marcboyer/LogicAudioAssistant/.build/xcode-release-reviewfix/ModuleCache.noindex/_Builtin_stdint-AHO2ZCLKYE3V6VNKY3AF2VI5S.pcm /Users/marcboyer/LogicAudioAssistant/.build/xcode-release-reviewfix/ModuleCache.noindex/_Builtin_inttypes-364ERU32814XYMNW9SAVWWGAK.pcm /Users/marcboyer/LogicAudioAssistant/.build/xcode-release-reviewfix/ModuleCache.noindex/MachO-1DVCBDOQTFP9F50B55M42QA85.pcm /Users/marcboyer/LogicAudioAssistant/.build/xcode-release-reviewfix/ModuleCache.noindex/SwiftShims-CUX3A0TB62NGY33ZT4Q0SO22J.pcm /Users/marcboyer/LogicAudioAssistant/.build/xcode-release-reviewfix/ModuleCache.noindex/os_workgroup-8BYCFEZ17OB5P95BFB4Z1QAYY.pcm /Users/marcboyer/LogicAudioAssistant/.build/xcode-release-reviewfix/ModuleCache.noindex/_DarwinFoundation3-6G3O5TG2GZYAT0U5YTIH7PTLY.pcm /Users/marcboyer/LogicAudioAssistant/.build/xcode-release-reviewfix/ModuleCache.noindex/_Builtin_float-5R2UINMN9L91RWGT6OT8ABUIQ.pcm /Users/marcboyer/LogicAudioAssistant/.build/xcode-release-reviewfix/ModuleCache.noindex/Security-2ZYGTAZHFO7YKSB8QH4RI46TN.pcm /Users/marcboyer/LogicAudioAssistant/.build/xcode-release-reviewfix/ModuleCache.noindex/sys_types-62X0RFAO1T07ID6H9QNK9FW4I.pcm /Users/marcboyer/LogicAudioAssistant/.build/xcode-release-reviewfix/ModuleCache.noindex/CoreServices-1M1WUIDAYFGL66MBP72IVLZOB.pcm /Users/marcboyer/LogicAudioAssistant/.build/xcode-release-reviewfix/Build/Intermediates.noindex/LogicAudioAssistant.build/Release/PreviewRenderer.build/Objects-normal/arm64/PreviewRenderer-dependencies-1.json (in target 'PreviewRenderer' from project 'LogicAudioAssistant' at path '/Users/marcboyer/LogicAudioAssistant/Package.swift')
SwiftCompile normal arm64 /Users/marcboyer/LogicAudioAssistant/packages/PreviewRenderer/Sources/PreviewRenderer/PreviewRenderer.swift (in target 'PreviewRenderer' from project 'LogicAudioAssistant' at path '/Users/marcboyer/LogicAudioAssistant/Package.swift')
    cd /Users/marcboyer/LogicAudioAssistant/LogicAudioAssistant.xcodeproj
    

SwiftDriver\ Compilation AgentCore normal arm64 com.apple.xcode.tools.swift.compiler (in target 'AgentCore' from project 'LogicAudioAssistant' at path '/Users/marcboyer/LogicAudioAssistant/Package.swift')
    cd /Users/marcboyer/LogicAudioAssistant/LogicAudioAssistant.xcodeproj
    builtin-Swift-Compilation -- /Applications/Xcode.app/Contents/Developer/Toolchains/XcodeDefault.xctoolchain/usr/bin/swiftc -module-name AgentCore -O -whole-module-optimization @/Users/marcboyer/LogicAudioAssistant/.build/xcode-release-reviewfix/Build/Intermediates.noindex/LogicAudioAssistant.build/Release/AgentCore.build/Objects-normal/arm64/AgentCore.SwiftFileList -DSWIFT_PACKAGE -DSWIFT_MODULE_RESOURCE_BUNDLE_UNAVAILABLE -Xcc -fmodule-map-file\=/Users/marcboyer/LogicAudioAssistant/.build/xcode-release-reviewfix/Build/Intermediates.noindex/GeneratedModuleMaps/CAtomics.modulemap -DXcode -plugin-path /Applications/Xcode.app/Contents/Developer/Toolchains/XcodeDefault.xctoolchain/usr/lib/swift/host/plugins/testing -enable-experimental-feature DebugDescriptionMacro -sdk /Applications/Xcode.app/Contents/Developer/Platforms/MacOSX.platform/Developer/SDKs/MacOSX26.5.sdk -target arm64-apple-macos14.0 -g -module-cache-path /Users/marcboyer/LogicAudioAssistant/.build/xcode-release-reviewfix/ModuleCache.noindex -Xfrontend -serialize-debugging-options -swift-version 6 -I /Users/marcboyer/LogicAudioAssistant/.build/xcode-release-reviewfix/Build/Products/Release -Isystem /Applications/Xcode.app/Contents/Developer/Platforms/MacOSX.platform/Developer/usr/lib -F /Users/marcboyer/LogicAudioAssistant/.build/xcode-release-reviewfix/Build/Products/Release/PackageFrameworks -F /Users/marcboyer/LogicAudioAssistant/.build/xcode-release-reviewfix/Build/Products/Release/PackageFrameworks -F /Users/marcboyer/LogicAudioAssistant/.build/xcode-release-reviewfix/Build/Products/Release/PackageFrameworks -F /Users/marcboyer/LogicAudioAssistant/.build/xcode-release-reviewfix/Build/Products/Release/PackageFrameworks -F /Users/marcboyer/LogicAudioAssistant/.build/xcode-release-reviewfix/Build/Products/Release/PackageFrameworks -F /Users/marcboyer/LogicAudioAssistant/.build/xcode-release-reviewfix/Build/Products/Release -F /Applications/Xcode.app/Contents/Developer/Platforms/MacOSX.platform/Developer/Library/Frameworks -c -num-threads 10 -Xcc -ivfsstatcache -Xcc /Users/marcboyer/LogicAudioAssistant/.build/xcode-release-reviewfix/SDKStatCaches.noindex/macosx26.5-25F70-e082c4a02f00227109f4ed75e425c832.sdkstatcache -output-file-map /Users/marcboyer/LogicAudioAssistant/.build/xcode-release-reviewfix/Build/Intermediates.noindex/LogicAudioAssistant.build/Release/AgentCore.build/Objects-normal/arm64/AgentCore-OutputFileMap.json -use-frontend-parseable-output -save-temps -no-color-diagnostics -explicit-module-build -module-cache-path /Users/marcboyer/LogicAudioAssistant/.build/xcode-release-reviewfix/Build/Intermediates.noindex/SwiftExplicitPrecompiledModules -clang-scanner-module-cache-path /Users/marcboyer/LogicAudioAssistant/.build/xcode-release-reviewfix/ModuleCache.noindex -sdk-module-cache-path /Users/marcboyer/LogicAudioAssistant/.build/xcode-release-reviewfix/ModuleCache.noindex -serialize-diagnostics -emit-dependencies -emit-module -emit-module-path /Users/marcboyer/LogicAudioAssistant/.build/xcode-release-reviewfix/Build/Intermediates.noindex/LogicAudioAssistant.build/Release/AgentCore.build/Objects-normal/arm64/AgentCore.swiftmodule -validate-clang-modules-once -clang-build-session-file /Users/marcboyer/LogicAudioAssistant/.build/xcode-release-reviewfix/ModuleCache.noindex/Session.modulevalidation -package-name logicaudioassistant -Xcc -I/Users/marcboyer/LogicAudioAssistant/.build/xcode-release-reviewfix/Build/Intermediates.noindex/LogicAudioAssistant.build/Release/AgentCore.build/swift-overrides.hmap -emit-const-values -Xfrontend -const-gather-protocols-file -Xfrontend /Users/marcboyer/LogicAudioAssistant/.build/xcode-release-reviewfix/Build/Intermediates.noindex/LogicAudioAssistant.build/Release/AgentCore.build/Objects-normal/arm64/AgentCore_const_extract_protocols.json -Xcc -I/Users/marcboyer/LogicAudioAssistant/packages/CAtomics/include -Xcc -I/Users/marcboyer/LogicAudioAssistant/.build/xcode-release-reviewfix/Build/Products/Release/include -Xcc -I/Users/marcboyer/LogicAudioAssistant/.build/xcode-release-reviewfix/Build/Intermediates.noindex/LogicAudioAssistant.build/Release/AgentCore.build/DerivedSources-normal/arm64 -Xcc -I/Users/marcboyer/LogicAudioAssistant/.build/xcode-release-reviewfix/Build/Intermediates.noindex/LogicAudioAssistant.build/Release/AgentCore.build/DerivedSources/arm64 -Xcc -I/Users/marcboyer/LogicAudioAssistant/.build/xcode-release-reviewfix/Build/Intermediates.noindex/LogicAudioAssistant.build/Release/AgentCore.build/DerivedSources -Xcc -DSWIFT_PACKAGE -emit-objc-header -emit-objc-header-path /Users/marcboyer/LogicAudioAssistant/.build/xcode-release-reviewfix/Build/Intermediates.noindex/LogicAudioAssistant.build/Release/AgentCore.build/Objects-normal/arm64/AgentCore-Swift.h -working-directory /Users/marcboyer/LogicAudioAssistant/LogicAudioAssistant.xcodeproj -no-emit-module-separately-wmo

SwiftCompile normal arm64 Compiling\ VocalCapture.swift,\ VocalContracts.swift,\ VocalCreativePlanner.swift,\ VocalHandoff.swift,\ VocalIntentInterpreter.swift,\ VocalRevision.swift,\ VocalScopedAssetRenderer.swift,\ VocalSessionStore.swift /Users/marcboyer/LogicAudioAssistant/packages/VocalProduction/Sources/VocalProduction/VocalCapture.swift /Users/marcboyer/LogicAudioAssistant/packages/VocalProduction/Sources/VocalProduction/VocalContracts.swift /Users/marcboyer/LogicAudioAssistant/packages/VocalProduction/Sources/VocalProduction/VocalCreativePlanner.swift /Users/marcboyer/LogicAudioAssistant/packages/VocalProduction/Sources/VocalProduction/VocalHandoff.swift /Users/marcboyer/LogicAudioAssistant/packages/VocalProduction/Sources/VocalProduction/VocalIntentInterpreter.swift /Users/marcboyer/LogicAudioAssistant/packages/VocalProduction/Sources/VocalProduction/VocalRevision.swift /Users/marcboyer/LogicAudioAssistant/packages/VocalProduction/Sources/VocalProduction/VocalScopedAssetRenderer.swift /Users/marcboyer/LogicAudioAssistant/packages/VocalProduction/Sources/VocalProduction/VocalSessionStore.swift /Applications/Xcode.app/Contents/Developer/Toolchains/XcodeDefault.xctoolchain/usr/lib/swift/macosx/prebuilt-modules/26.5/_Concurrency.swiftmodule/arm64e-apple-macos.swiftmodule /Applications/Xcode.app/Contents/Developer/Toolchains/XcodeDefault.xctoolchain/usr/lib/swift/macosx/prebuilt-modules/26.5/_DarwinFoundation2.swiftmodule/arm64e-apple-macos.swiftmodule /Applications/Xcode.app/Contents/Developer/Toolchains/XcodeDefault.xctoolchain/usr/lib/swift/macosx/prebuilt-modules/26.5/Observation.swiftmodule/arm64e-apple-macos.swiftmodule /Users/marcboyer/LogicAudioAssistant/.build/xcode-release-reviewfix/Build/Products/Release/DSPCore.swiftmodule/arm64-apple-macos.swiftmodule /Applications/Xcode.app/Contents/Developer/Toolchains/XcodeDefault.xctoolchain/usr/lib/swift/macosx/prebuilt-modules/26.5/XPC.swiftmodule/arm64e-apple-macos.swiftmodule /Applications/Xcode.app/Contents/Developer/Toolchains/XcodeDefault.xctoolchain/usr/lib/swift/macosx/prebuilt-modules/26.5/System.swiftmodule/arm64e-apple-macos.swiftmodule /Applications/Xcode.app/Contents/Developer/Toolchains/XcodeDefault.xctoolchain/usr/lib/swift/macosx/prebuilt-modules/26.5/ObjectiveC.swiftmodule/arm64e-apple-macos.swiftmodule /Applications/Xcode.app/Contents/Developer/Toolchains/XcodeDefault.xctoolchain/usr/lib/swift/macosx/prebuilt-modules/26.5/_DarwinFoundation3.swiftmodule/arm64e-apple-macos.swiftmodule /Applications/Xcode.app/Contents/Developer/Toolchains/XcodeDefault.xctoolchain/usr/lib/swift/macosx/prebuilt-modules/26.5/Darwin.swiftmodule/arm64e-apple-macos.swiftmodule /Users/marcboyer/LogicAudioAssistant/.build/xcode-release-reviewfix/Build/Products/Release/PlanSchema.swiftmodule/arm64-apple-macos.swiftmodule /Users/marcboyer/LogicAudioAssistant/.build/xcode-release-reviewfix/Build/Products/Release/AudioAnalysis.swiftmodule/arm64-apple-macos.swiftmodule /Applications/Xcode.app/Contents/Developer/Toolchains/XcodeDefault.xctoolchain/usr/lib/swift/macosx/prebuilt-modules/26.5/CryptoKit.swiftmodule/arm64e-apple-macos.swiftmodule /Applications/Xcode.app/Contents/Developer/Toolchains/XcodeDefault.xctoolchain/usr/lib/swift/macosx/prebuilt-modules/26.5/LocalAuthentication.swiftmodule/arm64e-apple-macos.swiftmodule /Applications/Xcode.app/Contents/Developer/Toolchains/XcodeDefault.xctoolchain/usr/lib/swift/macosx/prebuilt-modules/26.5/Foundation.swiftmodule/arm64e-apple-macos.swiftmodule /Applications/Xcode.app/Contents/Developer/Toolchains/XcodeDefault.xctoolchain/usr/lib/swift/macosx/prebuilt-modules/26.5/_DarwinFoundation1.swiftmodule/arm64e-apple-macos.swiftmodule /Applications/Xcode.app/Contents/Developer/Toolchains/XcodeDefault.xctoolchain/usr/lib/swift/macosx/prebuilt-modules/26.5/CoreFoundation.swiftmodule/arm64e-apple-macos.swiftmodule /Applications/Xcode.app/Contents/Developer/Toolchains/XcodeDefault.xctoolchain/usr/lib/swift/macosx/prebuilt-modules/26.5/_Builtin_float.swiftmodule/arm64e-apple-macos.swiftmodule /Applications/Xcode.app/Contents/Developer/Toolchains/XcodeDefault.xctoolchain/usr/lib/swift/macosx/prebuilt-modules/26.5/IOKit.swiftmodule/arm64e-apple-macos.swiftmodule /Applications/Xcode.app/Contents/Developer/Toolchains/XcodeDefault.xctoolchain/usr/lib/swift/macosx/prebuilt-modules/26.5/Dispatch.swiftmodule/arm64e-apple-macos.swiftmodule /Applications/Xcode.app/Contents/Developer/Toolchains/XcodeDefault.xctoolchain/usr/lib/swift/macosx/prebuilt-modules/26.5/Combine.swiftmodule/arm64e-apple-macos.swiftmodule /Applications/Xcode.app/Contents/Developer/Toolchains/XcodeDefault.xctoolchain/usr/lib/swift/macosx/prebuilt-modules/26.5/_StringProcessing.swiftmodule/arm64e-apple-macos.swiftmodule /Applications/Xcode.app/Contents/Developer/Toolchains/XcodeDefault.xctoolchain/usr/lib/swift/macosx/prebuilt-modules/26.5/Swift.swiftmodule/arm64e-apple-macos.swiftmodule /Users/marcboyer/LogicAudioAssistant/.build/xcode-release-reviewfix/ModuleCache.noindex/Darwin-EOVFZ2A7A6Y7YSD0R2FZ6CDPQ.pcm /Users/marcboyer/LogicAudioAssistant/.build/xcode-release-reviewfix/ModuleCache.noindex/os_workgroup-8BYCFEZ17OB5P95BFB4Z1QAYY.pcm /Users/marcboyer/LogicAudioAssistant/.build/xcode-release-reviewfix/ModuleCache.noindex/LocalAuthentication-CC4IYRDEDZAUVZ0EIWGGFGFEY.pcm /Users/marcboyer/LogicAudioAssistant/.build/xcode-release-reviewfix/ModuleCache.noindex/CoreServices-1M1WUIDAYFGL66MBP72IVLZOB.pcm /Users/marcboyer/LogicAudioAssistant/.build/xcode-release-reviewfix/ModuleCache.noindex/libkern-AFKJN9UCJTLDVRE749AR52JNO.pcm /Users/marcboyer/LogicAudioAssistant/.build/xcode-release-reviewfix/ModuleCache.noindex/_Builtin_limits-F4U81MW454IOIFK2P2N6IHEJZ.pcm /Users/marcboyer/LogicAudioAssistant/.build/xcode-release-reviewfix/ModuleCache.noindex/_Builtin_stddef-48R31SFXF0EDU179M0TI36NZN.pcm /Users/marcboyer/LogicAudioAssistant/.build/xcode-release-reviewfix/ModuleCache.noindex/Security-2ZYGTAZHFO7YKSB8QH4RI46TN.pcm /Users/marcboyer/LogicAudioAssistant/.build/xcode-release-reviewfix/ModuleCache.noindex/IOKit-32EHD05OB5G07QM5B2WIXNRGF.pcm /Users/marcboyer/LogicAudioAssistant/.build/xcode-release-reviewfix/ModuleCache.noindex/sys_types-62X0RFAO1T07ID6H9QNK9FW4I.pcm /Users/marcboyer/LogicAudioAssistant/.build/xcode-release-reviewfix/ModuleCache.noindex/XPC-6P49AK1FVMZ0QLVI1FWJY8FUU.pcm /Users/marcboyer/LogicAudioAssistant/.build/xcode-release-reviewfix/ModuleCache.noindex/_DarwinFoundation1-CYEM2TCTCHPK037IGQ2AGJFID.pcm /Users/marcboyer/LogicAudioAssistant/.build/xcode-release-reviewfix/ModuleCache.noindex/libDER-B1GNCKHYYP5XS5TPY4XS1BUV7.pcm /Users/marcboyer/LogicAudioAssistant/.build/xcode-release-reviewfix/ModuleCache.noindex/CFNetwork-DCOK03ZG7J5FK41HS656DYLAB.pcm /Users/marcboyer/LogicAudioAssistant/.build/xcode-release-reviewfix/ModuleCache.noindex/Dispatch-CUQGM1TJMSISSLM5Z92C0XTXR.pcm /Users/marcboyer/LogicAudioAssistant/.build/xcode-release-reviewfix/Build/Intermediates.noindex/SwiftExplicitPrecompiledModules/CAtomics-DA9ZLSI8OU8OEPCK82XECC9UR.pcm /Users/marcboyer/LogicAudioAssistant/.build/xcode-release-reviewfix/ModuleCache.noindex/_Builtin_inttypes-364ERU32814XYMNW9SAVWWGAK.pcm /Users/marcboyer/LogicAudioAssistant/.build/xcode-release-reviewfix/ModuleCache.noindex/_AvailabilityInternal-7JY0KCW9ZRT98KGWHVERRF9OJ.pcm /Users/marcboyer/LogicAudioAssistant/.build/xcode-release-reviewfix/ModuleCache.noindex/_SwiftConcurrencyShims-4CTOMMMGO74XNGXANM54895KH.pcm /Users/marcboyer/LogicAudioAssistant/.build/xcode-release-reviewfix/ModuleCache.noindex/_DarwinFoundation3-6G3O5TG2GZYAT0U5YTIH7PTLY.pcm /Users/marcboyer/LogicAudioAssistant/.build/xcode-release-reviewfix/ModuleCache.noindex/MachO-1DVCBDOQTFP9F50B55M42QA85.pcm /Users/marcboyer/LogicAudioAssistant/.build/xcode-release-reviewfix/ModuleCache.noindex/ptrcheck-47LT4S3L11YU6Q9VER2S68CGD.pcm /Users/marcboyer/LogicAudioAssistant/.build/xcode-release-reviewfix/ModuleCache.noindex/_Builtin_stdarg-CWWWL82UT7IK5S1LU2O31362H.pcm /Users/marcboyer/LogicAudioAssistant/.build/xcode-release-reviewfix/ModuleCache.noindex/_Builtin_stdint-AHO2ZCLKYE3V6VNKY3AF2VI5S.pcm /Users/marcboyer/LogicAudioAssistant/.build/xcode-release-reviewfix/ModuleCache.noindex/launch-BG9N65BE7P5Z2OTZDEFKS9Z9I.pcm /Users/marcboyer/LogicAudioAssistant/.build/xcode-release-reviewfix/ModuleCache.noindex/ptrauth-64OXNBF3VV5OQLDK24WP1L156.pcm /Users/marcboyer/LogicAudioAssistant/.build/xcode-release-reviewfix/ModuleCache.noindex/_Builtin_stdbool-EGVF9C21Q9GXEBEYUU0SJOSN7.pcm /Users/marcboyer/LogicAudioAssistant/.build/xcode-release-reviewfix/ModuleCache.noindex/_Builtin_float-5R2UINMN9L91RWGT6OT8ABUIQ.pcm /Users/marcboyer/LogicAudioAssistant/.build/xcode-release-reviewfix/ModuleCache.noindex/SwiftShims-CUX3A0TB62NGY33ZT4Q0SO22J.pcm /Users/marcboyer/LogicAudioAssistant/.build/xcode-release-reviewfix/ModuleCache.noindex/DiskArbitration-F17P3FCPVJQI0VM03KID3J11B.pcm /Users/marcboyer/LogicAudioAssistant/.build/xcode-release-reviewfix/ModuleCache.noindex/os_object-D5CL3IB6WSXWFIAROWRK10P2J.pcm /Users/marcboyer/LogicAudioAssistant/.build/xcode-release-reviewfix/ModuleCache.noindex/ObjectiveC-A4ASO8WBMH3J1EIDI52P3U0K7.pcm /Users/marcboyer/LogicAudioAssistant/.build/xcode-release-reviewfix/ModuleCache.noindex/CoreFoundation-608YLRQF7KP9OP338B9BGET4L.pcm /Users/marcboyer/LogicAudioAssistant/.build/xcode-release-reviewfix/ModuleCache.noindex/_DarwinFoundation2-1LSZKCO2UAG2QKRWA0VFHWGGX.pcm /Users/marcboyer/LogicAudioAssistant/.build/xcode-release-reviewfix/ModuleCache.noindex/Foundation-488OCGQ676PGZMBG2B3RYVRGS.pcm /Users/marcboyer/LogicAudioAssistant/.build/xcode-release-reviewfix/Build/Intermediates.noindex/LogicAudioAssistant.build/Release/VocalProduction.build/Objects-normal/arm64/VocalProduction-dependencies-1.json (in target 'VocalProduction' from project 'LogicAudioAssistant' at path '/Users/marcboyer/LogicAudioAssistant/Package.swift')
CompileSwift normal arm64 (in target 'VocalProduction' from project 'LogicAudioAssistant' at path '/Users/marcboyer/LogicAudioAssistant/Package.swift')
    cd /Users/marcboyer/LogicAudioAssistant/LogicAudioAssistant.xcodeproj
    

SwiftCompile normal arm64 Compiling\ DeterministicPlanner.swift,\ PlanRevisionEngine.swift,\ ProductionHypothesisEngine.swift,\ ProductionIntelligenceContracts.swift,\ ProductionIntentVocabulary.swift /Users/marcboyer/LogicAudioAssistant/packages/AgentCore/Sources/AgentCore/DeterministicPlanner.swift /Users/marcboyer/LogicAudioAssistant/packages/AgentCore/Sources/AgentCore/PlanRevisionEngine.swift /Users/marcboyer/LogicAudioAssistant/packages/AgentCore/Sources/AgentCore/ProductionHypothesisEngine.swift /Users/marcboyer/LogicAudioAssistant/packages/AgentCore/Sources/AgentCore/ProductionIntelligenceContracts.swift /Users/marcboyer/LogicAudioAssistant/packages/AgentCore/Sources/AgentCore/ProductionIntentVocabulary.swift /Applications/Xcode.app/Contents/Developer/Toolchains/XcodeDefault.xctoolchain/usr/lib/swift/macosx/prebuilt-modules/26.5/_Concurrency.swiftmodule/arm64e-apple-macos.swiftmodule /Applications/Xcode.app/Contents/Developer/Toolchains/XcodeDefault.xctoolchain/usr/lib/swift/macosx/prebuilt-modules/26.5/_DarwinFoundation2.swiftmodule/arm64e-apple-macos.swiftmodule /Applications/Xcode.app/Contents/Developer/Toolchains/XcodeDefault.xctoolchain/usr/lib/swift/macosx/prebuilt-modules/26.5/Observation.swiftmodule/arm64e-apple-macos.swiftmodule /Applications/Xcode.app/Contents/Developer/Toolchains/XcodeDefault.xctoolchain/usr/lib/swift/macosx/prebuilt-modules/26.5/System.swiftmodule/arm64e-apple-macos.swiftmodule /Applications/Xcode.app/Contents/Developer/Toolchains/XcodeDefault.xctoolchain/usr/lib/swift/macosx/prebuilt-modules/26.5/XPC.swiftmodule/arm64e-apple-macos.swiftmodule /Users/marcboyer/LogicAudioAssistant/.build/xcode-release-reviewfix/Build/Products/Release/DSPCore.swiftmodule/arm64-apple-macos.swiftmodule /Applications/Xcode.app/Contents/Developer/Toolchains/XcodeDefault.xctoolchain/usr/lib/swift/macosx/prebuilt-modules/26.5/ObjectiveC.swiftmodule/arm64e-apple-macos.swiftmodule /Applications/Xcode.app/Contents/Developer/Toolchains/XcodeDefault.xctoolchain/usr/lib/swift/macosx/prebuilt-modules/26.5/_DarwinFoundation3.swiftmodule/arm64e-apple-macos.swiftmodule /Applications/Xcode.app/Contents/Developer/Toolchains/XcodeDefault.xctoolchain/usr/lib/swift/macosx/prebuilt-modules/26.5/Darwin.swiftmodule/arm64e-apple-macos.swiftmodule /Users/marcboyer/LogicAudioAssistant/.build/xcode-release-reviewfix/Build/Products/Release/PlanSchema.swiftmodule/arm64-apple-macos.swiftmodule /Users/marcboyer/LogicAudioAssistant/.build/xcode-release-reviewfix/Build/Products/Release/AudioAnalysis.swiftmodule/arm64-apple-macos.swiftmodule /Applications/Xcode.app/Contents/Developer/Toolchains/XcodeDefault.xctoolchain/usr/lib/swift/macosx/prebuilt-modules/26.5/_DarwinFoundation1.swiftmodule/arm64e-apple-macos.swiftmodule /Applications/Xcode.app/Contents/Developer/Toolchains/XcodeDefault.xctoolchain/usr/lib/swift/macosx/prebuilt-modules/26.5/Foundation.swiftmodule/arm64e-apple-macos.swiftmodule /Applications/Xcode.app/Contents/Developer/Toolchains/XcodeDefault.xctoolchain/usr/lib/swift/macosx/prebuilt-modules/26.5/CoreFoundation.swiftmodule/arm64e-apple-macos.swiftmodule /Applications/Xcode.app/Contents/Developer/Toolchains/XcodeDefault.xctoolchain/usr/lib/swift/macosx/prebuilt-modules/26.5/_Builtin_float.swiftmodule/arm64e-apple-macos.swiftmodule /Applications/Xcode.app/Contents/Developer/Toolchains/XcodeDefault.xctoolchain/usr/lib/swift/macosx/prebuilt-modules/26.5/IOKit.swiftmodule/arm64e-apple-macos.swiftmodule /Applications/Xcode.app/Contents/Developer/Toolchains/XcodeDefault.xctoolchain/usr/lib/swift/macosx/prebuilt-modules/26.5/Dispatch.swiftmodule/arm64e-apple-macos.swiftmodule /Applications/Xcode.app/Contents/Developer/Toolchains/XcodeDefault.xctoolchain/usr/lib/swift/macosx/prebuilt-modules/26.5/Combine.swiftmodule/arm64e-apple-macos.swiftmodule /Applications/Xcode.app/Contents/Developer/Toolchains/XcodeDefault.xctoolchain/usr/lib/swift/macosx/prebuilt-modules/26.5/_StringProcessing.swiftmodule/arm64e-apple-macos.swiftmodule /Applications/Xcode.app/Contents/Developer/Toolchains/XcodeDefault.xctoolchain/usr/lib/swift/macosx/prebuilt-modules/26.5/Swift.swiftmodule/arm64e-apple-macos.swiftmodule /Users/marcboyer/LogicAudioAssistant/.build/xcode-release-reviewfix/ModuleCache.noindex/Darwin-EOVFZ2A7A6Y7YSD0R2FZ6CDPQ.pcm /Users/marcboyer/LogicAudioAssistant/.build/xcode-release-reviewfix/ModuleCache.noindex/os_workgroup-8BYCFEZ17OB5P95BFB4Z1QAYY.pcm /Users/marcboyer/LogicAudioAssistant/.build/xcode-release-reviewfix/ModuleCache.noindex/libkern-AFKJN9UCJTLDVRE749AR52JNO.pcm /Users/marcboyer/LogicAudioAssistant/.build/xcode-release-reviewfix/ModuleCache.noindex/CoreServices-1M1WUIDAYFGL66MBP72IVLZOB.pcm /Users/marcboyer/LogicAudioAssistant/.build/xcode-release-reviewfix/ModuleCache.noindex/_Builtin_limits-F4U81MW454IOIFK2P2N6IHEJZ.pcm /Users/marcboyer/LogicAudioAssistant/.build/xcode-release-reviewfix/ModuleCache.noindex/_Builtin_stddef-48R31SFXF0EDU179M0TI36NZN.pcm /Users/marcboyer/LogicAudioAssistant/.build/xcode-release-reviewfix/ModuleCache.noindex/Security-2ZYGTAZHFO7YKSB8QH4RI46TN.pcm /Users/marcboyer/LogicAudioAssistant/.build/xcode-release-reviewfix/ModuleCache.noindex/IOKit-32EHD05OB5G07QM5B2WIXNRGF.pcm /Users/marcboyer/LogicAudioAssistant/.build/xcode-release-reviewfix/ModuleCache.noindex/sys_types-62X0RFAO1T07ID6H9QNK9FW4I.pcm /Users/marcboyer/LogicAudioAssistant/.build/xcode-release-reviewfix/ModuleCache.noindex/XPC-6P49AK1FVMZ0QLVI1FWJY8FUU.pcm /Users/marcboyer/LogicAudioAssistant/.build/xcode-release-reviewfix/ModuleCache.noindex/_DarwinFoundation1-CYEM2TCTCHPK037IGQ2AGJFID.pcm /Users/marcboyer/LogicAudioAssistant/.build/xcode-release-reviewfix/ModuleCache.noindex/libDER-B1GNCKHYYP5XS5TPY4XS1BUV7.pcm /Users/marcboyer/LogicAudioAssistant/.build/xcode-release-reviewfix/ModuleCache.noindex/CFNetwork-DCOK03ZG7J5FK41HS656DYLAB.pcm /Users/marcboyer/LogicAudioAssistant/.build/xcode-release-reviewfix/ModuleCache.noindex/Dispatch-CUQGM1TJMSISSLM5Z92C0XTXR.pcm /Users/marcboyer/LogicAudioAssistant/.build/xcode-release-reviewfix/Build/Intermediates.noindex/SwiftExplicitPrecompiledModules/CAtomics-DA9ZLSI8OU8OEPCK82XECC9UR.pcm /Users/marcboyer/LogicAudioAssistant/.build/xcode-release-reviewfix/ModuleCache.noindex/_Builtin_inttypes-364ERU32814XYMNW9SAVWWGAK.pcm /Users/marcboyer/LogicAudioAssistant/.build/xcode-release-reviewfix/ModuleCache.noindex/_AvailabilityInternal-7JY0KCW9ZRT98KGWHVERRF9OJ.pcm /Users/marcboyer/LogicAudioAssistant/.build/xcode-release-reviewfix/ModuleCache.noindex/_SwiftConcurrencyShims-4CTOMMMGO74XNGXANM54895KH.pcm /Users/marcboyer/LogicAudioAssistant/.build/xcode-release-reviewfix/ModuleCache.noindex/_DarwinFoundation3-6G3O5TG2GZYAT0U5YTIH7PTLY.pcm /Users/marcboyer/LogicAudioAssistant/.build/xcode-release-reviewfix/ModuleCache.noindex/MachO-1DVCBDOQTFP9F50B55M42QA85.pcm /Users/marcboyer/LogicAudioAssistant/.build/xcode-release-reviewfix/ModuleCache.noindex/ptrcheck-47LT4S3L11YU6Q9VER2S68CGD.pcm /Users/marcboyer/LogicAudioAssistant/.build/xcode-release-reviewfix/ModuleCache.noindex/_Builtin_stdarg-CWWWL82UT7IK5S1LU2O31362H.pcm /Users/marcboyer/LogicAudioAssistant/.build/xcode-release-reviewfix/ModuleCache.noindex/_Builtin_stdint-AHO2ZCLKYE3V6VNKY3AF2VI5S.pcm /Users/marcboyer/LogicAudioAssistant/.build/xcode-release-reviewfix/ModuleCache.noindex/launch-BG9N65BE7P5Z2OTZDEFKS9Z9I.pcm /Users/marcboyer/LogicAudioAssistant/.build/xcode-release-reviewfix/ModuleCache.noindex/ptrauth-64OXNBF3VV5OQLDK24WP1L156.pcm /Users/marcboyer/LogicAudioAssistant/.build/xcode-release-reviewfix/ModuleCache.noindex/_Builtin_stdbool-EGVF9C21Q9GXEBEYUU0SJOSN7.pcm /Users/marcboyer/LogicAudioAssistant/.build/xcode-release-reviewfix/ModuleCache.noindex/_Builtin_float-5R2UINMN9L91RWGT6OT8ABUIQ.pcm /Users/marcboyer/LogicAudioAssistant/.build/xcode-release-reviewfix/ModuleCache.noindex/SwiftShims-CUX3A0TB62NGY33ZT4Q0SO22J.pcm /Users/marcboyer/LogicAudioAssistant/.build/xcode-release-reviewfix/ModuleCache.noindex/DiskArbitration-F17P3FCPVJQI0VM03KID3J11B.pcm /Users/marcboyer/LogicAudioAssistant/.build/xcode-release-reviewfix/ModuleCache.noindex/os_object-D5CL3IB6WSXWFIAROWRK10P2J.pcm /Users/marcboyer/LogicAudioAssistant/.build/xcode-release-reviewfix/ModuleCache.noindex/ObjectiveC-A4ASO8WBMH3J1EIDI52P3U0K7.pcm /Users/marcboyer/LogicAudioAssistant/.build/xcode-release-reviewfix/ModuleCache.noindex/CoreFoundation-608YLRQF7KP9OP338B9BGET4L.pcm /Users/marcboyer/LogicAudioAssistant/.build/xcode-release-reviewfix/ModuleCache.noindex/_DarwinFoundation2-1LSZKCO2UAG2QKRWA0VFHWGGX.pcm /Users/marcboyer/LogicAudioAssistant/.build/xcode-release-reviewfix/ModuleCache.noindex/Foundation-488OCGQ676PGZMBG2B3RYVRGS.pcm /Users/marcboyer/LogicAudioAssistant/.build/xcode-release-reviewfix/Build/Intermediates.noindex/LogicAudioAssistant.build/Release/AgentCore.build/Objects-normal/arm64/AgentCore-dependencies-1.json (in target 'AgentCore' from project 'LogicAudioAssistant' at path '/Users/marcboyer/LogicAudioAssistant/Package.swift')

CompileSwift normal arm64 (in target 'AgentCore' from project 'LogicAudioAssistant' at path '/Users/marcboyer/LogicAudioAssistant/Package.swift')
    cd /Users/marcboyer/LogicAudioAssistant/LogicAudioAssistant.xcodeproj
    

SwiftDriver\ Compilation VocalProduction normal arm64 com.apple.xcode.tools.swift.compiler (in target 'VocalProduction' from project 'LogicAudioAssistant' at path '/Users/marcboyer/LogicAudioAssistant/Package.swift')
    cd /Users/marcboyer/LogicAudioAssistant/LogicAudioAssistant.xcodeproj
    builtin-Swift-Compilation -- /Applications/Xcode.app/Contents/Developer/Toolchains/XcodeDefault.xctoolchain/usr/bin/swiftc -module-name VocalProduction -O -whole-module-optimization @/Users/marcboyer/LogicAudioAssistant/.build/xcode-release-reviewfix/Build/Intermediates.noindex/LogicAudioAssistant.build/Release/VocalProduction.build/Objects-normal/arm64/VocalProduction.SwiftFileList -DSWIFT_PACKAGE -DSWIFT_MODULE_RESOURCE_BUNDLE_UNAVAILABLE -Xcc -fmodule-map-file\=/Users/marcboyer/LogicAudioAssistant/.build/xcode-release-reviewfix/Build/Intermediates.noindex/GeneratedModuleMaps/CAtomics.modulemap -DXcode -plugin-path /Applications/Xcode.app/Contents/Developer/Toolchains/XcodeDefault.xctoolchain/usr/lib/swift/host/plugins/testing -enable-experimental-feature DebugDescriptionMacro -sdk /Applications/Xcode.app/Contents/Developer/Platforms/MacOSX.platform/Developer/SDKs/MacOSX26.5.sdk -target arm64-apple-macos14.0 -g -module-cache-path /Users/marcboyer/LogicAudioAssistant/.build/xcode-release-reviewfix/ModuleCache.noindex -Xfrontend -serialize-debugging-options -swift-version 6 -I /Users/marcboyer/LogicAudioAssistant/.build/xcode-release-reviewfix/Build/Products/Release -Isystem /Applications/Xcode.app/Contents/Developer/Platforms/MacOSX.platform/Developer/usr/lib -F /Users/marcboyer/LogicAudioAssistant/.build/xcode-release-reviewfix/Build/Products/Release/PackageFrameworks -F /Users/marcboyer/LogicAudioAssistant/.build/xcode-release-reviewfix/Build/Products/Release/PackageFrameworks -F /Users/marcboyer/LogicAudioAssistant/.build/xcode-release-reviewfix/Build/Products/Release/PackageFrameworks -F /Users/marcboyer/LogicAudioAssistant/.build/xcode-release-reviewfix/Build/Products/Release/PackageFrameworks -F /Users/marcboyer/LogicAudioAssistant/.build/xcode-release-reviewfix/Build/Products/Release -F /Applications/Xcode.app/Contents/Developer/Platforms/MacOSX.platform/Developer/Library/Frameworks -c -num-threads 10 -Xcc -ivfsstatcache -Xcc /Users/marcboyer/LogicAudioAssistant/.build/xcode-release-reviewfix/SDKStatCaches.noindex/macosx26.5-25F70-e082c4a02f00227109f4ed75e425c832.sdkstatcache -output-file-map /Users/marcboyer/LogicAudioAssistant/.build/xcode-release-reviewfix/Build/Intermediates.noindex/LogicAudioAssistant.build/Release/VocalProduction.build/Objects-normal/arm64/VocalProduction-OutputFileMap.json -use-frontend-parseable-output -save-temps -no-color-diagnostics -explicit-module-build -module-cache-path /Users/marcboyer/LogicAudioAssistant/.build/xcode-release-reviewfix/Build/Intermediates.noindex/SwiftExplicitPrecompiledModules -clang-scanner-module-cache-path /Users/marcboyer/LogicAudioAssistant/.build/xcode-release-reviewfix/ModuleCache.noindex -sdk-module-cache-path /Users/marcboyer/LogicAudioAssistant/.build/xcode-release-reviewfix/ModuleCache.noindex -serialize-diagnostics -emit-dependencies -emit-module -emit-module-path /Users/marcboyer/LogicAudioAssistant/.build/xcode-release-reviewfix/Build/Intermediates.noindex/LogicAudioAssistant.build/Release/VocalProduction.build/Objects-normal/arm64/VocalProduction.swiftmodule -validate-clang-modules-once -clang-build-session-file /Users/marcboyer/LogicAudioAssistant/.build/xcode-release-reviewfix/ModuleCache.noindex/Session.modulevalidation -package-name logicaudioassistant -Xcc -I/Users/marcboyer/LogicAudioAssistant/.build/xcode-release-reviewfix/Build/Intermediates.noindex/LogicAudioAssistant.build/Release/VocalProduction.build/swift-overrides.hmap -emit-const-values -Xfrontend -const-gather-protocols-file -Xfrontend /Users/marcboyer/LogicAudioAssistant/.build/xcode-release-reviewfix/Build/Intermediates.noindex/LogicAudioAssistant.build/Release/VocalProduction.build/Objects-normal/arm64/VocalProduction_const_extract_protocols.json -Xcc -I/Users/marcboyer/LogicAudioAssistant/packages/CAtomics/include -Xcc -I/Users/marcboyer/LogicAudioAssistant/.build/xcode-release-reviewfix/Build/Products/Release/include -Xcc -I/Users/marcboyer/LogicAudioAssistant/.build/xcode-release-reviewfix/Build/Intermediates.noindex/LogicAudioAssistant.build/Release/VocalProduction.build/DerivedSources-normal/arm64 -Xcc -I/Users/marcboyer/LogicAudioAssistant/.build/xcode-release-reviewfix/Build/Intermediates.noindex/LogicAudioAssistant.build/Release/VocalProduction.build/DerivedSources/arm64 -Xcc -I/Users/marcboyer/LogicAudioAssistant/.build/xcode-release-reviewfix/Build/Intermediates.noindex/LogicAudioAssistant.build/Release/VocalProduction.build/DerivedSources -Xcc -DSWIFT_PACKAGE -emit-objc-header -emit-objc-header-path /Users/marcboyer/LogicAudioAssistant/.build/xcode-release-reviewfix/Build/Intermediates.noindex/LogicAudioAssistant.build/Release/VocalProduction.build/Objects-normal/arm64/VocalProduction-Swift.h -working-directory /Users/marcboyer/LogicAudioAssistant/LogicAudioAssistant.xcodeproj -no-emit-module-separately-wmo

SwiftDriver\ Compilation AssistantAudioUnitExtension normal arm64 com.apple.xcode.tools.swift.compiler (in target 'AssistantAudioUnitExtension' from project 'LogicAudioAssistant' at path '/Users/marcboyer/LogicAudioAssistant/LogicAudioAssistant.xcodeproj')
    cd /Users/marcboyer/LogicAudioAssistant
    builtin-Swift-Compilation -- /Applications/Xcode.app/Contents/Developer/Toolchains/XcodeDefault.xctoolchain/usr/bin/swiftc -module-name Logic_Audio_Assistant_AU -O -whole-module-optimization @/Users/marcboyer/LogicAudioAssistant/.build/xcode-release-reviewfix/Build/Intermediates.noindex/LogicAudioAssistant.build/Release/AssistantAudioUnitExtension.build/Objects-normal/arm64/Logic\ Audio\ Assistant\ AU.SwiftFileList -Xcc -fmodule-map-file\=/Users/marcboyer/LogicAudioAssistant/.build/xcode-release-reviewfix/Build/Intermediates.noindex/GeneratedModuleMaps/CAtomics.modulemap -enable-experimental-feature DebugDescriptionMacro -sdk /Applications/Xcode.app/Contents/Developer/Platforms/MacOSX.platform/Developer/SDKs/MacOSX26.5.sdk -target arm64-apple-macos14.0 -g -module-cache-path /Users/marcboyer/LogicAudioAssistant/.build/xcode-release-reviewfix/ModuleCache.noindex -Xfrontend -serialize-debugging-options -application-extension -swift-version 6 -I /Users/marcboyer/LogicAudioAssistant/.build/xcode-release-reviewfix/Build/Products/Release -F /Users/marcboyer/LogicAudioAssistant/.build/xcode-release-reviewfix/Build/Products/Release/PackageFrameworks -F /Users/marcboyer/LogicAudioAssistant/.build/xcode-release-reviewfix/Build/Products/Release/PackageFrameworks -F /Users/marcboyer/LogicAudioAssistant/.build/xcode-release-reviewfix/Build/Products/Release/PackageFrameworks -F /Users/marcboyer/LogicAudioAssistant/.build/xcode-release-reviewfix/Build/Products/Release/PackageFrameworks -F /Users/marcboyer/LogicAudioAssistant/.build/xcode-release-reviewfix/Build/Products/Release/PackageFrameworks -F /Users/marcboyer/LogicAudioAssistant/.build/xcode-release-reviewfix/Build/Products/Release -c -num-threads 10 -Xcc -ivfsstatcache -Xcc /Users/marcboyer/LogicAudioAssistant/.build/xcode-release-reviewfix/SDKStatCaches.noindex/macosx26.5-25F70-e082c4a02f00227109f4ed75e425c832.sdkstatcache -output-file-map /Users/marcboyer/LogicAudioAssistant/.build/xcode-release-reviewfix/Build/Intermediates.noindex/LogicAudioAssistant.build/Release/AssistantAudioUnitExtension.build/Objects-normal/arm64/AssistantAudioUnitExtension-OutputFileMap.json -use-frontend-parseable-output -save-temps -no-color-diagnostics -explicit-module-build -module-cache-path /Users/marcboyer/LogicAudioAssistant/.build/xcode-release-reviewfix/Build/Intermediates.noindex/SwiftExplicitPrecompiledModules -clang-scanner-module-cache-path /Users/marcboyer/LogicAudioAssistant/.build/xcode-release-reviewfix/ModuleCache.noindex -sdk-module-cache-path /Users/marcboyer/LogicAudioAssistant/.build/xcode-release-reviewfix/ModuleCache.noindex -serialize-diagnostics -emit-dependencies -emit-module -emit-module-path /Users/marcboyer/LogicAudioAssistant/.build/xcode-release-reviewfix/Build/Intermediates.noindex/LogicAudioAssistant.build/Release/AssistantAudioUnitExtension.build/Objects-normal/arm64/Logic_Audio_Assistant_AU.swiftmodule -validate-clang-modules-once -clang-build-session-file /Users/marcboyer/LogicAudioAssistant/.build/xcode-release-reviewfix/ModuleCache.noindex/Session.modulevalidation -Xcc -I/Users/marcboyer/LogicAudioAssistant/.build/xcode-release-reviewfix/Build/Intermediates.noindex/LogicAudioAssistant.build/Release/AssistantAudioUnitExtension.build/swift-overrides.hmap -emit-const-values -Xfrontend -const-gather-protocols-file -Xfrontend /Users/marcboyer/LogicAudioAssistant/.build/xcode-release-reviewfix/Build/Intermediates.noindex/LogicAudioAssistant.build/Release/AssistantAudioUnitExtension.build/Objects-normal/arm64/AssistantAudioUnitExtension_const_extract_protocols.json -Xcc -iquote -Xcc /Users/marcboyer/LogicAudioAssistant/.build/xcode-release-reviewfix/Build/Intermediates.noindex/LogicAudioAssistant.build/Release/AssistantAudioUnitExtension.build/Logic\ Audio\ Assistant\ AU-generated-files.hmap -Xcc -I/Users/marcboyer/LogicAudioAssistant/.build/xcode-release-reviewfix/Build/Intermediates.noindex/LogicAudioAssistant.build/Release/AssistantAudioUnitExtension.build/Logic\ Audio\ Assistant\ AU-own-target-headers.hmap -Xcc -I/Users/marcboyer/LogicAudioAssistant/.build/xcode-release-reviewfix/Build/Intermediates.noindex/LogicAudioAssistant.build/Release/AssistantAudioUnitExtension.build/Logic\ Audio\ Assistant\ AU-all-non-framework-target-headers.hmap -Xcc -ivfsoverlay -Xcc /Users/marcboyer/LogicAudioAssistant/.build/xcode-release-reviewfix/Build/Intermediates.noindex/LogicAudioAssistant.build/Release/LogicAudioAssistant-ad80f5d6a5c2eb78a281f1b37698cd26-VFS/all-product-headers.yaml -Xcc -iquote -Xcc /Users/marcboyer/LogicAudioAssistant/.build/xcode-release-reviewfix/Build/Intermediates.noindex/LogicAudioAssistant.build/Release/AssistantAudioUnitExtension.build/Logic\ Audio\ Assistant\ AU-project-headers.hmap -Xcc -I/Users/marcboyer/LogicAudioAssistant/packages/CAtomics/include -Xcc -I/Users/marcboyer/LogicAudioAssistant/.build/xcode-release-reviewfix/Build/Products/Release/include -Xcc -I/Users/marcboyer/LogicAudioAssistant/.build/xcode-release-reviewfix/Build/Intermediates.noindex/LogicAudioAssistant.build/Release/AssistantAudioUnitExtension.build/DerivedSources-normal/arm64 -Xcc -I/Users/marcboyer/LogicAudioAssistant/.build/xcode-release-reviewfix/Build/Intermediates.noindex/LogicAudioAssistant.build/Release/AssistantAudioUnitExtension.build/DerivedSources/arm64 -Xcc -I/Users/marcboyer/LogicAudioAssistant/.build/xcode-release-reviewfix/Build/Intermediates.noindex/LogicAudioAssistant.build/Release/AssistantAudioUnitExtension.build/DerivedSources -emit-objc-header -emit-objc-header-path /Users/marcboyer/LogicAudioAssistant/.build/xcode-release-reviewfix/Build/Intermediates.noindex/LogicAudioAssistant.build/Release/AssistantAudioUnitExtension.build/Objects-normal/arm64/Logic_Audio_Assistant_AU-Swift.h -working-directory /Users/marcboyer/LogicAudioAssistant -no-emit-module-separately-wmo

SwiftExplicitDependencyGeneratePcm arm64 /Users/marcboyer/LogicAudioAssistant/.build/xcode-release-reviewfix/ModuleCache.noindex/DeveloperToolsSupport-DXSGRPRUNDF1G64VWRMDV7ELD.pcm

SwiftExplicitDependencyGeneratePcm arm64 /Users/marcboyer/LogicAudioAssistant/.build/xcode-release-reviewfix/ModuleCache.noindex/_Builtin_stdarg-D1HFZFJF2GQY9FB8CP657BF39.pcm

SwiftExplicitDependencyGeneratePcm arm64 /Users/marcboyer/LogicAudioAssistant/.build/xcode-release-reviewfix/ModuleCache.noindex/_Builtin_stddef-5OD3D3YTU3UNBGGRLLJNKUEEW.pcm

SwiftExplicitDependencyGeneratePcm arm64 /Users/marcboyer/LogicAudioAssistant/.build/xcode-release-reviewfix/ModuleCache.noindex/_SwiftConcurrencyShims-8JQYIREVMECM38UYTPO8ULJXQ.pcm

SwiftExplicitDependencyGeneratePcm arm64 /Users/marcboyer/LogicAudioAssistant/.build/xcode-release-reviewfix/ModuleCache.noindex/_Builtin_float-AA3UOUBBJYDO1H09YCTHE4P3L.pcm

SwiftExplicitDependencyGeneratePcm arm64 /Users/marcboyer/LogicAudioAssistant/.build/xcode-release-reviewfix/ModuleCache.noindex/_Builtin_stdbool-C1S7IB39DPVEG1CWOIB75FBGU.pcm

SwiftExplicitDependencyGeneratePcm arm64 /Users/marcboyer/LogicAudioAssistant/.build/xcode-release-reviewfix/ModuleCache.noindex/ptrcheck-4PFYGY4E589VBPL6AENMC9UB7.pcm

SwiftExplicitDependencyGeneratePcm arm64 /Users/marcboyer/LogicAudioAssistant/.build/xcode-release-reviewfix/ModuleCache.noindex/SwiftShims-C0IJ0X5HRFB1I4N1BOSUBORMA.pcm

SwiftExplicitDependencyGeneratePcm arm64 /Users/marcboyer/LogicAudioAssistant/.build/xcode-release-reviewfix/ModuleCache.noindex/_AvailabilityInternal-CBV5ZL11HKOM1HYW98QEMUU4G.pcm

SwiftExplicitDependencyGeneratePcm arm64 /Users/marcboyer/LogicAudioAssistant/.build/xcode-release-reviewfix/ModuleCache.noindex/CoreAudioKitPrivate-69NC94V32TADFWAD3157KG3O3.pcm

SwiftExplicitDependencyGeneratePcm arm64 /Users/marcboyer/LogicAudioAssistant/.build/xcode-release-reviewfix/ModuleCache.noindex/ptrauth-19CR2FEJM2JTP7QS720RPTYX9.pcm

SwiftExplicitDependencyGeneratePcm arm64 /Users/marcboyer/LogicAudioAssistant/.build/xcode-release-reviewfix/ModuleCache.noindex/_DarwinFoundation1-287MKU81U3H1ZNCCLE8IBNN5M.pcm

SwiftExplicitDependencyGeneratePcm arm64 /Users/marcboyer/LogicAudioAssistant/.build/xcode-release-reviewfix/ModuleCache.noindex/_DarwinFoundation2-77WRYRHUXM64LS58OE0PDE38U.pcm

SwiftExplicitDependencyGeneratePcm arm64 /Users/marcboyer/LogicAudioAssistant/.build/xcode-release-reviewfix/ModuleCache.noindex/_Builtin_limits-5EKVPL4BOP0FAAU34L80NL7PK.pcm

SwiftExplicitDependencyGeneratePcm arm64 /Users/marcboyer/LogicAudioAssistant/.build/xcode-release-reviewfix/ModuleCache.noindex/_Builtin_tgmath-8X7AF7HJ9NIS92LPYHS4N7NDS.pcm

SwiftExplicitDependencyGeneratePcm arm64 /Users/marcboyer/LogicAudioAssistant/.build/xcode-release-reviewfix/ModuleCache.noindex/sys_types-6PUXMA6UOLKN5ETJV1ERTCSTY.pcm

SwiftExplicitDependencyGeneratePcm arm64 /Users/marcboyer/LogicAudioAssistant/.build/xcode-release-reviewfix/ModuleCache.noindex/_Builtin_stdint-EE2YSDSHQNGNQ3P9KMCX4CEH0.pcm

SwiftExplicitDependencyGeneratePcm arm64 /Users/marcboyer/LogicAudioAssistant/.build/xcode-release-reviewfix/ModuleCache.noindex/libDER-3ZAMYL6RSVJ0WKPRVAWV5VH06.pcm

SwiftExplicitDependencyGeneratePcm arm64 /Users/marcboyer/LogicAudioAssistant/.build/xcode-release-reviewfix/ModuleCache.noindex/_DarwinFoundation3-ASI353URXVWQ5LKNATJQWOJ5W.pcm

SwiftExplicitDependencyGeneratePcm arm64 /Users/marcboyer/LogicAudioAssistant/.build/xcode-release-reviewfix/Build/Intermediates.noindex/SwiftExplicitPrecompiledModules/CAtomics-7S10850K7VH8TVHZ5N7XPEVAI.pcm

SwiftExplicitDependencyGeneratePcm arm64 /Users/marcboyer/LogicAudioAssistant/.build/xcode-release-reviewfix/ModuleCache.noindex/OpenGL-EFDVZGMQ0134WW9MVFUM2QE25.pcm

SwiftExplicitDependencyGeneratePcm arm64 /Users/marcboyer/LogicAudioAssistant/.build/xcode-release-reviewfix/ModuleCache.noindex/_Builtin_intrinsics-AWJ4RN30N2C49DCHSW4ZXCEMF.pcm

SwiftExplicitDependencyGeneratePcm arm64 /Users/marcboyer/LogicAudioAssistant/.build/xcode-release-reviewfix/ModuleCache.noindex/_Builtin_stdatomic-A7DNQL0EAPDTLVS1DCPP7LAVW.pcm

SwiftExplicitDependencyGeneratePcm arm64 /Users/marcboyer/LogicAudioAssistant/.build/xcode-release-reviewfix/ModuleCache.noindex/_Builtin_inttypes-9BQ359F8TC1OPEQXGN270QH8W.pcm

SwiftExplicitDependencyGeneratePcm arm64 /Users/marcboyer/LogicAudioAssistant/.build/xcode-release-reviewfix/ModuleCache.noindex/Darwin-EA2DU21MXW3VPXSH1LN26O7W2.pcm

SwiftExplicitDependencyGeneratePcm arm64 /Users/marcboyer/LogicAudioAssistant/.build/xcode-release-reviewfix/ModuleCache.noindex/simd-BX0WD5529PAFJ9FXI146QNJGJ.pcm

SwiftExplicitDependencyGeneratePcm arm64 /Users/marcboyer/LogicAudioAssistant/.build/xcode-release-reviewfix/ModuleCache.noindex/MachO-E04F0R17Q4OJAMH0BTE6N91WP.pcm

SwiftExplicitDependencyGeneratePcm arm64 /Users/marcboyer/LogicAudioAssistant/.build/xcode-release-reviewfix/ModuleCache.noindex/libkern-9SGCVMERGQA5U1AMC4330XORO.pcm

SwiftExplicitDependencyGeneratePcm arm64 /Users/marcboyer/LogicAudioAssistant/.build/xcode-release-reviewfix/ModuleCache.noindex/launch-ABRPD2FXC6BF28JXIVV4NT4PT.pcm

SwiftExplicitDependencyGeneratePcm arm64 /Users/marcboyer/LogicAudioAssistant/.build/xcode-release-reviewfix/ModuleCache.noindex/CUPS-DSSJG55G957UIMF70FV1JI5G3.pcm

SwiftDriverJobDiscovery normal arm64 Compiling PreviewRenderer.swift (in target 'PreviewRenderer' from project 'LogicAudioAssistant' at path '/Users/marcboyer/LogicAudioAssistant/Package.swift')

SwiftDriver\ Compilation\ Requirements PreviewRenderer normal arm64 com.apple.xcode.tools.swift.compiler (in target 'PreviewRenderer' from project 'LogicAudioAssistant' at path '/Users/marcboyer/LogicAudioAssistant/Package.swift')
    cd /Users/marcboyer/LogicAudioAssistant/LogicAudioAssistant.xcodeproj
    builtin-Swift-Compilation-Requirements -- /Applications/Xcode.app/Contents/Developer/Toolchains/XcodeDefault.xctoolchain/usr/bin/swiftc -module-name PreviewRenderer -O -whole-module-optimization @/Users/marcboyer/LogicAudioAssistant/.build/xcode-release-reviewfix/Build/Intermediates.noindex/LogicAudioAssistant.build/Release/PreviewRenderer.build/Objects-normal/arm64/PreviewRenderer.SwiftFileList -DSWIFT_PACKAGE -DSWIFT_MODULE_RESOURCE_BUNDLE_UNAVAILABLE -Xcc -fmodule-map-file\=/Users/marcboyer/LogicAudioAssistant/.build/xcode-release-reviewfix/Build/Intermediates.noindex/GeneratedModuleMaps/CAtomics.modulemap -DXcode -plugin-path /Applications/Xcode.app/Contents/Developer/Toolchains/XcodeDefault.xctoolchain/usr/lib/swift/host/plugins/testing -enable-experimental-feature DebugDescriptionMacro -sdk /Applications/Xcode.app/Contents/Developer/Platforms/MacOSX.platform/Developer/SDKs/MacOSX26.5.sdk -target arm64-apple-macos14.0 -g -module-cache-path /Users/marcboyer/LogicAudioAssistant/.build/xcode-release-reviewfix/ModuleCache.noindex -Xfrontend -serialize-debugging-options -swift-version 6 -I /Users/marcboyer/LogicAudioAssistant/.build/xcode-release-reviewfix/Build/Products/Release -Isystem /Applications/Xcode.app/Contents/Developer/Platforms/MacOSX.platform/Developer/usr/lib -F /Users/marcboyer/LogicAudioAssistant/.build/xcode-release-reviewfix/Build/Products/Release/PackageFrameworks -F /Users/marcboyer/LogicAudioAssistant/.build/xcode-release-reviewfix/Build/Products/Release/PackageFrameworks -F /Users/marcboyer/LogicAudioAssistant/.build/xcode-release-reviewfix/Build/Products/Release/PackageFrameworks -F /Users/marcboyer/LogicAudioAssistant/.build/xcode-release-reviewfix/Build/Products/Release/PackageFrameworks -F /Users/marcboyer/LogicAudioAssistant/.build/xcode-release-reviewfix/Build/Products/Release -F /Applications/Xcode.app/Contents/Developer/Platforms/MacOSX.platform/Developer/Library/Frameworks -parse-as-library -c -num-threads 10 -Xcc -ivfsstatcache -Xcc /Users/marcboyer/LogicAudioAssistant/.build/xcode-release-reviewfix/SDKStatCaches.noindex/macosx26.5-25F70-e082c4a02f00227109f4ed75e425c832.sdkstatcache -output-file-map /Users/marcboyer/LogicAudioAssistant/.build/xcode-release-reviewfix/Build/Intermediates.noindex/LogicAudioAssistant.build/Release/PreviewRenderer.build/Objects-normal/arm64/PreviewRenderer-OutputFileMap.json -use-frontend-parseable-output -save-temps -no-color-diagnostics -explicit-module-build -module-cache-path /Users/marcboyer/LogicAudioAssistant/.build/xcode-release-reviewfix/Build/Intermediates.noindex/SwiftExplicitPrecompiledModules -clang-scanner-module-cache-path /Users/marcboyer/LogicAudioAssistant/.build/xcode-release-reviewfix/ModuleCache.noindex -sdk-module-cache-path /Users/marcboyer/LogicAudioAssistant/.build/xcode-release-reviewfix/ModuleCache.noindex -serialize-diagnostics -emit-dependencies -emit-module -emit-module-path /Users/marcboyer/LogicAudioAssistant/.build/xcode-release-reviewfix/Build/Intermediates.noindex/LogicAudioAssistant.build/Release/PreviewRenderer.build/Objects-normal/arm64/PreviewRenderer.swiftmodule -validate-clang-modules-once -clang-build-session-file /Users/marcboyer/LogicAudioAssistant/.build/xcode-release-reviewfix/ModuleCache.noindex/Session.modulevalidation -package-name logicaudioassistant -Xcc -I/Users/marcboyer/LogicAudioAssistant/.build/xcode-release-reviewfix/Build/Intermediates.noindex/LogicAudioAssistant.build/Release/PreviewRenderer.build/swift-overrides.hmap -emit-const-values -Xfrontend -const-gather-protocols-file -Xfrontend /Users/marcboyer/LogicAudioAssistant/.build/xcode-release-reviewfix/Build/Intermediates.noindex/LogicAudioAssistant.build/Release/PreviewRenderer.build/Objects-normal/arm64/PreviewRenderer_const_extract_protocols.json -Xcc -I/Users/marcboyer/LogicAudioAssistant/packages/CAtomics/include -Xcc -I/Users/marcboyer/LogicAudioAssistant/.build/xcode-release-reviewfix/Build/Products/Release/include -Xcc -I/Users/marcboyer/LogicAudioAssistant/.build/xcode-release-reviewfix/Build/Intermediates.noindex/LogicAudioAssistant.build/Release/PreviewRenderer.build/DerivedSources-normal/arm64 -Xcc -I/Users/marcboyer/LogicAudioAssistant/.build/xcode-release-reviewfix/Build/Intermediates.noindex/LogicAudioAssistant.build/Release/PreviewRenderer.build/DerivedSources/arm64 -Xcc -I/Users/marcboyer/LogicAudioAssistant/.build/xcode-release-reviewfix/Build/Intermediates.noindex/LogicAudioAssistant.build/Release/PreviewRenderer.build/DerivedSources -Xcc -DSWIFT_PACKAGE -emit-objc-header -emit-objc-header-path /Users/marcboyer/LogicAudioAssistant/.build/xcode-release-reviewfix/Build/Intermediates.noindex/LogicAudioAssistant.build/Release/PreviewRenderer.build/Objects-normal/arm64/PreviewRenderer-Swift.h -working-directory /Users/marcboyer/LogicAudioAssistant/LogicAudioAssistant.xcodeproj -no-emit-module-separately-wmo

SwiftMergeGeneratedHeaders /Users/marcboyer/LogicAudioAssistant/.build/xcode-release-reviewfix/Build/Intermediates.noindex/GeneratedModuleMaps/PreviewRenderer-Swift.h /Users/marcboyer/LogicAudioAssistant/.build/xcode-release-reviewfix/Build/Intermediates.noindex/LogicAudioAssistant.build/Release/PreviewRenderer.build/Objects-normal/arm64/PreviewRenderer-Swift.h (in target 'PreviewRenderer' from project 'LogicAudioAssistant' at path '/Users/marcboyer/LogicAudioAssistant/Package.swift')
    cd /Users/marcboyer/LogicAudioAssistant
    builtin-swiftHeaderTool -arch arm64 /Users/marcboyer/LogicAudioAssistant/.build/xcode-release-reviewfix/Build/Intermediates.noindex/LogicAudioAssistant.build/Release/PreviewRenderer.build/Objects-normal/arm64/PreviewRenderer-Swift.h -o /Users/marcboyer/LogicAudioAssistant/.build/xcode-release-reviewfix/Build/Intermediates.noindex/GeneratedModuleMaps/PreviewRenderer-Swift.h

Copy /Users/marcboyer/LogicAudioAssistant/.build/xcode-release-reviewfix/Build/Products/Release/PreviewRenderer.swiftmodule/arm64-apple-macos.swiftmodule /Users/marcboyer/LogicAudioAssistant/.build/xcode-release-reviewfix/Build/Intermediates.noindex/LogicAudioAssistant.build/Release/PreviewRenderer.build/Objects-normal/arm64/PreviewRenderer.swiftmodule (in target 'PreviewRenderer' from project 'LogicAudioAssistant' at path '/Users/marcboyer/LogicAudioAssistant/Package.swift')
    cd /Users/marcboyer/LogicAudioAssistant
    builtin-copy -exclude .DS_Store -exclude CVS -exclude .svn -exclude .git -exclude .hg -strip-unsigned-binaries -strip-deterministic -strip-tool /Applications/Xcode.app/Contents/Developer/Toolchains/XcodeDefault.xctoolchain/usr/bin/strip -resolve-src-symlinks -rename /Users/marcboyer/LogicAudioAssistant/.build/xcode-release-reviewfix/Build/Intermediates.noindex/LogicAudioAssistant.build/Release/PreviewRenderer.build/Objects-normal/arm64/PreviewRenderer.swiftmodule /Users/marcboyer/LogicAudioAssistant/.build/xcode-release-reviewfix/Build/Products/Release/PreviewRenderer.swiftmodule/arm64-apple-macos.swiftmodule

Copy /Users/marcboyer/LogicAudioAssistant/.build/xcode-release-reviewfix/Build/Products/Release/PreviewRenderer.swiftmodule/arm64-apple-macos.swiftdoc /Users/marcboyer/LogicAudioAssistant/.build/xcode-release-reviewfix/Build/Intermediates.noindex/LogicAudioAssistant.build/Release/PreviewRenderer.build/Objects-normal/arm64/PreviewRenderer.swiftdoc (in target 'PreviewRenderer' from project 'LogicAudioAssistant' at path '/Users/marcboyer/LogicAudioAssistant/Package.swift')
    cd /Users/marcboyer/LogicAudioAssistant
    builtin-copy -exclude .DS_Store -exclude CVS -exclude .svn -exclude .git -exclude .hg -strip-unsigned-binaries -strip-deterministic -strip-tool /Applications/Xcode.app/Contents/Developer/Toolchains/XcodeDefault.xctoolchain/usr/bin/strip -resolve-src-symlinks -rename /Users/marcboyer/LogicAudioAssistant/.build/xcode-release-reviewfix/Build/Intermediates.noindex/LogicAudioAssistant.build/Release/PreviewRenderer.build/Objects-normal/arm64/PreviewRenderer.swiftdoc /Users/marcboyer/LogicAudioAssistant/.build/xcode-release-reviewfix/Build/Products/Release/PreviewRenderer.swiftmodule/arm64-apple-macos.swiftdoc

Copy /Users/marcboyer/LogicAudioAssistant/.build/xcode-release-reviewfix/Build/Products/Release/PreviewRenderer.swiftmodule/arm64-apple-macos.abi.json /Users/marcboyer/LogicAudioAssistant/.build/xcode-release-reviewfix/Build/Intermediates.noindex/LogicAudioAssistant.build/Release/PreviewRenderer.build/Objects-normal/arm64/PreviewRenderer.abi.json (in target 'PreviewRenderer' from project 'LogicAudioAssistant' at path '/Users/marcboyer/LogicAudioAssistant/Package.swift')
    cd /Users/marcboyer/LogicAudioAssistant
    builtin-copy -exclude .DS_Store -exclude CVS -exclude .svn -exclude .git -exclude .hg -strip-unsigned-binaries -strip-deterministic -strip-tool /Applications/Xcode.app/Contents/Developer/Toolchains/XcodeDefault.xctoolchain/usr/bin/strip -resolve-src-symlinks -rename /Users/marcboyer/LogicAudioAssistant/.build/xcode-release-reviewfix/Build/Intermediates.noindex/LogicAudioAssistant.build/Release/PreviewRenderer.build/Objects-normal/arm64/PreviewRenderer.abi.json /Users/marcboyer/LogicAudioAssistant/.build/xcode-release-reviewfix/Build/Products/Release/PreviewRenderer.swiftmodule/arm64-apple-macos.abi.json

Copy /Users/marcboyer/LogicAudioAssistant/.build/xcode-release-reviewfix/Build/Products/Release/PreviewRenderer.swiftmodule/Project/arm64-apple-macos.swiftsourceinfo /Users/marcboyer/LogicAudioAssistant/.build/xcode-release-reviewfix/Build/Intermediates.noindex/LogicAudioAssistant.build/Release/PreviewRenderer.build/Objects-normal/arm64/PreviewRenderer.swiftsourceinfo (in target 'PreviewRenderer' from project 'LogicAudioAssistant' at path '/Users/marcboyer/LogicAudioAssistant/Package.swift')
    cd /Users/marcboyer/LogicAudioAssistant
    builtin-copy -exclude .DS_Store -exclude CVS -exclude .svn -exclude .git -exclude .hg -strip-unsigned-binaries -strip-deterministic -strip-tool /Applications/Xcode.app/Contents/Developer/Toolchains/XcodeDefault.xctoolchain/usr/bin/strip -resolve-src-symlinks -rename /Users/marcboyer/LogicAudioAssistant/.build/xcode-release-reviewfix/Build/Intermediates.noindex/LogicAudioAssistant.build/Release/PreviewRenderer.build/Objects-normal/arm64/PreviewRenderer.swiftsourceinfo /Users/marcboyer/LogicAudioAssistant/.build/xcode-release-reviewfix/Build/Products/Release/PreviewRenderer.swiftmodule/Project/arm64-apple-macos.swiftsourceinfo

Ld /Users/marcboyer/LogicAudioAssistant/.build/xcode-release-reviewfix/Build/Products/Release/PreviewRenderer.o normal (in target 'PreviewRenderer' from project 'LogicAudioAssistant' at path '/Users/marcboyer/LogicAudioAssistant/Package.swift')
    cd /Users/marcboyer/LogicAudioAssistant
    /Applications/Xcode.app/Contents/Developer/Toolchains/XcodeDefault.xctoolchain/usr/bin/clang -Xlinker -reproducible -target arm64-apple-macos14.0 -r -isysroot /Applications/Xcode.app/Contents/Developer/Platforms/MacOSX.platform/Developer/SDKs/MacOSX26.5.sdk -Os -F/Users/marcboyer/LogicAudioAssistant/.build/xcode-release-reviewfix/Build/Intermediates.noindex/EagerLinkingTBDs/Release -F/Users/marcboyer/LogicAudioAssistant/.build/xcode-release-reviewfix/Build/Products/Release/PackageFrameworks -F/Users/marcboyer/LogicAudioAssistant/.build/xcode-release-reviewfix/Build/Products/Release/PackageFrameworks -F/Users/marcboyer/LogicAudioAssistant/.build/xcode-release-reviewfix/Build/Products/Release/PackageFrameworks -F/Users/marcboyer/LogicAudioAssistant/.build/xcode-release-reviewfix/Build/Products/Release/PackageFrameworks -F/Users/marcboyer/LogicAudioAssistant/.build/xcode-release-reviewfix/Build/Products/Release -iframework /Applications/Xcode.app/Contents/Developer/Platforms/MacOSX.platform/Developer/Library/Frameworks -filelist /Users/marcboyer/LogicAudioAssistant/.build/xcode-release-reviewfix/Build/Intermediates.noindex/LogicAudioAssistant.build/Release/PreviewRenderer.build/Objects-normal/arm64/PreviewRenderer.LinkFileList -nostdlib -Xlinker -object_path_lto -Xlinker /Users/marcboyer/LogicAudioAssistant/.build/xcode-release-reviewfix/Build/Intermediates.noindex/LogicAudioAssistant.build/Release/PreviewRenderer.build/Objects-normal/arm64/PreviewRenderer_lto.o -Xlinker -dependency_info -Xlinker /Users/marcboyer/LogicAudioAssistant/.build/xcode-release-reviewfix/Build/Intermediates.noindex/LogicAudioAssistant.build/Release/PreviewRenderer.build/Objects-normal/arm64/PreviewRenderer_dependency_info.dat -fobjc-link-runtime -L/Applications/Xcode.app/Contents/Developer/Toolchains/XcodeDefault.xctoolchain/usr/lib/swift/macosx -L/usr/lib/swift -Xlinker -add_ast_path -Xlinker /Users/marcboyer/LogicAudioAssistant/.build/xcode-release-reviewfix/Build/Intermediates.noindex/LogicAudioAssistant.build/Release/PreviewRenderer.build/Objects-normal/arm64/PreviewRenderer.swiftmodule @/Users/marcboyer/LogicAudioAssistant/.build/xcode-release-reviewfix/Build/Intermediates.noindex/LogicAudioAssistant.build/Release/PreviewRenderer.build/Objects-normal/arm64/PreviewRenderer-linker-args.resp -o /Users/marcboyer/LogicAudioAssistant/.build/xcode-release-reviewfix/Build/Products/Release/PreviewRenderer.o

ExtractAppIntentsMetadata (in target 'PreviewRenderer' from project 'LogicAudioAssistant' at path '/Users/marcboyer/LogicAudioAssistant/Package.swift')
    cd /Users/marcboyer/LogicAudioAssistant
    /Applications/Xcode.app/Contents/Developer/Toolchains/XcodeDefault.xctoolchain/usr/bin/appintentsmetadataprocessor --toolchain-dir /Applications/Xcode.app/Contents/Developer/Toolchains/XcodeDefault.xctoolchain --module-name PreviewRenderer --sdk-root /Applications/Xcode.app/Contents/Developer/Platforms/MacOSX.platform/Developer/SDKs/MacOSX26.5.sdk --xcode-version 17F113 --platform-family macOS --deployment-target 14.0 --bundle-identifier logicaudioassistant.PreviewRenderer --output /Users/marcboyer/LogicAudioAssistant/.build/xcode-release-reviewfix/Build/Products/Release/PreviewRenderer.appintents --target-triple arm64-apple-macos14.0 --binary-file /Users/marcboyer/LogicAudioAssistant/.build/xcode-release-reviewfix/Build/Products/Release/PreviewRenderer.o --dependency-file /Users/marcboyer/LogicAudioAssistant/.build/xcode-release-reviewfix/Build/Intermediates.noindex/LogicAudioAssistant.build/Release/PreviewRenderer.build/Objects-normal/arm64/PreviewRenderer_dependency_info.dat --stringsdata-file /Users/marcboyer/LogicAudioAssistant/.build/xcode-release-reviewfix/Build/Intermediates.noindex/LogicAudioAssistant.build/Release/PreviewRenderer.build/Objects-normal/arm64/ExtractedAppShortcutsMetadata.stringsdata --source-file-list /Users/marcboyer/LogicAudioAssistant/.build/xcode-release-reviewfix/Build/Intermediates.noindex/LogicAudioAssistant.build/Release/PreviewRenderer.build/Objects-normal/arm64/PreviewRenderer.SwiftFileList --metadata-file-list /Users/marcboyer/LogicAudioAssistant/.build/xcode-release-reviewfix/Build/Intermediates.noindex/LogicAudioAssistant.build/Release/PreviewRenderer.build/PreviewRenderer.DependencyMetadataFileList --static-metadata-file-list /Users/marcboyer/LogicAudioAssistant/.build/xcode-release-reviewfix/Build/Intermediates.noindex/LogicAudioAssistant.build/Release/PreviewRenderer.build/PreviewRenderer.DependencyStaticMetadataFileList --swift-const-vals-list /Users/marcboyer/LogicAudioAssistant/.build/xcode-release-reviewfix/Build/Intermediates.noindex/LogicAudioAssistant.build/Release/PreviewRenderer.build/Objects-normal/arm64/PreviewRenderer.SwiftConstValuesFileList --force --compile-time-extraction --deployment-aware-processing --validate-assistant-intents --no-app-shortcuts-localization
2026-08-14 14:53:18.888 appintentsmetadataprocessor[35147:3500439] Starting appintentsmetadataprocessor export
2026-08-14 14:53:18.897 appintentsmetadataprocessor[35147:3500439] Extracted no relevant App Intents symbols, skipping writing output

SwiftExplicitDependencyGeneratePcm arm64 /Users/marcboyer/LogicAudioAssistant/.build/xcode-release-reviewfix/ModuleCache.noindex/ObjectiveC-3WQF6T3CEZ23QYX6GHZDIF6PW.pcm

SwiftExplicitDependencyGeneratePcm arm64 /Users/marcboyer/LogicAudioAssistant/.build/xcode-release-reviewfix/ModuleCache.noindex/Spatial-7IGQCIT9XOBWIWM03U6IFQ8A3.pcm

RegisterExecutionPolicyException /Users/marcboyer/LogicAudioAssistant/.build/xcode-release-reviewfix/Build/Products/Release/PreviewRenderer.o (in target 'PreviewRenderer' from project 'LogicAudioAssistant' at path '/Users/marcboyer/LogicAudioAssistant/Package.swift')
    cd /Users/marcboyer/LogicAudioAssistant
    builtin-RegisterExecutionPolicyException /Users/marcboyer/LogicAudioAssistant/.build/xcode-release-reviewfix/Build/Products/Release/PreviewRenderer.o

SwiftExplicitDependencyGeneratePcm arm64 /Users/marcboyer/LogicAudioAssistant/.build/xcode-release-reviewfix/ModuleCache.noindex/os_object-DRBKAEQJKBH419OBFID4FTMQ1.pcm

SwiftExplicitDependencyGeneratePcm arm64 /Users/marcboyer/LogicAudioAssistant/.build/xcode-release-reviewfix/ModuleCache.noindex/os_workgroup-ZVRAFV9KUO5LJPHBV3XRK1I0.pcm

SwiftExplicitDependencyGeneratePcm arm64 /Users/marcboyer/LogicAudioAssistant/.build/xcode-release-reviewfix/ModuleCache.noindex/Dispatch-6SEUGAQRLXJGXNJZ985E2EI9Q.pcm

SwiftExplicitDependencyGeneratePcm arm64 /Users/marcboyer/LogicAudioAssistant/.build/xcode-release-reviewfix/ModuleCache.noindex/XPC-59RB81R345UICMG3F9SQSU4OB.pcm

SwiftExplicitDependencyGeneratePcm arm64 /Users/marcboyer/LogicAudioAssistant/.build/xcode-release-reviewfix/ModuleCache.noindex/CoreFoundation-97X6SX8B57CSUKIPLHZ4XD6NC.pcm

SwiftExplicitDependencyGeneratePcm arm64 /Users/marcboyer/LogicAudioAssistant/.build/xcode-release-reviewfix/ModuleCache.noindex/os-4A3U704HUHGRMVCWKT1H1MV31.pcm

SwiftExplicitDependencyGeneratePcm arm64 /Users/marcboyer/LogicAudioAssistant/.build/xcode-release-reviewfix/ModuleCache.noindex/CFNetwork-2HQ6BSLAIL1IG2HDIZXGJ4W9A.pcm

SwiftExplicitDependencyGeneratePcm arm64 /Users/marcboyer/LogicAudioAssistant/.build/xcode-release-reviewfix/ModuleCache.noindex/IOKit-CCWFGQSZUKBVYAE6ME25RFJIH.pcm

SwiftExplicitDependencyGeneratePcm arm64 /Users/marcboyer/LogicAudioAssistant/.build/xcode-release-reviewfix/ModuleCache.noindex/CoreAudioTypes-BTFQD5MXSYW1T8SYAL4PZ3XPF.pcm

SwiftExplicitDependencyGeneratePcm arm64 /Users/marcboyer/LogicAudioAssistant/.build/xcode-release-reviewfix/ModuleCache.noindex/ColorSync-AT866NQAS67PIH7EUNDAHXYKN.pcm

SwiftExplicitDependencyGeneratePcm arm64 /Users/marcboyer/LogicAudioAssistant/.build/xcode-release-reviewfix/ModuleCache.noindex/Security-DAYM22UEIQUOUY9ORSESZBL8C.pcm

SwiftExplicitDependencyGeneratePcm arm64 /Users/marcboyer/LogicAudioAssistant/.build/xcode-release-reviewfix/ModuleCache.noindex/CoreGraphics-EG1F0RQS6QQBBDT6O4BGGQJVQ.pcm

SwiftExplicitDependencyGeneratePcm arm64 /Users/marcboyer/LogicAudioAssistant/.build/xcode-release-reviewfix/ModuleCache.noindex/DiskArbitration-DVSK2B2HP6XCSLIH3YAR7X640.pcm

SwiftExplicitDependencyGeneratePcm arm64 /Users/marcboyer/LogicAudioAssistant/.build/xcode-release-reviewfix/ModuleCache.noindex/CoreServices-DTYA27M293407FHBZTE5TLTT9.pcm

SwiftExplicitDependencyGeneratePcm arm64 /Users/marcboyer/LogicAudioAssistant/.build/xcode-release-reviewfix/ModuleCache.noindex/ImageIO-7LRTPZ5J3ZBPIWVNXAWH45UGC.pcm

SwiftExplicitDependencyGeneratePcm arm64 /Users/marcboyer/LogicAudioAssistant/.build/xcode-release-reviewfix/ModuleCache.noindex/CoreText-73XVK5E950UHQXVS6SOU90GJ8.pcm

SwiftExplicitDependencyGeneratePcm arm64 /Users/marcboyer/LogicAudioAssistant/.build/xcode-release-reviewfix/ModuleCache.noindex/Foundation-HM4E5P866V68UMRIF1JNT8ZE.pcm

SwiftExplicitDependencyGeneratePcm arm64 /Users/marcboyer/LogicAudioAssistant/.build/xcode-release-reviewfix/ModuleCache.noindex/Accessibility-68BXF9AWAAE9S6MPZWERBMPV1.pcm

SwiftExplicitDependencyGeneratePcm arm64 /Users/marcboyer/LogicAudioAssistant/.build/xcode-release-reviewfix/ModuleCache.noindex/CoreTransferable-4M017A6K21R7886NR48EMC6Q4.pcm

SwiftExplicitDependencyGeneratePcm arm64 /Users/marcboyer/LogicAudioAssistant/.build/xcode-release-reviewfix/ModuleCache.noindex/Symbols-AXYV0Q4Y2W4GH3VPCO51WWT1I.pcm

SwiftExplicitDependencyGeneratePcm arm64 /Users/marcboyer/LogicAudioAssistant/.build/xcode-release-reviewfix/ModuleCache.noindex/LocalAuthentication-4PFQAJL0KI3OYO8M2C3CVRSJ1.pcm

SwiftExplicitDependencyGeneratePcm arm64 /Users/marcboyer/LogicAudioAssistant/.build/xcode-release-reviewfix/ModuleCache.noindex/ApplicationServices-7QKLM6U813PD5ISK1SIA97P8K.pcm

SwiftExplicitDependencyGeneratePcm arm64 /Users/marcboyer/LogicAudioAssistant/.build/xcode-release-reviewfix/ModuleCache.noindex/CoreMIDI-BJ4WXYJAYGLMO0NPOZAZ62HE.pcm

SwiftExplicitDependencyGeneratePcm arm64 /Users/marcboyer/LogicAudioAssistant/.build/xcode-release-reviewfix/ModuleCache.noindex/DataDetection-68XJ68GYUV60P17DQEWQBS0KI.pcm

SwiftExplicitDependencyGeneratePcm arm64 /Users/marcboyer/LogicAudioAssistant/.build/xcode-release-reviewfix/ModuleCache.noindex/OSLog-EJEPMGV0HKHDFXYUWKJTQ5JF7.pcm

SwiftExplicitDependencyGeneratePcm arm64 /Users/marcboyer/LogicAudioAssistant/.build/xcode-release-reviewfix/ModuleCache.noindex/CoreData-2ZZRUNNE2SLI2B9AFJ3E94BXV.pcm

SwiftExplicitDependencyGeneratePcm arm64 /Users/marcboyer/LogicAudioAssistant/.build/xcode-release-reviewfix/ModuleCache.noindex/IOSurface-654F2RUJQAXDID8Z9ELOKJKV2.pcm

SwiftExplicitDependencyGeneratePcm arm64 /Users/marcboyer/LogicAudioAssistant/.build/xcode-release-reviewfix/ModuleCache.noindex/UniformTypeIdentifiers-4QQXDSMKY5VQ8J6CEKSX0BQL2.pcm

SwiftExplicitDependencyGeneratePcm arm64 /Users/marcboyer/LogicAudioAssistant/.build/xcode-release-reviewfix/ModuleCache.noindex/CoreAudio-2UCBFFGNISR3B09OGBK34500C.pcm

SwiftExplicitDependencyGeneratePcm arm64 /Users/marcboyer/LogicAudioAssistant/.build/xcode-release-reviewfix/ModuleCache.noindex/Carbon-2LV5GQOK8EEX76PUPXWL5MICF.pcm

SwiftExplicitDependencyGeneratePcm arm64 /Users/marcboyer/LogicAudioAssistant/.build/xcode-release-reviewfix/ModuleCache.noindex/Metal-B5UQ8V740539MCR93LBH9GQG4.pcm

SwiftExplicitDependencyGeneratePcm arm64 /Users/marcboyer/LogicAudioAssistant/.build/xcode-release-reviewfix/ModuleCache.noindex/CoreVideo-A2MJOLG1HOWHYY8A0CF3ECMZG.pcm

SwiftExplicitDependencyGeneratePcm arm64 /Users/marcboyer/LogicAudioAssistant/.build/xcode-release-reviewfix/ModuleCache.noindex/AudioToolbox-88RIDKHIZB0KGJ35J8VGKRDK3.pcm

SwiftExplicitDependencyGeneratePcm arm64 /Users/marcboyer/LogicAudioAssistant/.build/xcode-release-reviewfix/ModuleCache.noindex/CoreMedia-EMRGUKZWZ58XEY4QRQ8ONUKAO.pcm

SwiftExplicitDependencyGeneratePcm arm64 /Users/marcboyer/LogicAudioAssistant/.build/xcode-release-reviewfix/ModuleCache.noindex/CoreImage-X2SWWMK9YE538H2CI39PJ7K5.pcm

SwiftExplicitDependencyGeneratePcm arm64 /Users/marcboyer/LogicAudioAssistant/.build/xcode-release-reviewfix/ModuleCache.noindex/QuartzCore-6C1PIYGOU1TN7POCXJCI7F2G1.pcm

SwiftExplicitDependencyGeneratePcm arm64 /Users/marcboyer/LogicAudioAssistant/.build/xcode-release-reviewfix/ModuleCache.noindex/AudioUnit-9RR346E6KJ2UGICG0ESOLOHHE.pcm

SwiftExplicitDependencyGeneratePcm arm64 /Users/marcboyer/LogicAudioAssistant/.build/xcode-release-reviewfix/ModuleCache.noindex/SwiftUICore-DZOUB1I5W8LE9BE4Y083KENO1.pcm

SwiftExplicitDependencyGeneratePcm arm64 /Users/marcboyer/LogicAudioAssistant/.build/xcode-release-reviewfix/ModuleCache.noindex/AVFAudio-3Q3KJRCKLPTLARAOJBQVLXKQD.pcm

SwiftExplicitDependencyGeneratePcm arm64 /Users/marcboyer/LogicAudioAssistant/.build/xcode-release-reviewfix/ModuleCache.noindex/MediaToolbox-CVGQI2ET367YEJ3WLXYEVA5AR.pcm

SwiftExplicitDependencyGeneratePcm arm64 /Users/marcboyer/LogicAudioAssistant/.build/xcode-release-reviewfix/ModuleCache.noindex/AppKit-3OJ2PE7DPDLZ4UV6P4BV5YW43.pcm

SwiftExplicitDependencyGeneratePcm arm64 /Users/marcboyer/LogicAudioAssistant/.build/xcode-release-reviewfix/ModuleCache.noindex/AVFoundation-2FHCDERSGAD962AZ9ALP80135.pcm

SwiftExplicitDependencyGeneratePcm arm64 /Users/marcboyer/LogicAudioAssistant/.build/xcode-release-reviewfix/ModuleCache.noindex/Cocoa-17IBFTZF68XVI7H6JNVAIF7HG.pcm

SwiftExplicitDependencyGeneratePcm arm64 /Users/marcboyer/LogicAudioAssistant/.build/xcode-release-reviewfix/ModuleCache.noindex/SwiftUI-D959OGP60T8AVZO98Y9ZV37QJ.pcm

SwiftExplicitDependencyGeneratePcm arm64 /Users/marcboyer/LogicAudioAssistant/.build/xcode-release-reviewfix/ModuleCache.noindex/CoreAudioKit-A8MG9GM8NEOKV7ILV9EXD320L.pcm

SwiftCompile normal arm64 Compiling\ AssistantAudioUnit.swift,\ AudioUnitViewController.swift,\ PluginSessionBridge.swift,\ RealtimeRenderKernel.swift /Users/marcboyer/LogicAudioAssistant/plugins/AudioUnit/AudioUnitExtension/AssistantAudioUnit.swift /Users/marcboyer/LogicAudioAssistant/plugins/AudioUnit/AudioUnitExtension/AudioUnitViewController.swift /Users/marcboyer/LogicAudioAssistant/plugins/AudioUnit/AudioUnitExtension/PluginSessionBridge.swift /Users/marcboyer/LogicAudioAssistant/plugins/AudioUnit/AudioUnitExtension/RealtimeRenderKernel.swift /Applications/Xcode.app/Contents/Developer/Toolchains/XcodeDefault.xctoolchain/usr/lib/swift/macosx/prebuilt-modules/26.5/CoreVideo.swiftmodule/arm64e-apple-macos.swiftmodule /Applications/Xcode.app/Contents/Developer/Toolchains/XcodeDefault.xctoolchain/usr/lib/swift/macosx/prebuilt-modules/26.5/AudioToolbox.swiftmodule/arm64e-apple-macos.swiftmodule /Applications/Xcode.app/Contents/Developer/Toolchains/XcodeDefault.xctoolchain/usr/lib/swift/macosx/prebuilt-modules/26.5/CoreTransferable.swiftmodule/arm64e-apple-macos.swiftmodule /Applications/Xcode.app/Contents/Developer/Toolchains/XcodeDefault.xctoolchain/usr/lib/swift/macosx/prebuilt-modules/26.5/AppKit.swiftmodule/arm64e-apple-macos.swiftmodule /Applications/Xcode.app/Contents/Developer/Toolchains/XcodeDefault.xctoolchain/usr/lib/swift/macosx/prebuilt-modules/26.5/IOKit.swiftmodule/arm64e-apple-macos.swiftmodule /Applications/Xcode.app/Contents/Developer/Toolchains/XcodeDefault.xctoolchain/usr/lib/swift/macosx/prebuilt-modules/26.5/CoreFoundation.swiftmodule/arm64e-apple-macos.swiftmodule /Applications/Xcode.app/Contents/Developer/Toolchains/XcodeDefault.xctoolchain/usr/lib/swift/macosx/prebuilt-modules/26.5/simd.swiftmodule/arm64e-apple-macos.swiftmodule /Applications/Xcode.app/Contents/Developer/Toolchains/XcodeDefault.xctoolchain/usr/lib/swift/macosx/prebuilt-modules/26.5/CoreAudio.swiftmodule/arm64e-apple-macos.swiftmodule /Applications/Xcode.app/Contents/Developer/Toolchains/XcodeDefault.xctoolchain/usr/lib/swift/macosx/prebuilt-modules/26.5/SwiftUICore.swiftmodule/arm64e-apple-macos.swiftmodule /Applications/Xcode.app/Contents/Developer/Toolchains/XcodeDefault.xctoolchain/usr/lib/swift/macosx/prebuilt-modules/26.5/_StringProcessing.swiftmodule/arm64e-apple-macos.swiftmodule /Applications/Xcode.app/Contents/Developer/Toolchains/XcodeDefault.xctoolchain/usr/lib/swift/macosx/prebuilt-modules/26.5/_Concurrency.swiftmodule/arm64e-apple-macos.swiftmodule /Applications/Xcode.app/Contents/Developer/Toolchains/XcodeDefault.xctoolchain/usr/lib/swift/macosx/prebuilt-modules/26.5/CoreAudioKit.swiftmodule/arm64e-apple-macos.swiftmodule /Users/marcboyer/LogicAudioAssistant/.build/xcode-release-reviewfix/Build/Products/Release/DSPCore.swiftmodule/arm64-apple-macos.swiftmodule /Users/marcboyer/LogicAudioAssistant/.build/xcode-release-reviewfix/Build/Products/Release/SharedIPC.swiftmodule/arm64-apple-macos.swiftmodule /Applications/Xcode.app/Contents/Developer/Toolchains/XcodeDefault.xctoolchain/usr/lib/swift/macosx/prebuilt-modules/26.5/UniformTypeIdentifiers.swiftmodule/arm64e-apple-macos.swiftmodule /Applications/Xcode.app/Contents/Developer/Toolchains/XcodeDefault.xctoolchain/usr/lib/swift/macosx/prebuilt-modules/26.5/LocalAuthentication.swiftmodule/arm64e-apple-macos.swiftmodule /Applications/Xcode.app/Contents/Developer/Toolchains/XcodeDefault.xctoolchain/usr/lib/swift/macosx/prebuilt-modules/26.5/CoreText.swiftmodule/arm64e-apple-macos.swiftmodule /Applications/Xcode.app/Contents/Developer/Toolchains/XcodeDefault.xctoolchain/usr/lib/swift/macosx/prebuilt-modules/26.5/XPC.swiftmodule/arm64e-apple-macos.swiftmodule /Applications/Xcode.app/Contents/Developer/Toolchains/XcodeDefault.xctoolchain/usr/lib/swift/macosx/prebuilt-modules/26.5/Foundation.swiftmodule/arm64e-apple-macos.swiftmodule /Applications/Xcode.app/Contents/Developer/Toolchains/XcodeDefault.xctoolchain/usr/lib/swift/macosx/prebuilt-modules/26.5/CryptoKit.swiftmodule/arm64e-apple-macos.swiftmodule /Applications/Xcode.app/Contents/Developer/Toolchains/XcodeDefault.xctoolchain/usr/lib/swift/macosx/prebuilt-modules/26.5/Synchronization.swiftmodule/arm64e-apple-macos.swiftmodule /Users/marcboyer/LogicAudioAssistant/.build/xcode-release-reviewfix/Build/Products/Release/PlanSchema.swiftmodule/arm64-apple-macos.swiftmodule /Applications/Xcode.app/Contents/Developer/Toolchains/XcodeDefault.xctoolchain/usr/lib/swift/macosx/prebuilt-modules/26.5/_Builtin_float.swiftmodule/arm64e-apple-macos.swiftmodule /Applications/Xcode.app/Contents/Developer/Toolchains/XcodeDefault.xctoolchain/usr/lib/swift/macosx/prebuilt-modules/26.5/QuartzCore.swiftmodule/arm64e-apple-macos.swiftmodule /Applications/Xcode.app/Contents/Developer/Toolchains/XcodeDefault.xctoolchain/usr/lib/swift/macosx/prebuilt-modules/26.5/AVFoundation.swiftmodule/arm64e-apple-macos.swiftmodule /Applications/Xcode.app/Contents/Developer/Toolchains/XcodeDefault.xctoolchain/usr/lib/swift/macosx/prebuilt-modules/26.5/CoreMIDI.swiftmodule/arm64e-apple-macos.swiftmodule /Applications/Xcode.app/Contents/Developer/Toolchains/XcodeDefault.xctoolchain/usr/lib/swift/macosx/prebuilt-modules/26.5/DeveloperToolsSupport.swiftmodule/arm64e-apple-macos.swiftmodule /Applications/Xcode.app/Contents/Developer/Toolchains/XcodeDefault.xctoolchain/usr/lib/swift/macosx/prebuilt-modules/26.5/SwiftUI.swiftmodule/arm64e-apple-macos.swiftmodule /Applications/Xcode.app/Contents/Developer/Toolchains/XcodeDefault.xctoolchain/usr/lib/swift/macosx/prebuilt-modules/26.5/System.swiftmodule/arm64e-apple-macos.swiftmodule /Applications/Xcode.app/Contents/Developer/Toolchains/XcodeDefault.xctoolchain/usr/lib/swift/macosx/prebuilt-modules/26.5/CoreMedia.swiftmodule/arm64e-apple-macos.swiftmodule /Applications/Xcode.app/Contents/Developer/Toolchains/XcodeDefault.xctoolchain/usr/lib/swift/macosx/prebuilt-modules/26.5/Accessibility.swiftmodule/arm64e-apple-macos.swiftmodule /Applications/Xcode.app/Contents/Developer/Toolchains/XcodeDefault.xctoolchain/usr/lib/swift/macosx/prebuilt-modules/26.5/Darwin.swiftmodule/arm64e-apple-macos.swiftmodule /Applications/Xcode.app/Contents/Developer/Toolchains/XcodeDefault.xctoolchain/usr/lib/swift/macosx/prebuilt-modules/26.5/Dispatch.swiftmodule/arm64e-apple-macos.swiftmodule /Applications/Xcode.app/Contents/Developer/Toolchains/XcodeDefault.xctoolchain/usr/lib/swift/macosx/prebuilt-modules/26.5/DataDetection.swiftmodule/arm64e-apple-macos.swiftmodule /Applications/Xcode.app/Contents/Developer/Toolchains/XcodeDefault.xctoolchain/usr/lib/swift/macosx/prebuilt-modules/26.5/Symbols.swiftmodule/arm64e-apple-macos.swiftmodule /Applications/Xcode.app/Contents/Developer/Toolchains/XcodeDefault.xctoolchain/usr/lib/swift/macosx/prebuilt-modules/26.5/Metal.swiftmodule/arm64e-apple-macos.swiftmodule /Applications/Xcode.app/Contents/Developer/Toolchains/XcodeDefault.xctoolchain/usr/lib/swift/macosx/prebuilt-modules/26.5/CoreImage.swiftmodule/arm64e-apple-macos.swiftmodule /Applications/Xcode.app/Contents/Developer/Toolchains/XcodeDefault.xctoolchain/usr/lib/swift/macosx/prebuilt-modules/26.5/_DarwinFoundation3.swiftmodule/arm64e-apple-macos.swiftmodule /Applications/Xcode.app/Contents/Developer/Toolchains/XcodeDefault.xctoolchain/usr/lib/swift/macosx/prebuilt-modules/26.5/Spatial.swiftmodule/arm64e-apple-macos.swiftmodule /Applications/Xcode.app/Contents/Developer/Toolchains/XcodeDefault.xctoolchain/usr/lib/swift/macosx/prebuilt-modules/26.5/ObjectiveC.swiftmodule/arm64e-apple-macos.swiftmodule /Applications/Xcode.app/Contents/Developer/Toolchains/XcodeDefault.xctoolchain/usr/lib/swift/macosx/prebuilt-modules/26.5/_DarwinFoundation1.swiftmodule/arm64e-apple-macos.swiftmodule /Applications/Xcode.app/Contents/Developer/Toolchains/XcodeDefault.xctoolchain/usr/lib/swift/macosx/prebuilt-modules/26.5/CoreData.swiftmodule/arm64e-apple-macos.swiftmodule /Applications/Xcode.app/Contents/Developer/Toolchains/XcodeDefault.xctoolchain/usr/lib/swift/macosx/prebuilt-modules/26.5/Combine.swiftmodule/arm64e-apple-macos.swiftmodule /Applications/Xcode.app/Contents/Developer/Toolchains/XcodeDefault.xctoolchain/usr/lib/swift/macosx/prebuilt-modules/26.5/Observation.swiftmodule/arm64e-apple-macos.swiftmodule /Applications/Xcode.app/Contents/Developer/Toolchains/XcodeDefault.xctoolchain/usr/lib/swift/macosx/prebuilt-modules/26.5/Swift.swiftmodule/arm64e-apple-macos.swiftmodule /Applications/Xcode.app/Contents/Developer/Toolchains/XcodeDefault.xctoolchain/usr/lib/swift/macosx/prebuilt-modules/26.5/OSLog.swiftmodule/arm64e-apple-macos.swiftmodule /Applications/Xcode.app/Contents/Developer/Toolchains/XcodeDefault.xctoolchain/usr/lib/swift/macosx/prebuilt-modules/26.5/AVFAudio.swiftmodule/arm64e-apple-macos.swiftmodule /Applications/Xcode.app/Contents/Developer/Toolchains/XcodeDefault.xctoolchain/usr/lib/swift/macosx/prebuilt-modules/26.5/CoreGraphics.swiftmodule/arm64e-apple-macos.swiftmodule /Applications/Xcode.app/Contents/Developer/Toolchains/XcodeDefault.xctoolchain/usr/lib/swift/macosx/prebuilt-modules/26.5/_DarwinFoundation2.swiftmodule/arm64e-apple-macos.swiftmodule /Applications/Xcode.app/Contents/Developer/Toolchains/XcodeDefault.xctoolchain/usr/lib/swift/macosx/prebuilt-modules/26.5/os.swiftmodule/arm64e-apple-macos.swiftmodule /Users/marcboyer/LogicAudioAssistant/.build/xcode-release-reviewfix/Build/Products/Release/AudioAnalysis.swiftmodule/arm64-apple-macos.swiftmodule /Users/marcboyer/LogicAudioAssistant/.build/xcode-release-reviewfix/ModuleCache.noindex/sys_types-6PUXMA6UOLKN5ETJV1ERTCSTY.pcm /Users/marcboyer/LogicAudioAssistant/.build/xcode-release-reviewfix/ModuleCache.noindex/_Builtin_inttypes-9BQ359F8TC1OPEQXGN270QH8W.pcm /Users/marcboyer/LogicAudioAssistant/.build/xcode-release-reviewfix/ModuleCache.noindex/AVFAudio-3Q3KJRCKLPTLARAOJBQVLXKQD.pcm /Users/marcboyer/LogicAudioAssistant/.build/xcode-release-reviewfix/ModuleCache.noindex/ImageIO-7LRTPZ5J3ZBPIWVNXAWH45UGC.pcm /Users/marcboyer/LogicAudioAssistant/.build/xcode-release-reviewfix/ModuleCache.noindex/os_workgroup-ZVRAFV9KUO5LJPHBV3XRK1I0.pcm /Users/marcboyer/LogicAudioAssistant/.build/xcode-release-reviewfix/ModuleCache.noindex/OpenGL-EFDVZGMQ0134WW9MVFUM2QE25.pcm /Users/marcboyer/LogicAudioAssistant/.build/xcode-release-reviewfix/ModuleCache.noindex/QuartzCore-6C1PIYGOU1TN7POCXJCI7F2G1.pcm /Users/marcboyer/LogicAudioAssistant/.build/xcode-release-reviewfix/ModuleCache.noindex/CoreText-73XVK5E950UHQXVS6SOU90GJ8.pcm /Users/marcboyer/LogicAudioAssistant/.build/xcode-release-reviewfix/ModuleCache.noindex/_Builtin_limits-5EKVPL4BOP0FAAU34L80NL7PK.pcm /Users/marcboyer/LogicAudioAssistant/.build/xcode-release-reviewfix/ModuleCache.noindex/CoreServices-DTYA27M293407FHBZTE5TLTT9.pcm /Users/marcboyer/LogicAudioAssistant/.build/xcode-release-reviewfix/ModuleCache.noindex/MediaToolbox-CVGQI2ET367YEJ3WLXYEVA5AR.pcm /Users/marcboyer/LogicAudioAssistant/.build/xcode-release-reviewfix/ModuleCache.noindex/Cocoa-17IBFTZF68XVI7H6JNVAIF7HG.pcm /Users/marcboyer/LogicAudioAssistant/.build/xcode-release-reviewfix/ModuleCache.noindex/IOKit-CCWFGQSZUKBVYAE6ME25RFJIH.pcm /Users/marcboyer/LogicAudioAssistant/.build/xcode-release-reviewfix/ModuleCache.noindex/CoreGraphics-EG1F0RQS6QQBBDT6O4BGGQJVQ.pcm /Users/marcboyer/LogicAudioAssistant/.build/xcode-release-reviewfix/ModuleCache.noindex/SwiftUI-D959OGP60T8AVZO98Y9ZV37QJ.pcm /Users/marcboyer/LogicAudioAssistant/.build/xcode-release-reviewfix/ModuleCache.noindex/_Builtin_stddef-5OD3D3YTU3UNBGGRLLJNKUEEW.pcm /Users/marcboyer/LogicAudioAssistant/.build/xcode-release-reviewfix/ModuleCache.noindex/AudioToolbox-88RIDKHIZB0KGJ35J8VGKRDK3.pcm /Users/marcboyer/LogicAudioAssistant/.build/xcode-release-reviewfix/ModuleCache.noindex/Foundation-HM4E5P866V68UMRIF1JNT8ZE.pcm /Users/marcboyer/LogicAudioAssistant/.build/xcode-release-reviewfix/ModuleCache.noindex/simd-BX0WD5529PAFJ9FXI146QNJGJ.pcm /Users/marcboyer/LogicAudioAssistant/.build/xcode-release-reviewfix/ModuleCache.noindex/Accessibility-68BXF9AWAAE9S6MPZWERBMPV1.pcm /Users/marcboyer/LogicAudioAssistant/.build/xcode-release-reviewfix/ModuleCache.noindex/CUPS-DSSJG55G957UIMF70FV1JI5G3.pcm /Users/marcboyer/LogicAudioAssistant/.build/xcode-release-reviewfix/ModuleCache.noindex/ptrcheck-4PFYGY4E589VBPL6AENMC9UB7.pcm /Users/marcboyer/LogicAudioAssistant/.build/xcode-release-reviewfix/ModuleCache.noindex/DataDetection-68XJ68GYUV60P17DQEWQBS0KI.pcm /Users/marcboyer/LogicAudioAssistant/.build/xcode-release-reviewfix/ModuleCache.noindex/launch-ABRPD2FXC6BF28JXIVV4NT4PT.pcm /Users/marcboyer/LogicAudioAssistant/.build/xcode-release-reviewfix/ModuleCache.noindex/os_object-DRBKAEQJKBH419OBFID4FTMQ1.pcm /Users/marcboyer/LogicAudioAssistant/.build/xcode-release-reviewfix/ModuleCache.noindex/_Builtin_stdatomic-A7DNQL0EAPDTLVS1DCPP7LAVW.pcm /Users/marcboyer/LogicAudioAssistant/.build/xcode-release-reviewfix/ModuleCache.noindex/_DarwinFoundation1-287MKU81U3H1ZNCCLE8IBNN5M.pcm /Users/marcboyer/LogicAudioAssistant/.build/xcode-release-reviewfix/ModuleCache.noindex/CoreVideo-A2MJOLG1HOWHYY8A0CF3ECMZG.pcm /Users/marcboyer/LogicAudioAssistant/.build/xcode-release-reviewfix/ModuleCache.noindex/CoreImage-X2SWWMK9YE538H2CI39PJ7K5.pcm /Users/marcboyer/LogicAudioAssistant/.build/xcode-release-reviewfix/ModuleCache.noindex/_DarwinFoundation2-77WRYRHUXM64LS58OE0PDE38U.pcm /Users/marcboyer/LogicAudioAssistant/.build/xcode-release-reviewfix/ModuleCache.noindex/CoreMedia-EMRGUKZWZ58XEY4QRQ8ONUKAO.pcm /Users/marcboyer/LogicAudioAssistant/.build/xcode-release-reviewfix/ModuleCache.noindex/os-4A3U704HUHGRMVCWKT1H1MV31.pcm /Users/marcboyer/LogicAudioAssistant/.build/xcode-release-reviewfix/ModuleCache.noindex/_Builtin_stdint-EE2YSDSHQNGNQ3P9KMCX4CEH0.pcm /Users/marcboyer/LogicAudioAssistant/.build/xcode-release-reviewfix/ModuleCache.noindex/ApplicationServices-7QKLM6U813PD5ISK1SIA97P8K.pcm /Users/marcboyer/LogicAudioAssistant/.build/xcode-release-reviewfix/ModuleCache.noindex/CoreAudioKit-A8MG9GM8NEOKV7ILV9EXD320L.pcm /Users/marcboyer/LogicAudioAssistant/.build/xcode-release-reviewfix/ModuleCache.noindex/ColorSync-AT866NQAS67PIH7EUNDAHXYKN.pcm /Users/marcboyer/LogicAudioAssistant/.build/xcode-release-reviewfix/ModuleCache.noindex/CoreAudio-2UCBFFGNISR3B09OGBK34500C.pcm /Users/marcboyer/LogicAudioAssistant/.build/xcode-release-reviewfix/ModuleCache.noindex/_AvailabilityInternal-CBV5ZL11HKOM1HYW98QEMUU4G.pcm /Users/marcboyer/LogicAudioAssistant/.build/xcode-release-reviewfix/ModuleCache.noindex/Dispatch-6SEUGAQRLXJGXNJZ985E2EI9Q.pcm /Users/marcboyer/LogicAudioAssistant/.build/xcode-release-reviewfix/ModuleCache.noindex/ptrauth-19CR2FEJM2JTP7QS720RPTYX9.pcm /Users/marcboyer/LogicAudioAssistant/.build/xcode-release-reviewfix/ModuleCache.noindex/Carbon-2LV5GQOK8EEX76PUPXWL5MICF.pcm /Users/marcboyer/LogicAudioAssistant/.build/xcode-release-reviewfix/Build/Intermediates.noindex/SwiftExplicitPrecompiledModules/CAtomics-7S10850K7VH8TVHZ5N7XPEVAI.pcm /Users/marcboyer/LogicAudioAssistant/.build/xcode-release-reviewfix/ModuleCache.noindex/_Builtin_stdbool-C1S7IB39DPVEG1CWOIB75FBGU.pcm /Users/marcboyer/LogicAudioAssistant/.build/xcode-release-reviewfix/ModuleCache.noindex/OSLog-EJEPMGV0HKHDFXYUWKJTQ5JF7.pcm /Users/marcboyer/LogicAudioAssistant/.build/xcode-release-reviewfix/ModuleCache.noindex/CFNetwork-2HQ6BSLAIL1IG2HDIZXGJ4W9A.pcm /Users/marcboyer/LogicAudioAssistant/.build/xcode-release-reviewfix/ModuleCache.noindex/SwiftShims-C0IJ0X5HRFB1I4N1BOSUBORMA.pcm /Users/marcboyer/LogicAudioAssistant/.build/xcode-release-reviewfix/ModuleCache.noindex/UniformTypeIdentifiers-4QQXDSMKY5VQ8J6CEKSX0BQL2.pcm /Users/marcboyer/LogicAudioAssistant/.build/xcode-release-reviewfix/ModuleCache.noindex/Spatial-7IGQCIT9XOBWIWM03U6IFQ8A3.pcm /Users/marcboyer/LogicAudioAssistant/.build/xcode-release-reviewfix/ModuleCache.noindex/_Builtin_stdarg-D1HFZFJF2GQY9FB8CP657BF39.pcm /Users/marcboyer/LogicAudioAssistant/.build/xcode-release-reviewfix/ModuleCache.noindex/_DarwinFoundation3-ASI353URXVWQ5LKNATJQWOJ5W.pcm /Users/marcboyer/LogicAudioAssistant/.build/xcode-release-reviewfix/ModuleCache.noindex/MachO-E04F0R17Q4OJAMH0BTE6N91WP.pcm /Users/marcboyer/LogicAudioAssistant/.build/xcode-release-reviewfix/ModuleCache.noindex/CoreData-2ZZRUNNE2SLI2B9AFJ3E94BXV.pcm /Users/marcboyer/LogicAudioAssistant/.build/xcode-release-reviewfix/ModuleCache.noindex/AudioUnit-9RR346E6KJ2UGICG0ESOLOHHE.pcm /Users/marcboyer/LogicAudioAssistant/.build/xcode-release-reviewfix/ModuleCache.noindex/libkern-9SGCVMERGQA5U1AMC4330XORO.pcm /Users/marcboyer/LogicAudioAssistant/.build/xcode-release-reviewfix/ModuleCache.noindex/Symbols-AXYV0Q4Y2W4GH3VPCO51WWT1I.pcm /Users/marcboyer/LogicAudioAssistant/.build/xcode-release-reviewfix/ModuleCache.noindex/XPC-59RB81R345UICMG3F9SQSU4OB.pcm /Users/marcboyer/LogicAudioAssistant/.build/xcode-release-reviewfix/ModuleCache.noindex/Security-DAYM22UEIQUOUY9ORSESZBL8C.pcm /Users/marcboyer/LogicAudioAssistant/.build/xcode-release-reviewfix/ModuleCache.noindex/Metal-B5UQ8V740539MCR93LBH9GQG4.pcm /Users/marcboyer/LogicAudioAssistant/.build/xcode-release-reviewfix/ModuleCache.noindex/AppKit-3OJ2PE7DPDLZ4UV6P4BV5YW43.pcm /Users/marcboyer/LogicAudioAssistant/.build/xcode-release-reviewfix/ModuleCache.noindex/DiskArbitration-DVSK2B2HP6XCSLIH3YAR7X640.pcm /Users/marcboyer/LogicAudioAssistant/.build/xcode-release-reviewfix/ModuleCache.noindex/_SwiftConcurrencyShims-8JQYIREVMECM38UYTPO8ULJXQ.pcm /Users/marcboyer/LogicAudioAssistant/.build/xcode-release-reviewfix/ModuleCache.noindex/_Builtin_intrinsics-AWJ4RN30N2C49DCHSW4ZXCEMF.pcm /Users/marcboyer/LogicAudioAssistant/.build/xcode-release-reviewfix/ModuleCache.noindex/_Builtin_tgmath-8X7AF7HJ9NIS92LPYHS4N7NDS.pcm /Users/marcboyer/LogicAudioAssistant/.build/xcode-release-reviewfix/ModuleCache.noindex/_Builtin_float-AA3UOUBBJYDO1H09YCTHE4P3L.pcm /Users/marcboyer/LogicAudioAssistant/.build/xcode-release-reviewfix/ModuleCache.noindex/Darwin-EA2DU21MXW3VPXSH1LN26O7W2.pcm /Users/marcboyer/LogicAudioAssistant/.build/xcode-release-reviewfix/ModuleCache.noindex/SwiftUICore-DZOUB1I5W8LE9BE4Y083KENO1.pcm /Users/marcboyer/LogicAudioAssistant/.build/xcode-release-reviewfix/ModuleCache.noindex/CoreAudioTypes-BTFQD5MXSYW1T8SYAL4PZ3XPF.pcm /Users/marcboyer/LogicAudioAssistant/.build/xcode-release-reviewfix/ModuleCache.noindex/IOSurface-654F2RUJQAXDID8Z9ELOKJKV2.pcm /Users/marcboyer/LogicAudioAssistant/.build/xcode-release-reviewfix/ModuleCache.noindex/AVFoundation-2FHCDERSGAD962AZ9ALP80135.pcm /Users/marcboyer/LogicAudioAssistant/.build/xcode-release-reviewfix/ModuleCache.noindex/CoreAudioKitPrivate-69NC94V32TADFWAD3157KG3O3.pcm /Users/marcboyer/LogicAudioAssistant/.build/xcode-release-reviewfix/ModuleCache.noindex/CoreMIDI-BJ4WXYJAYGLMO0NPOZAZ62HE.pcm /Users/marcboyer/LogicAudioAssistant/.build/xcode-release-reviewfix/ModuleCache.noindex/DeveloperToolsSupport-DXSGRPRUNDF1G64VWRMDV7ELD.pcm /Users/marcboyer/LogicAudioAssistant/.build/xcode-release-reviewfix/ModuleCache.noindex/CoreTransferable-4M017A6K21R7886NR48EMC6Q4.pcm /Users/marcboyer/LogicAudioAssistant/.build/xcode-release-reviewfix/ModuleCache.noindex/libDER-3ZAMYL6RSVJ0WKPRVAWV5VH06.pcm /Users/marcboyer/LogicAudioAssistant/.build/xcode-release-reviewfix/ModuleCache.noindex/ObjectiveC-3WQF6T3CEZ23QYX6GHZDIF6PW.pcm /Users/marcboyer/LogicAudioAssistant/.build/xcode-release-reviewfix/ModuleCache.noindex/LocalAuthentication-4PFQAJL0KI3OYO8M2C3CVRSJ1.pcm /Users/marcboyer/LogicAudioAssistant/.build/xcode-release-reviewfix/ModuleCache.noindex/CoreFoundation-97X6SX8B57CSUKIPLHZ4XD6NC.pcm /Users/marcboyer/LogicAudioAssistant/.build/xcode-release-reviewfix/Build/Intermediates.noindex/LogicAudioAssistant.build/Release/AssistantAudioUnitExtension.build/Objects-normal/arm64/Logic_Audio_Assistant_AU-dependencies-1.json (in target 'AssistantAudioUnitExtension' from project 'LogicAudioAssistant' at path '/Users/marcboyer/LogicAudioAssistant/LogicAudioAssistant.xcodeproj')

CompileSwift normal arm64 (in target 'AssistantAudioUnitExtension' from project 'LogicAudioAssistant' at path '/Users/marcboyer/LogicAudioAssistant/LogicAudioAssistant.xcodeproj')
    cd /Users/marcboyer/LogicAudioAssistant
    

SwiftDriverJobDiscovery normal arm64 Compiling AssistantAudioUnit.swift, AudioUnitViewController.swift, PluginSessionBridge.swift, RealtimeRenderKernel.swift (in target 'AssistantAudioUnitExtension' from project 'LogicAudioAssistant' at path '/Users/marcboyer/LogicAudioAssistant/LogicAudioAssistant.xcodeproj')

SwiftDriver\ Compilation\ Requirements AssistantAudioUnitExtension normal arm64 com.apple.xcode.tools.swift.compiler (in target 'AssistantAudioUnitExtension' from project 'LogicAudioAssistant' at path '/Users/marcboyer/LogicAudioAssistant/LogicAudioAssistant.xcodeproj')
    cd /Users/marcboyer/LogicAudioAssistant
    builtin-Swift-Compilation-Requirements -- /Applications/Xcode.app/Contents/Developer/Toolchains/XcodeDefault.xctoolchain/usr/bin/swiftc -module-name Logic_Audio_Assistant_AU -O -whole-module-optimization @/Users/marcboyer/LogicAudioAssistant/.build/xcode-release-reviewfix/Build/Intermediates.noindex/LogicAudioAssistant.build/Release/AssistantAudioUnitExtension.build/Objects-normal/arm64/Logic\ Audio\ Assistant\ AU.SwiftFileList -Xcc -fmodule-map-file\=/Users/marcboyer/LogicAudioAssistant/.build/xcode-release-reviewfix/Build/Intermediates.noindex/GeneratedModuleMaps/CAtomics.modulemap -enable-experimental-feature DebugDescriptionMacro -sdk /Applications/Xcode.app/Contents/Developer/Platforms/MacOSX.platform/Developer/SDKs/MacOSX26.5.sdk -target arm64-apple-macos14.0 -g -module-cache-path /Users/marcboyer/LogicAudioAssistant/.build/xcode-release-reviewfix/ModuleCache.noindex -Xfrontend -serialize-debugging-options -application-extension -swift-version 6 -I /Users/marcboyer/LogicAudioAssistant/.build/xcode-release-reviewfix/Build/Products/Release -F /Users/marcboyer/LogicAudioAssistant/.build/xcode-release-reviewfix/Build/Products/Release/PackageFrameworks -F /Users/marcboyer/LogicAudioAssistant/.build/xcode-release-reviewfix/Build/Products/Release/PackageFrameworks -F /Users/marcboyer/LogicAudioAssistant/.build/xcode-release-reviewfix/Build/Products/Release/PackageFrameworks -F /Users/marcboyer/LogicAudioAssistant/.build/xcode-release-reviewfix/Build/Products/Release/PackageFrameworks -F /Users/marcboyer/LogicAudioAssistant/.build/xcode-release-reviewfix/Build/Products/Release/PackageFrameworks -F /Users/marcboyer/LogicAudioAssistant/.build/xcode-release-reviewfix/Build/Products/Release -c -num-threads 10 -Xcc -ivfsstatcache -Xcc /Users/marcboyer/LogicAudioAssistant/.build/xcode-release-reviewfix/SDKStatCaches.noindex/macosx26.5-25F70-e082c4a02f00227109f4ed75e425c832.sdkstatcache -output-file-map /Users/marcboyer/LogicAudioAssistant/.build/xcode-release-reviewfix/Build/Intermediates.noindex/LogicAudioAssistant.build/Release/AssistantAudioUnitExtension.build/Objects-normal/arm64/AssistantAudioUnitExtension-OutputFileMap.json -use-frontend-parseable-output -save-temps -no-color-diagnostics -explicit-module-build -module-cache-path /Users/marcboyer/LogicAudioAssistant/.build/xcode-release-reviewfix/Build/Intermediates.noindex/SwiftExplicitPrecompiledModules -clang-scanner-module-cache-path /Users/marcboyer/LogicAudioAssistant/.build/xcode-release-reviewfix/ModuleCache.noindex -sdk-module-cache-path /Users/marcboyer/LogicAudioAssistant/.build/xcode-release-reviewfix/ModuleCache.noindex -serialize-diagnostics -emit-dependencies -emit-module -emit-module-path /Users/marcboyer/LogicAudioAssistant/.build/xcode-release-reviewfix/Build/Intermediates.noindex/LogicAudioAssistant.build/Release/AssistantAudioUnitExtension.build/Objects-normal/arm64/Logic_Audio_Assistant_AU.swiftmodule -validate-clang-modules-once -clang-build-session-file /Users/marcboyer/LogicAudioAssistant/.build/xcode-release-reviewfix/ModuleCache.noindex/Session.modulevalidation -Xcc -I/Users/marcboyer/LogicAudioAssistant/.build/xcode-release-reviewfix/Build/Intermediates.noindex/LogicAudioAssistant.build/Release/AssistantAudioUnitExtension.build/swift-overrides.hmap -emit-const-values -Xfrontend -const-gather-protocols-file -Xfrontend /Users/marcboyer/LogicAudioAssistant/.build/xcode-release-reviewfix/Build/Intermediates.noindex/LogicAudioAssistant.build/Release/AssistantAudioUnitExtension.build/Objects-normal/arm64/AssistantAudioUnitExtension_const_extract_protocols.json -Xcc -iquote -Xcc /Users/marcboyer/LogicAudioAssistant/.build/xcode-release-reviewfix/Build/Intermediates.noindex/LogicAudioAssistant.build/Release/AssistantAudioUnitExtension.build/Logic\ Audio\ Assistant\ AU-generated-files.hmap -Xcc -I/Users/marcboyer/LogicAudioAssistant/.build/xcode-release-reviewfix/Build/Intermediates.noindex/LogicAudioAssistant.build/Release/AssistantAudioUnitExtension.build/Logic\ Audio\ Assistant\ AU-own-target-headers.hmap -Xcc -I/Users/marcboyer/LogicAudioAssistant/.build/xcode-release-reviewfix/Build/Intermediates.noindex/LogicAudioAssistant.build/Release/AssistantAudioUnitExtension.build/Logic\ Audio\ Assistant\ AU-all-non-framework-target-headers.hmap -Xcc -ivfsoverlay -Xcc /Users/marcboyer/LogicAudioAssistant/.build/xcode-release-reviewfix/Build/Intermediates.noindex/LogicAudioAssistant.build/Release/LogicAudioAssistant-ad80f5d6a5c2eb78a281f1b37698cd26-VFS/all-product-headers.yaml -Xcc -iquote -Xcc /Users/marcboyer/LogicAudioAssistant/.build/xcode-release-reviewfix/Build/Intermediates.noindex/LogicAudioAssistant.build/Release/AssistantAudioUnitExtension.build/Logic\ Audio\ Assistant\ AU-project-headers.hmap -Xcc -I/Users/marcboyer/LogicAudioAssistant/packages/CAtomics/include -Xcc -I/Users/marcboyer/LogicAudioAssistant/.build/xcode-release-reviewfix/Build/Products/Release/include -Xcc -I/Users/marcboyer/LogicAudioAssistant/.build/xcode-release-reviewfix/Build/Intermediates.noindex/LogicAudioAssistant.build/Release/AssistantAudioUnitExtension.build/DerivedSources-normal/arm64 -Xcc -I/Users/marcboyer/LogicAudioAssistant/.build/xcode-release-reviewfix/Build/Intermediates.noindex/LogicAudioAssistant.build/Release/AssistantAudioUnitExtension.build/DerivedSources/arm64 -Xcc -I/Users/marcboyer/LogicAudioAssistant/.build/xcode-release-reviewfix/Build/Intermediates.noindex/LogicAudioAssistant.build/Release/AssistantAudioUnitExtension.build/DerivedSources -emit-objc-header -emit-objc-header-path /Users/marcboyer/LogicAudioAssistant/.build/xcode-release-reviewfix/Build/Intermediates.noindex/LogicAudioAssistant.build/Release/AssistantAudioUnitExtension.build/Objects-normal/arm64/Logic_Audio_Assistant_AU-Swift.h -working-directory /Users/marcboyer/LogicAudioAssistant -no-emit-module-separately-wmo

SwiftMergeGeneratedHeaders /Users/marcboyer/LogicAudioAssistant/.build/xcode-release-reviewfix/Build/Intermediates.noindex/LogicAudioAssistant.build/Release/AssistantAudioUnitExtension.build/DerivedSources/Logic_Audio_Assistant_AU-Swift.h /Users/marcboyer/LogicAudioAssistant/.build/xcode-release-reviewfix/Build/Intermediates.noindex/LogicAudioAssistant.build/Release/AssistantAudioUnitExtension.build/Objects-normal/arm64/Logic_Audio_Assistant_AU-Swift.h (in target 'AssistantAudioUnitExtension' from project 'LogicAudioAssistant' at path '/Users/marcboyer/LogicAudioAssistant/LogicAudioAssistant.xcodeproj')
    cd /Users/marcboyer/LogicAudioAssistant
    builtin-swiftHeaderTool -arch arm64 /Users/marcboyer/LogicAudioAssistant/.build/xcode-release-reviewfix/Build/Intermediates.noindex/LogicAudioAssistant.build/Release/AssistantAudioUnitExtension.build/Objects-normal/arm64/Logic_Audio_Assistant_AU-Swift.h -o /Users/marcboyer/LogicAudioAssistant/.build/xcode-release-reviewfix/Build/Intermediates.noindex/LogicAudioAssistant.build/Release/AssistantAudioUnitExtension.build/DerivedSources/Logic_Audio_Assistant_AU-Swift.h

Copy /Users/marcboyer/LogicAudioAssistant/.build/xcode-release-reviewfix/Build/Products/Release/Logic_Audio_Assistant_AU.swiftmodule/arm64-apple-macos.swiftdoc /Users/marcboyer/LogicAudioAssistant/.build/xcode-release-reviewfix/Build/Intermediates.noindex/LogicAudioAssistant.build/Release/AssistantAudioUnitExtension.build/Objects-normal/arm64/Logic_Audio_Assistant_AU.swiftdoc (in target 'AssistantAudioUnitExtension' from project 'LogicAudioAssistant' at path '/Users/marcboyer/LogicAudioAssistant/LogicAudioAssistant.xcodeproj')
    cd /Users/marcboyer/LogicAudioAssistant
    builtin-copy -exclude .DS_Store -exclude CVS -exclude .svn -exclude .git -exclude .hg -resolve-src-symlinks -rename /Users/marcboyer/LogicAudioAssistant/.build/xcode-release-reviewfix/Build/Intermediates.noindex/LogicAudioAssistant.build/Release/AssistantAudioUnitExtension.build/Objects-normal/arm64/Logic_Audio_Assistant_AU.swiftdoc /Users/marcboyer/LogicAudioAssistant/.build/xcode-release-reviewfix/Build/Products/Release/Logic_Audio_Assistant_AU.swiftmodule/arm64-apple-macos.swiftdoc

Copy /Users/marcboyer/LogicAudioAssistant/.build/xcode-release-reviewfix/Build/Products/Release/Logic_Audio_Assistant_AU.swiftmodule/arm64-apple-macos.abi.json /Users/marcboyer/LogicAudioAssistant/.build/xcode-release-reviewfix/Build/Intermediates.noindex/LogicAudioAssistant.build/Release/AssistantAudioUnitExtension.build/Objects-normal/arm64/Logic_Audio_Assistant_AU.abi.json (in target 'AssistantAudioUnitExtension' from project 'LogicAudioAssistant' at path '/Users/marcboyer/LogicAudioAssistant/LogicAudioAssistant.xcodeproj')
    cd /Users/marcboyer/LogicAudioAssistant
    builtin-copy -exclude .DS_Store -exclude CVS -exclude .svn -exclude .git -exclude .hg -resolve-src-symlinks -rename /Users/marcboyer/LogicAudioAssistant/.build/xcode-release-reviewfix/Build/Intermediates.noindex/LogicAudioAssistant.build/Release/AssistantAudioUnitExtension.build/Objects-normal/arm64/Logic_Audio_Assistant_AU.abi.json /Users/marcboyer/LogicAudioAssistant/.build/xcode-release-reviewfix/Build/Products/Release/Logic_Audio_Assistant_AU.swiftmodule/arm64-apple-macos.abi.json

Copy /Users/marcboyer/LogicAudioAssistant/.build/xcode-release-reviewfix/Build/Products/Release/Logic_Audio_Assistant_AU.swiftmodule/arm64-apple-macos.swiftmodule /Users/marcboyer/LogicAudioAssistant/.build/xcode-release-reviewfix/Build/Intermediates.noindex/LogicAudioAssistant.build/Release/AssistantAudioUnitExtension.build/Objects-normal/arm64/Logic_Audio_Assistant_AU.swiftmodule (in target 'AssistantAudioUnitExtension' from project 'LogicAudioAssistant' at path '/Users/marcboyer/LogicAudioAssistant/LogicAudioAssistant.xcodeproj')
    cd /Users/marcboyer/LogicAudioAssistant
    builtin-copy -exclude .DS_Store -exclude CVS -exclude .svn -exclude .git -exclude .hg -resolve-src-symlinks -rename /Users/marcboyer/LogicAudioAssistant/.build/xcode-release-reviewfix/Build/Intermediates.noindex/LogicAudioAssistant.build/Release/AssistantAudioUnitExtension.build/Objects-normal/arm64/Logic_Audio_Assistant_AU.swiftmodule /Users/marcboyer/LogicAudioAssistant/.build/xcode-release-reviewfix/Build/Products/Release/Logic_Audio_Assistant_AU.swiftmodule/arm64-apple-macos.swiftmodule

Copy /Users/marcboyer/LogicAudioAssistant/.build/xcode-release-reviewfix/Build/Products/Release/Logic_Audio_Assistant_AU.swiftmodule/Project/arm64-apple-macos.swiftsourceinfo /Users/marcboyer/LogicAudioAssistant/.build/xcode-release-reviewfix/Build/Intermediates.noindex/LogicAudioAssistant.build/Release/AssistantAudioUnitExtension.build/Objects-normal/arm64/Logic_Audio_Assistant_AU.swiftsourceinfo (in target 'AssistantAudioUnitExtension' from project 'LogicAudioAssistant' at path '/Users/marcboyer/LogicAudioAssistant/LogicAudioAssistant.xcodeproj')
    cd /Users/marcboyer/LogicAudioAssistant
    builtin-copy -exclude .DS_Store -exclude CVS -exclude .svn -exclude .git -exclude .hg -resolve-src-symlinks -rename /Users/marcboyer/LogicAudioAssistant/.build/xcode-release-reviewfix/Build/Intermediates.noindex/LogicAudioAssistant.build/Release/AssistantAudioUnitExtension.build/Objects-normal/arm64/Logic_Audio_Assistant_AU.swiftsourceinfo /Users/marcboyer/LogicAudioAssistant/.build/xcode-release-reviewfix/Build/Products/Release/Logic_Audio_Assistant_AU.swiftmodule/Project/arm64-apple-macos.swiftsourceinfo

Ld /Users/marcboyer/LogicAudioAssistant/.build/xcode-release-reviewfix/Build/Products/Release/Logic\ Audio\ Assistant\ AU.appex/Contents/MacOS/Logic\ Audio\ Assistant\ AU normal (in target 'AssistantAudioUnitExtension' from project 'LogicAudioAssistant' at path '/Users/marcboyer/LogicAudioAssistant/LogicAudioAssistant.xcodeproj')
    cd /Users/marcboyer/LogicAudioAssistant
    /Applications/Xcode.app/Contents/Developer/Toolchains/XcodeDefault.xctoolchain/usr/bin/clang -Xlinker -reproducible -target arm64-apple-macos14.0 -isysroot /Applications/Xcode.app/Contents/Developer/Platforms/MacOSX.platform/Developer/SDKs/MacOSX26.5.sdk -Os -L/Users/marcboyer/LogicAudioAssistant/.build/xcode-release-reviewfix/Build/Intermediates.noindex/EagerLinkingTBDs/Release -L/Users/marcboyer/LogicAudioAssistant/.build/xcode-release-reviewfix/Build/Products/Release -F/Users/marcboyer/LogicAudioAssistant/.build/xcode-release-reviewfix/Build/Intermediates.noindex/EagerLinkingTBDs/Release -F/Users/marcboyer/LogicAudioAssistant/.build/xcode-release-reviewfix/Build/Products/Release/PackageFrameworks -F/Users/marcboyer/LogicAudioAssistant/.build/xcode-release-reviewfix/Build/Products/Release/PackageFrameworks -F/Users/marcboyer/LogicAudioAssistant/.build/xcode-release-reviewfix/Build/Products/Release/PackageFrameworks -F/Users/marcboyer/LogicAudioAssistant/.build/xcode-release-reviewfix/Build/Products/Release/PackageFrameworks -F/Users/marcboyer/LogicAudioAssistant/.build/xcode-release-reviewfix/Build/Products/Release/PackageFrameworks -F/Users/marcboyer/LogicAudioAssistant/.build/xcode-release-reviewfix/Build/Products/Release -filelist /Users/marcboyer/LogicAudioAssistant/.build/xcode-release-reviewfix/Build/Intermediates.noindex/LogicAudioAssistant.build/Release/AssistantAudioUnitExtension.build/Objects-normal/arm64/Logic\ Audio\ Assistant\ AU.LinkFileList -Xlinker -rpath -Xlinker /usr/lib/swift -Xlinker -rpath -Xlinker @executable_path/../Frameworks -Xlinker -rpath -Xlinker @executable_path/../../../../Frameworks -Xlinker -object_path_lto -Xlinker /Users/marcboyer/LogicAudioAssistant/.build/xcode-release-reviewfix/Build/Intermediates.noindex/LogicAudioAssistant.build/Release/AssistantAudioUnitExtension.build/Objects-normal/arm64/Logic\ Audio\ Assistant\ AU_lto.o -Xlinker -dependency_info -Xlinker /Users/marcboyer/LogicAudioAssistant/.build/xcode-release-reviewfix/Build/Intermediates.noindex/LogicAudioAssistant.build/Release/AssistantAudioUnitExtension.build/Objects-normal/arm64/Logic\ Audio\ Assistant\ AU_dependency_info.dat -e _NSExtensionMain -fapplication-extension -fobjc-link-runtime -L/Applications/Xcode.app/Contents/Developer/Toolchains/XcodeDefault.xctoolchain/usr/lib/swift/macosx -L/usr/lib/swift -Xlinker -add_ast_path -Xlinker /Users/marcboyer/LogicAudioAssistant/.build/xcode-release-reviewfix/Build/Intermediates.noindex/LogicAudioAssistant.build/Release/AssistantAudioUnitExtension.build/Objects-normal/arm64/Logic_Audio_Assistant_AU.swiftmodule @/Users/marcboyer/LogicAudioAssistant/.build/xcode-release-reviewfix/Build/Intermediates.noindex/LogicAudioAssistant.build/Release/AssistantAudioUnitExtension.build/Objects-normal/arm64/Logic_Audio_Assistant_AU-linker-args.resp -Wl,-no_warn_duplicate_libraries -Wl,-no_warn_duplicate_libraries -Wl,-no_warn_duplicate_libraries -Wl,-no_warn_duplicate_libraries -Wl,-no_warn_duplicate_libraries -o /Users/marcboyer/LogicAudioAssistant/.build/xcode-release-reviewfix/Build/Products/Release/Logic\ Audio\ Assistant\ AU.appex/Contents/MacOS/Logic\ Audio\ Assistant\ AU -Xlinker -add_ast_path -Xlinker /Users/marcboyer/LogicAudioAssistant/.build/xcode-release-reviewfix/Build/Intermediates.noindex/LogicAudioAssistant.build/Release/AudioAnalysis.build/Objects-normal/arm64/AudioAnalysis.swiftmodule @/Users/marcboyer/LogicAudioAssistant/.build/xcode-release-reviewfix/Build/Intermediates.noindex/LogicAudioAssistant.build/Release/AudioAnalysis.build/Objects-normal/arm64/AudioAnalysis-linker-args.resp -Xlinker -add_ast_path -Xlinker /Users/marcboyer/LogicAudioAssistant/.build/xcode-release-reviewfix/Build/Intermediates.noindex/LogicAudioAssistant.build/Release/PlanSchema.build/Objects-normal/arm64/PlanSchema.swiftmodule @/Users/marcboyer/LogicAudioAssistant/.build/xcode-release-reviewfix/Build/Intermediates.noindex/LogicAudioAssistant.build/Release/PlanSchema.build/Objects-normal/arm64/PlanSchema-linker-args.resp -Xlinker -add_ast_path -Xlinker /Users/marcboyer/LogicAudioAssistant/.build/xcode-release-reviewfix/Build/Intermediates.noindex/LogicAudioAssistant.build/Release/DSPCore.build/Objects-normal/arm64/DSPCore.swiftmodule @/Users/marcboyer/LogicAudioAssistant/.build/xcode-release-reviewfix/Build/Intermediates.noindex/LogicAudioAssistant.build/Release/DSPCore.build/Objects-normal/arm64/DSPCore-linker-args.resp -Xlinker -add_ast_path -Xlinker /Users/marcboyer/LogicAudioAssistant/.build/xcode-release-reviewfix/Build/Intermediates.noindex/LogicAudioAssistant.build/Release/SharedIPC.build/Objects-normal/arm64/SharedIPC.swiftmodule @/Users/marcboyer/LogicAudioAssistant/.build/xcode-release-reviewfix/Build/Intermediates.noindex/LogicAudioAssistant.build/Release/SharedIPC.build/Objects-normal/arm64/SharedIPC-linker-args.resp

ExtractAppIntentsMetadata (in target 'AssistantAudioUnitExtension' from project 'LogicAudioAssistant' at path '/Users/marcboyer/LogicAudioAssistant/LogicAudioAssistant.xcodeproj')
    cd /Users/marcboyer/LogicAudioAssistant
    /Applications/Xcode.app/Contents/Developer/Toolchains/XcodeDefault.xctoolchain/usr/bin/appintentsmetadataprocessor --toolchain-dir /Applications/Xcode.app/Contents/Developer/Toolchains/XcodeDefault.xctoolchain --module-name Logic_Audio_Assistant_AU --sdk-root /Applications/Xcode.app/Contents/Developer/Platforms/MacOSX.platform/Developer/SDKs/MacOSX26.5.sdk --xcode-version 17F113 --platform-family macOS --deployment-target 14.0 --bundle-identifier com.marcboyer.logicaudioassistant.AudioUnit --output /Users/marcboyer/LogicAudioAssistant/.build/xcode-release-reviewfix/Build/Products/Release/Logic\ Audio\ Assistant\ AU.appex/Contents/Resources --target-triple arm64-apple-macos14.0 --binary-file /Users/marcboyer/LogicAudioAssistant/.build/xcode-release-reviewfix/Build/Products/Release/Logic\ Audio\ Assistant\ AU.appex/Contents/MacOS/Logic\ Audio\ Assistant\ AU --dependency-file /Users/marcboyer/LogicAudioAssistant/.build/xcode-release-reviewfix/Build/Intermediates.noindex/LogicAudioAssistant.build/Release/AssistantAudioUnitExtension.build/Objects-normal/arm64/Logic\ Audio\ Assistant\ AU_dependency_info.dat --stringsdata-file /Users/marcboyer/LogicAudioAssistant/.build/xcode-release-reviewfix/Build/Intermediates.noindex/LogicAudioAssistant.build/Release/AssistantAudioUnitExtension.build/Objects-normal/arm64/ExtractedAppShortcutsMetadata.stringsdata --source-file-list /Users/marcboyer/LogicAudioAssistant/.build/xcode-release-reviewfix/Build/Intermediates.noindex/LogicAudioAssistant.build/Release/AssistantAudioUnitExtension.build/Objects-normal/arm64/Logic\ Audio\ Assistant\ AU.SwiftFileList --metadata-file-list /Users/marcboyer/LogicAudioAssistant/.build/xcode-release-reviewfix/Build/Intermediates.noindex/LogicAudioAssistant.build/Release/AssistantAudioUnitExtension.build/Logic\ Audio\ Assistant\ AU.DependencyMetadataFileList --static-metadata-file-list /Users/marcboyer/LogicAudioAssistant/.build/xcode-release-reviewfix/Build/Intermediates.noindex/LogicAudioAssistant.build/Release/AssistantAudioUnitExtension.build/Logic\ Audio\ Assistant\ AU.DependencyStaticMetadataFileList --swift-const-vals-list /Users/marcboyer/LogicAudioAssistant/.build/xcode-release-reviewfix/Build/Intermediates.noindex/LogicAudioAssistant.build/Release/AssistantAudioUnitExtension.build/Objects-normal/arm64/Logic\ Audio\ Assistant\ AU.SwiftConstValuesFileList --compile-time-extraction --deployment-aware-processing --validate-assistant-intents --no-app-shortcuts-localization
2026-08-14 14:53:23.918 appintentsmetadataprocessor[35248:3500726] Starting appintentsmetadataprocessor export
2026-08-14 14:53:23.920 appintentsmetadataprocessor[35248:3500726] warning: Metadata extraction skipped. No AppIntents.framework dependency found.

GenerateDSYMFile /Users/marcboyer/LogicAudioAssistant/.build/xcode-release-reviewfix/Build/Products/Release/Logic\ Audio\ Assistant\ AU.appex.dSYM /Users/marcboyer/LogicAudioAssistant/.build/xcode-release-reviewfix/Build/Products/Release/Logic\ Audio\ Assistant\ AU.appex/Contents/MacOS/Logic\ Audio\ Assistant\ AU (in target 'AssistantAudioUnitExtension' from project 'LogicAudioAssistant' at path '/Users/marcboyer/LogicAudioAssistant/LogicAudioAssistant.xcodeproj')
    cd /Users/marcboyer/LogicAudioAssistant
    /Applications/Xcode.app/Contents/Developer/Toolchains/XcodeDefault.xctoolchain/usr/bin/dsymutil /Users/marcboyer/LogicAudioAssistant/.build/xcode-release-reviewfix/Build/Products/Release/Logic\ Audio\ Assistant\ AU.appex/Contents/MacOS/Logic\ Audio\ Assistant\ AU -o /Users/marcboyer/LogicAudioAssistant/.build/xcode-release-reviewfix/Build/Products/Release/Logic\ Audio\ Assistant\ AU.appex.dSYM

RegisterExecutionPolicyException /Users/marcboyer/LogicAudioAssistant/.build/xcode-release-reviewfix/Build/Products/Release/Logic\ Audio\ Assistant\ AU.appex (in target 'AssistantAudioUnitExtension' from project 'LogicAudioAssistant' at path '/Users/marcboyer/LogicAudioAssistant/LogicAudioAssistant.xcodeproj')
    cd /Users/marcboyer/LogicAudioAssistant
    builtin-RegisterExecutionPolicyException /Users/marcboyer/LogicAudioAssistant/.build/xcode-release-reviewfix/Build/Products/Release/Logic\ Audio\ Assistant\ AU.appex

Touch /Users/marcboyer/LogicAudioAssistant/.build/xcode-release-reviewfix/Build/Products/Release/Logic\ Audio\ Assistant\ AU.appex (in target 'AssistantAudioUnitExtension' from project 'LogicAudioAssistant' at path '/Users/marcboyer/LogicAudioAssistant/LogicAudioAssistant.xcodeproj')
    cd /Users/marcboyer/LogicAudioAssistant
    /usr/bin/touch -c /Users/marcboyer/LogicAudioAssistant/.build/xcode-release-reviewfix/Build/Products/Release/Logic\ Audio\ Assistant\ AU.appex

SwiftDriverJobDiscovery normal arm64 Compiling DeterministicPlanner.swift, PlanRevisionEngine.swift, ProductionHypothesisEngine.swift, ProductionIntelligenceContracts.swift, ProductionIntentVocabulary.swift (in target 'AgentCore' from project 'LogicAudioAssistant' at path '/Users/marcboyer/LogicAudioAssistant/Package.swift')

SwiftDriver\ Compilation\ Requirements AgentCore normal arm64 com.apple.xcode.tools.swift.compiler (in target 'AgentCore' from project 'LogicAudioAssistant' at path '/Users/marcboyer/LogicAudioAssistant/Package.swift')
    cd /Users/marcboyer/LogicAudioAssistant/LogicAudioAssistant.xcodeproj
    builtin-Swift-Compilation-Requirements -- /Applications/Xcode.app/Contents/Developer/Toolchains/XcodeDefault.xctoolchain/usr/bin/swiftc -module-name AgentCore -O -whole-module-optimization @/Users/marcboyer/LogicAudioAssistant/.build/xcode-release-reviewfix/Build/Intermediates.noindex/LogicAudioAssistant.build/Release/AgentCore.build/Objects-normal/arm64/AgentCore.SwiftFileList -DSWIFT_PACKAGE -DSWIFT_MODULE_RESOURCE_BUNDLE_UNAVAILABLE -Xcc -fmodule-map-file\=/Users/marcboyer/LogicAudioAssistant/.build/xcode-release-reviewfix/Build/Intermediates.noindex/GeneratedModuleMaps/CAtomics.modulemap -DXcode -plugin-path /Applications/Xcode.app/Contents/Developer/Toolchains/XcodeDefault.xctoolchain/usr/lib/swift/host/plugins/testing -enable-experimental-feature DebugDescriptionMacro -sdk /Applications/Xcode.app/Contents/Developer/Platforms/MacOSX.platform/Developer/SDKs/MacOSX26.5.sdk -target arm64-apple-macos14.0 -g -module-cache-path /Users/marcboyer/LogicAudioAssistant/.build/xcode-release-reviewfix/ModuleCache.noindex -Xfrontend -serialize-debugging-options -swift-version 6 -I /Users/marcboyer/LogicAudioAssistant/.build/xcode-release-reviewfix/Build/Products/Release -Isystem /Applications/Xcode.app/Contents/Developer/Platforms/MacOSX.platform/Developer/usr/lib -F /Users/marcboyer/LogicAudioAssistant/.build/xcode-release-reviewfix/Build/Products/Release/PackageFrameworks -F /Users/marcboyer/LogicAudioAssistant/.build/xcode-release-reviewfix/Build/Products/Release/PackageFrameworks -F /Users/marcboyer/LogicAudioAssistant/.build/xcode-release-reviewfix/Build/Products/Release/PackageFrameworks -F /Users/marcboyer/LogicAudioAssistant/.build/xcode-release-reviewfix/Build/Products/Release/PackageFrameworks -F /Users/marcboyer/LogicAudioAssistant/.build/xcode-release-reviewfix/Build/Products/Release/PackageFrameworks -F /Users/marcboyer/LogicAudioAssistant/.build/xcode-release-reviewfix/Build/Products/Release -F /Applications/Xcode.app/Contents/Developer/Platforms/MacOSX.platform/Developer/Library/Frameworks -c -num-threads 10 -Xcc -ivfsstatcache -Xcc /Users/marcboyer/LogicAudioAssistant/.build/xcode-release-reviewfix/SDKStatCaches.noindex/macosx26.5-25F70-e082c4a02f00227109f4ed75e425c832.sdkstatcache -output-file-map /Users/marcboyer/LogicAudioAssistant/.build/xcode-release-reviewfix/Build/Intermediates.noindex/LogicAudioAssistant.build/Release/AgentCore.build/Objects-normal/arm64/AgentCore-OutputFileMap.json -use-frontend-parseable-output -save-temps -no-color-diagnostics -explicit-module-build -module-cache-path /Users/marcboyer/LogicAudioAssistant/.build/xcode-release-reviewfix/Build/Intermediates.noindex/SwiftExplicitPrecompiledModules -clang-scanner-module-cache-path /Users/marcboyer/LogicAudioAssistant/.build/xcode-release-reviewfix/ModuleCache.noindex -sdk-module-cache-path /Users/marcboyer/LogicAudioAssistant/.build/xcode-release-reviewfix/ModuleCache.noindex -serialize-diagnostics -emit-dependencies -emit-module -emit-module-path /Users/marcboyer/LogicAudioAssistant/.build/xcode-release-reviewfix/Build/Intermediates.noindex/LogicAudioAssistant.build/Release/AgentCore.build/Objects-normal/arm64/AgentCore.swiftmodule -validate-clang-modules-once -clang-build-session-file /Users/marcboyer/LogicAudioAssistant/.build/xcode-release-reviewfix/ModuleCache.noindex/Session.modulevalidation -package-name logicaudioassistant -Xcc -I/Users/marcboyer/LogicAudioAssistant/.build/xcode-release-reviewfix/Build/Intermediates.noindex/LogicAudioAssistant.build/Release/AgentCore.build/swift-overrides.hmap -emit-const-values -Xfrontend -const-gather-protocols-file -Xfrontend /Users/marcboyer/LogicAudioAssistant/.build/xcode-release-reviewfix/Build/Intermediates.noindex/LogicAudioAssistant.build/Release/AgentCore.build/Objects-normal/arm64/AgentCore_const_extract_protocols.json -Xcc -I/Users/marcboyer/LogicAudioAssistant/packages/CAtomics/include -Xcc -I/Users/marcboyer/LogicAudioAssistant/.build/xcode-release-reviewfix/Build/Products/Release/include -Xcc -I/Users/marcboyer/LogicAudioAssistant/.build/xcode-release-reviewfix/Build/Intermediates.noindex/LogicAudioAssistant.build/Release/AgentCore.build/DerivedSources-normal/arm64 -Xcc -I/Users/marcboyer/LogicAudioAssistant/.build/xcode-release-reviewfix/Build/Intermediates.noindex/LogicAudioAssistant.build/Release/AgentCore.build/DerivedSources/arm64 -Xcc -I/Users/marcboyer/LogicAudioAssistant/.build/xcode-release-reviewfix/Build/Intermediates.noindex/LogicAudioAssistant.build/Release/AgentCore.build/DerivedSources -Xcc -DSWIFT_PACKAGE -emit-objc-header -emit-objc-header-path /Users/marcboyer/LogicAudioAssistant/.build/xcode-release-reviewfix/Build/Intermediates.noindex/LogicAudioAssistant.build/Release/AgentCore.build/Objects-normal/arm64/AgentCore-Swift.h -working-directory /Users/marcboyer/LogicAudioAssistant/LogicAudioAssistant.xcodeproj -no-emit-module-separately-wmo

SwiftMergeGeneratedHeaders /Users/marcboyer/LogicAudioAssistant/.build/xcode-release-reviewfix/Build/Intermediates.noindex/GeneratedModuleMaps/AgentCore-Swift.h /Users/marcboyer/LogicAudioAssistant/.build/xcode-release-reviewfix/Build/Intermediates.noindex/LogicAudioAssistant.build/Release/AgentCore.build/Objects-normal/arm64/AgentCore-Swift.h (in target 'AgentCore' from project 'LogicAudioAssistant' at path '/Users/marcboyer/LogicAudioAssistant/Package.swift')
    cd /Users/marcboyer/LogicAudioAssistant
    builtin-swiftHeaderTool -arch arm64 /Users/marcboyer/LogicAudioAssistant/.build/xcode-release-reviewfix/Build/Intermediates.noindex/LogicAudioAssistant.build/Release/AgentCore.build/Objects-normal/arm64/AgentCore-Swift.h -o /Users/marcboyer/LogicAudioAssistant/.build/xcode-release-reviewfix/Build/Intermediates.noindex/GeneratedModuleMaps/AgentCore-Swift.h

Copy /Users/marcboyer/LogicAudioAssistant/.build/xcode-release-reviewfix/Build/Products/Release/AgentCore.swiftmodule/arm64-apple-macos.abi.json /Users/marcboyer/LogicAudioAssistant/.build/xcode-release-reviewfix/Build/Intermediates.noindex/LogicAudioAssistant.build/Release/AgentCore.build/Objects-normal/arm64/AgentCore.abi.json (in target 'AgentCore' from project 'LogicAudioAssistant' at path '/Users/marcboyer/LogicAudioAssistant/Package.swift')
    cd /Users/marcboyer/LogicAudioAssistant
    builtin-copy -exclude .DS_Store -exclude CVS -exclude .svn -exclude .git -exclude .hg -strip-unsigned-binaries -strip-deterministic -strip-tool /Applications/Xcode.app/Contents/Developer/Toolchains/XcodeDefault.xctoolchain/usr/bin/strip -resolve-src-symlinks -rename /Users/marcboyer/LogicAudioAssistant/.build/xcode-release-reviewfix/Build/Intermediates.noindex/LogicAudioAssistant.build/Release/AgentCore.build/Objects-normal/arm64/AgentCore.abi.json /Users/marcboyer/LogicAudioAssistant/.build/xcode-release-reviewfix/Build/Products/Release/AgentCore.swiftmodule/arm64-apple-macos.abi.json

Copy /Users/marcboyer/LogicAudioAssistant/.build/xcode-release-reviewfix/Build/Products/Release/AgentCore.swiftmodule/arm64-apple-macos.swiftdoc /Users/marcboyer/LogicAudioAssistant/.build/xcode-release-reviewfix/Build/Intermediates.noindex/LogicAudioAssistant.build/Release/AgentCore.build/Objects-normal/arm64/AgentCore.swiftdoc (in target 'AgentCore' from project 'LogicAudioAssistant' at path '/Users/marcboyer/LogicAudioAssistant/Package.swift')
    cd /Users/marcboyer/LogicAudioAssistant
    builtin-copy -exclude .DS_Store -exclude CVS -exclude .svn -exclude .git -exclude .hg -strip-unsigned-binaries -strip-deterministic -strip-tool /Applications/Xcode.app/Contents/Developer/Toolchains/XcodeDefault.xctoolchain/usr/bin/strip -resolve-src-symlinks -rename /Users/marcboyer/LogicAudioAssistant/.build/xcode-release-reviewfix/Build/Intermediates.noindex/LogicAudioAssistant.build/Release/AgentCore.build/Objects-normal/arm64/AgentCore.swiftdoc /Users/marcboyer/LogicAudioAssistant/.build/xcode-release-reviewfix/Build/Products/Release/AgentCore.swiftmodule/arm64-apple-macos.swiftdoc

Copy /Users/marcboyer/LogicAudioAssistant/.build/xcode-release-reviewfix/Build/Products/Release/AgentCore.swiftmodule/arm64-apple-macos.swiftmodule /Users/marcboyer/LogicAudioAssistant/.build/xcode-release-reviewfix/Build/Intermediates.noindex/LogicAudioAssistant.build/Release/AgentCore.build/Objects-normal/arm64/AgentCore.swiftmodule (in target 'AgentCore' from project 'LogicAudioAssistant' at path '/Users/marcboyer/LogicAudioAssistant/Package.swift')
    cd /Users/marcboyer/LogicAudioAssistant
    builtin-copy -exclude .DS_Store -exclude CVS -exclude .svn -exclude .git -exclude .hg -strip-unsigned-binaries -strip-deterministic -strip-tool /Applications/Xcode.app/Contents/Developer/Toolchains/XcodeDefault.xctoolchain/usr/bin/strip -resolve-src-symlinks -rename /Users/marcboyer/LogicAudioAssistant/.build/xcode-release-reviewfix/Build/Intermediates.noindex/LogicAudioAssistant.build/Release/AgentCore.build/Objects-normal/arm64/AgentCore.swiftmodule /Users/marcboyer/LogicAudioAssistant/.build/xcode-release-reviewfix/Build/Products/Release/AgentCore.swiftmodule/arm64-apple-macos.swiftmodule

Copy /Users/marcboyer/LogicAudioAssistant/.build/xcode-release-reviewfix/Build/Products/Release/AgentCore.swiftmodule/Project/arm64-apple-macos.swiftsourceinfo /Users/marcboyer/LogicAudioAssistant/.build/xcode-release-reviewfix/Build/Intermediates.noindex/LogicAudioAssistant.build/Release/AgentCore.build/Objects-normal/arm64/AgentCore.swiftsourceinfo (in target 'AgentCore' from project 'LogicAudioAssistant' at path '/Users/marcboyer/LogicAudioAssistant/Package.swift')
    cd /Users/marcboyer/LogicAudioAssistant
    builtin-copy -exclude .DS_Store -exclude CVS -exclude .svn -exclude .git -exclude .hg -strip-unsigned-binaries -strip-deterministic -strip-tool /Applications/Xcode.app/Contents/Developer/Toolchains/XcodeDefault.xctoolchain/usr/bin/strip -resolve-src-symlinks -rename /Users/marcboyer/LogicAudioAssistant/.build/xcode-release-reviewfix/Build/Intermediates.noindex/LogicAudioAssistant.build/Release/AgentCore.build/Objects-normal/arm64/AgentCore.swiftsourceinfo /Users/marcboyer/LogicAudioAssistant/.build/xcode-release-reviewfix/Build/Products/Release/AgentCore.swiftmodule/Project/arm64-apple-macos.swiftsourceinfo

Ld /Users/marcboyer/LogicAudioAssistant/.build/xcode-release-reviewfix/Build/Products/Release/AgentCore.o normal (in target 'AgentCore' from project 'LogicAudioAssistant' at path '/Users/marcboyer/LogicAudioAssistant/Package.swift')
    cd /Users/marcboyer/LogicAudioAssistant
    /Applications/Xcode.app/Contents/Developer/Toolchains/XcodeDefault.xctoolchain/usr/bin/clang -Xlinker -reproducible -target arm64-apple-macos14.0 -r -isysroot /Applications/Xcode.app/Contents/Developer/Platforms/MacOSX.platform/Developer/SDKs/MacOSX26.5.sdk -Os -F/Users/marcboyer/LogicAudioAssistant/.build/xcode-release-reviewfix/Build/Intermediates.noindex/EagerLinkingTBDs/Release -F/Users/marcboyer/LogicAudioAssistant/.build/xcode-release-reviewfix/Build/Products/Release/PackageFrameworks -F/Users/marcboyer/LogicAudioAssistant/.build/xcode-release-reviewfix/Build/Products/Release/PackageFrameworks -F/Users/marcboyer/LogicAudioAssistant/.build/xcode-release-reviewfix/Build/Products/Release/PackageFrameworks -F/Users/marcboyer/LogicAudioAssistant/.build/xcode-release-reviewfix/Build/Products/Release/PackageFrameworks -F/Users/marcboyer/LogicAudioAssistant/.build/xcode-release-reviewfix/Build/Products/Release/PackageFrameworks -F/Users/marcboyer/LogicAudioAssistant/.build/xcode-release-reviewfix/Build/Products/Release -iframework /Applications/Xcode.app/Contents/Developer/Platforms/MacOSX.platform/Developer/Library/Frameworks -filelist /Users/marcboyer/LogicAudioAssistant/.build/xcode-release-reviewfix/Build/Intermediates.noindex/LogicAudioAssistant.build/Release/AgentCore.build/Objects-normal/arm64/AgentCore.LinkFileList -nostdlib -Xlinker -object_path_lto -Xlinker /Users/marcboyer/LogicAudioAssistant/.build/xcode-release-reviewfix/Build/Intermediates.noindex/LogicAudioAssistant.build/Release/AgentCore.build/Objects-normal/arm64/AgentCore_lto.o -Xlinker -dependency_info -Xlinker /Users/marcboyer/LogicAudioAssistant/.build/xcode-release-reviewfix/Build/Intermediates.noindex/LogicAudioAssistant.build/Release/AgentCore.build/Objects-normal/arm64/AgentCore_dependency_info.dat -fobjc-link-runtime -L/Applications/Xcode.app/Contents/Developer/Toolchains/XcodeDefault.xctoolchain/usr/lib/swift/macosx -L/usr/lib/swift -Xlinker -add_ast_path -Xlinker /Users/marcboyer/LogicAudioAssistant/.build/xcode-release-reviewfix/Build/Intermediates.noindex/LogicAudioAssistant.build/Release/AgentCore.build/Objects-normal/arm64/AgentCore.swiftmodule @/Users/marcboyer/LogicAudioAssistant/.build/xcode-release-reviewfix/Build/Intermediates.noindex/LogicAudioAssistant.build/Release/AgentCore.build/Objects-normal/arm64/AgentCore-linker-args.resp -o /Users/marcboyer/LogicAudioAssistant/.build/xcode-release-reviewfix/Build/Products/Release/AgentCore.o

SwiftDriver ProductionTutor normal arm64 com.apple.xcode.tools.swift.compiler (in target 'ProductionTutor' from project 'LogicAudioAssistant' at path '/Users/marcboyer/LogicAudioAssistant/Package.swift')
    cd /Users/marcboyer/LogicAudioAssistant/LogicAudioAssistant.xcodeproj
    builtin-SwiftDriver -- /Applications/Xcode.app/Contents/Developer/Toolchains/XcodeDefault.xctoolchain/usr/bin/swiftc -module-name ProductionTutor -O -whole-module-optimization @/Users/marcboyer/LogicAudioAssistant/.build/xcode-release-reviewfix/Build/Intermediates.noindex/LogicAudioAssistant.build/Release/ProductionTutor.build/Objects-normal/arm64/ProductionTutor.SwiftFileList -DSWIFT_PACKAGE -DSWIFT_MODULE_RESOURCE_BUNDLE_AVAILABLE -Xcc -fmodule-map-file\=/Users/marcboyer/LogicAudioAssistant/.build/xcode-release-reviewfix/Build/Intermediates.noindex/GeneratedModuleMaps/CAtomics.modulemap -DXcode -plugin-path /Applications/Xcode.app/Contents/Developer/Toolchains/XcodeDefault.xctoolchain/usr/lib/swift/host/plugins/testing -enable-experimental-feature DebugDescriptionMacro -sdk /Applications/Xcode.app/Contents/Developer/Platforms/MacOSX.platform/Developer/SDKs/MacOSX26.5.sdk -target arm64-apple-macos14.0 -g -module-cache-path /Users/marcboyer/LogicAudioAssistant/.build/xcode-release-reviewfix/ModuleCache.noindex -Xfrontend -serialize-debugging-options -swift-version 6 -I /Users/marcboyer/LogicAudioAssistant/.build/xcode-release-reviewfix/Build/Products/Release -Isystem /Applications/Xcode.app/Contents/Developer/Platforms/MacOSX.platform/Developer/usr/lib -F /Users/marcboyer/LogicAudioAssistant/.build/xcode-release-reviewfix/Build/Products/Release/PackageFrameworks -F /Users/marcboyer/LogicAudioAssistant/.build/xcode-release-reviewfix/Build/Products/Release/PackageFrameworks -F /Users/marcboyer/LogicAudioAssistant/.build/xcode-release-reviewfix/Build/Products/Release/PackageFrameworks -F /Users/marcboyer/LogicAudioAssistant/.build/xcode-release-reviewfix/Build/Products/Release/PackageFrameworks -F /Users/marcboyer/LogicAudioAssistant/.build/xcode-release-reviewfix/Build/Products/Release/PackageFrameworks -F /Users/marcboyer/LogicAudioAssistant/.build/xcode-release-reviewfix/Build/Products/Release/PackageFrameworks -F /Users/marcboyer/LogicAudioAssistant/.build/xcode-release-reviewfix/Build/Products/Release -F /Applications/Xcode.app/Contents/Developer/Platforms/MacOSX.platform/Developer/Library/Frameworks -c -num-threads 10 -Xcc -ivfsstatcache -Xcc /Users/marcboyer/LogicAudioAssistant/.build/xcode-release-reviewfix/SDKStatCaches.noindex/macosx26.5-25F70-e082c4a02f00227109f4ed75e425c832.sdkstatcache -output-file-map /Users/marcboyer/LogicAudioAssistant/.build/xcode-release-reviewfix/Build/Intermediates.noindex/LogicAudioAssistant.build/Release/ProductionTutor.build/Objects-normal/arm64/ProductionTutor-OutputFileMap.json -use-frontend-parseable-output -save-temps -no-color-diagnostics -explicit-module-build -module-cache-path /Users/marcboyer/LogicAudioAssistant/.build/xcode-release-reviewfix/Build/Intermediates.noindex/SwiftExplicitPrecompiledModules -clang-scanner-module-cache-path /Users/marcboyer/LogicAudioAssistant/.build/xcode-release-reviewfix/ModuleCache.noindex -sdk-module-cache-path /Users/marcboyer/LogicAudioAssistant/.build/xcode-release-reviewfix/ModuleCache.noindex -serialize-diagnostics -emit-dependencies -emit-module -emit-module-path /Users/marcboyer/LogicAudioAssistant/.build/xcode-release-reviewfix/Build/Intermediates.noindex/LogicAudioAssistant.build/Release/ProductionTutor.build/Objects-normal/arm64/ProductionTutor.swiftmodule -validate-clang-modules-once -clang-build-session-file /Users/marcboyer/LogicAudioAssistant/.build/xcode-release-reviewfix/ModuleCache.noindex/Session.modulevalidation -package-name logicaudioassistant -Xcc -I/Users/marcboyer/LogicAudioAssistant/.build/xcode-release-reviewfix/Build/Intermediates.noindex/LogicAudioAssistant.build/Release/ProductionTutor.build/swift-overrides.hmap -emit-const-values -Xfrontend -const-gather-protocols-file -Xfrontend /Users/marcboyer/LogicAudioAssistant/.build/xcode-release-reviewfix/Build/Intermediates.noindex/LogicAudioAssistant.build/Release/ProductionTutor.build/Objects-normal/arm64/ProductionTutor_const_extract_protocols.json -Xcc -I/Users/marcboyer/LogicAudioAssistant/packages/CAtomics/include -Xcc -I/Users/marcboyer/LogicAudioAssistant/.build/xcode-release-reviewfix/Build/Products/Release/include -Xcc -I/Users/marcboyer/LogicAudioAssistant/.build/xcode-release-reviewfix/Build/Intermediates.noindex/LogicAudioAssistant.build/Release/ProductionTutor.build/DerivedSources-normal/arm64 -Xcc -I/Users/marcboyer/LogicAudioAssistant/.build/xcode-release-reviewfix/Build/Intermediates.noindex/LogicAudioAssistant.build/Release/ProductionTutor.build/DerivedSources/arm64 -Xcc -I/Users/marcboyer/LogicAudioAssistant/.build/xcode-release-reviewfix/Build/Intermediates.noindex/LogicAudioAssistant.build/Release/ProductionTutor.build/DerivedSources -Xcc -DSWIFT_PACKAGE -emit-objc-header -emit-objc-header-path /Users/marcboyer/LogicAudioAssistant/.build/xcode-release-reviewfix/Build/Intermediates.noindex/LogicAudioAssistant.build/Release/ProductionTutor.build/Objects-normal/arm64/ProductionTutor-Swift.h -working-directory /Users/marcboyer/LogicAudioAssistant/LogicAudioAssistant.xcodeproj -no-emit-module-separately-wmo

SwiftDriver ProductionIntelligence normal arm64 com.apple.xcode.tools.swift.compiler (in target 'ProductionIntelligence' from project 'LogicAudioAssistant' at path '/Users/marcboyer/LogicAudioAssistant/Package.swift')
    cd /Users/marcboyer/LogicAudioAssistant/LogicAudioAssistant.xcodeproj
    builtin-SwiftDriver -- /Applications/Xcode.app/Contents/Developer/Toolchains/XcodeDefault.xctoolchain/usr/bin/swiftc -module-name ProductionIntelligence -O -whole-module-optimization @/Users/marcboyer/LogicAudioAssistant/.build/xcode-release-reviewfix/Build/Intermediates.noindex/LogicAudioAssistant.build/Release/ProductionIntelligence.build/Objects-normal/arm64/ProductionIntelligence.SwiftFileList -DSWIFT_PACKAGE -DSWIFT_MODULE_RESOURCE_BUNDLE_UNAVAILABLE -Xcc -fmodule-map-file\=/Users/marcboyer/LogicAudioAssistant/.build/xcode-release-reviewfix/Build/Intermediates.noindex/GeneratedModuleMaps/CAtomics.modulemap -DXcode -plugin-path /Applications/Xcode.app/Contents/Developer/Toolchains/XcodeDefault.xctoolchain/usr/lib/swift/host/plugins/testing -enable-experimental-feature DebugDescriptionMacro -sdk /Applications/Xcode.app/Contents/Developer/Platforms/MacOSX.platform/Developer/SDKs/MacOSX26.5.sdk -target arm64-apple-macos14.0 -g -module-cache-path /Users/marcboyer/LogicAudioAssistant/.build/xcode-release-reviewfix/ModuleCache.noindex -Xfrontend -serialize-debugging-options -swift-version 6 -I /Users/marcboyer/LogicAudioAssistant/.build/xcode-release-reviewfix/Build/Products/Release -Isystem /Applications/Xcode.app/Contents/Developer/Platforms/MacOSX.platform/Developer/usr/lib -F /Users/marcboyer/LogicAudioAssistant/.build/xcode-release-reviewfix/Build/Products/Release/PackageFrameworks -F /Users/marcboyer/LogicAudioAssistant/.build/xcode-release-reviewfix/Build/Products/Release/PackageFrameworks -F /Users/marcboyer/LogicAudioAssistant/.build/xcode-release-reviewfix/Build/Products/Release/PackageFrameworks -F /Users/marcboyer/LogicAudioAssistant/.build/xcode-release-reviewfix/Build/Products/Release/PackageFrameworks -F /Users/marcboyer/LogicAudioAssistant/.build/xcode-release-reviewfix/Build/Products/Release/PackageFrameworks -F /Users/marcboyer/LogicAudioAssistant/.build/xcode-release-reviewfix/Build/Products/Release/PackageFrameworks -F /Users/marcboyer/LogicAudioAssistant/.build/xcode-release-reviewfix/Build/Products/Release -F /Applications/Xcode.app/Contents/Developer/Platforms/MacOSX.platform/Developer/Library/Frameworks -c -num-threads 10 -Xcc -ivfsstatcache -Xcc /Users/marcboyer/LogicAudioAssistant/.build/xcode-release-reviewfix/SDKStatCaches.noindex/macosx26.5-25F70-e082c4a02f00227109f4ed75e425c832.sdkstatcache -output-file-map /Users/marcboyer/LogicAudioAssistant/.build/xcode-release-reviewfix/Build/Intermediates.noindex/LogicAudioAssistant.build/Release/ProductionIntelligence.build/Objects-normal/arm64/ProductionIntelligence-OutputFileMap.json -use-frontend-parseable-output -save-temps -no-color-diagnostics -explicit-module-build -module-cache-path /Users/marcboyer/LogicAudioAssistant/.build/xcode-release-reviewfix/Build/Intermediates.noindex/SwiftExplicitPrecompiledModules -clang-scanner-module-cache-path /Users/marcboyer/LogicAudioAssistant/.build/xcode-release-reviewfix/ModuleCache.noindex -sdk-module-cache-path /Users/marcboyer/LogicAudioAssistant/.build/xcode-release-reviewfix/ModuleCache.noindex -serialize-diagnostics -emit-dependencies -emit-module -emit-module-path /Users/marcboyer/LogicAudioAssistant/.build/xcode-release-reviewfix/Build/Intermediates.noindex/LogicAudioAssistant.build/Release/ProductionIntelligence.build/Objects-normal/arm64/ProductionIntelligence.swiftmodule -validate-clang-modules-once -clang-build-session-file /Users/marcboyer/LogicAudioAssistant/.build/xcode-release-reviewfix/ModuleCache.noindex/Session.modulevalidation -package-name logicaudioassistant -Xcc -I/Users/marcboyer/LogicAudioAssistant/.build/xcode-release-reviewfix/Build/Intermediates.noindex/LogicAudioAssistant.build/Release/ProductionIntelligence.build/swift-overrides.hmap -emit-const-values -Xfrontend -const-gather-protocols-file -Xfrontend /Users/marcboyer/LogicAudioAssistant/.build/xcode-release-reviewfix/Build/Intermediates.noindex/LogicAudioAssistant.build/Release/ProductionIntelligence.build/Objects-normal/arm64/ProductionIntelligence_const_extract_protocols.json -Xcc -I/Users/marcboyer/LogicAudioAssistant/packages/CAtomics/include -Xcc -I/Users/marcboyer/LogicAudioAssistant/.build/xcode-release-reviewfix/Build/Products/Release/include -Xcc -I/Users/marcboyer/LogicAudioAssistant/.build/xcode-release-reviewfix/Build/Intermediates.noindex/LogicAudioAssistant.build/Release/ProductionIntelligence.build/DerivedSources-normal/arm64 -Xcc -I/Users/marcboyer/LogicAudioAssistant/.build/xcode-release-reviewfix/Build/Intermediates.noindex/LogicAudioAssistant.build/Release/ProductionIntelligence.build/DerivedSources/arm64 -Xcc -I/Users/marcboyer/LogicAudioAssistant/.build/xcode-release-reviewfix/Build/Intermediates.noindex/LogicAudioAssistant.build/Release/ProductionIntelligence.build/DerivedSources -Xcc -DSWIFT_PACKAGE -emit-objc-header -emit-objc-header-path /Users/marcboyer/LogicAudioAssistant/.build/xcode-release-reviewfix/Build/Intermediates.noindex/LogicAudioAssistant.build/Release/ProductionIntelligence.build/Objects-normal/arm64/ProductionIntelligence-Swift.h -working-directory /Users/marcboyer/LogicAudioAssistant/LogicAudioAssistant.xcodeproj -no-emit-module-separately-wmo

ExtractAppIntentsMetadata (in target 'AgentCore' from project 'LogicAudioAssistant' at path '/Users/marcboyer/LogicAudioAssistant/Package.swift')
    cd /Users/marcboyer/LogicAudioAssistant
    /Applications/Xcode.app/Contents/Developer/Toolchains/XcodeDefault.xctoolchain/usr/bin/appintentsmetadataprocessor --toolchain-dir /Applications/Xcode.app/Contents/Developer/Toolchains/XcodeDefault.xctoolchain --module-name AgentCore --sdk-root /Applications/Xcode.app/Contents/Developer/Platforms/MacOSX.platform/Developer/SDKs/MacOSX26.5.sdk --xcode-version 17F113 --platform-family macOS --deployment-target 14.0 --bundle-identifier logicaudioassistant.AgentCore --output /Users/marcboyer/LogicAudioAssistant/.build/xcode-release-reviewfix/Build/Products/Release/AgentCore.appintents --target-triple arm64-apple-macos14.0 --binary-file /Users/marcboyer/LogicAudioAssistant/.build/xcode-release-reviewfix/Build/Products/Release/AgentCore.o --dependency-file /Users/marcboyer/LogicAudioAssistant/.build/xcode-release-reviewfix/Build/Intermediates.noindex/LogicAudioAssistant.build/Release/AgentCore.build/Objects-normal/arm64/AgentCore_dependency_info.dat --stringsdata-file /Users/marcboyer/LogicAudioAssistant/.build/xcode-release-reviewfix/Build/Intermediates.noindex/LogicAudioAssistant.build/Release/AgentCore.build/Objects-normal/arm64/ExtractedAppShortcutsMetadata.stringsdata --source-file-list /Users/marcboyer/LogicAudioAssistant/.build/xcode-release-reviewfix/Build/Intermediates.noindex/LogicAudioAssistant.build/Release/AgentCore.build/Objects-normal/arm64/AgentCore.SwiftFileList --metadata-file-list /Users/marcboyer/LogicAudioAssistant/.build/xcode-release-reviewfix/Build/Intermediates.noindex/LogicAudioAssistant.build/Release/AgentCore.build/AgentCore.DependencyMetadataFileList --static-metadata-file-list /Users/marcboyer/LogicAudioAssistant/.build/xcode-release-reviewfix/Build/Intermediates.noindex/LogicAudioAssistant.build/Release/AgentCore.build/AgentCore.DependencyStaticMetadataFileList --swift-const-vals-list /Users/marcboyer/LogicAudioAssistant/.build/xcode-release-reviewfix/Build/Intermediates.noindex/LogicAudioAssistant.build/Release/AgentCore.build/Objects-normal/arm64/AgentCore.SwiftConstValuesFileList --force --compile-time-extraction --deployment-aware-processing --validate-assistant-intents --no-app-shortcuts-localization
2026-08-14 14:53:25.693 appintentsmetadataprocessor[35260:3500805] Starting appintentsmetadataprocessor export
2026-08-14 14:53:25.707 appintentsmetadataprocessor[35260:3500805] Extracted no relevant App Intents symbols, skipping writing output

RegisterExecutionPolicyException /Users/marcboyer/LogicAudioAssistant/.build/xcode-release-reviewfix/Build/Products/Release/AgentCore.o (in target 'AgentCore' from project 'LogicAudioAssistant' at path '/Users/marcboyer/LogicAudioAssistant/Package.swift')
    cd /Users/marcboyer/LogicAudioAssistant
    builtin-RegisterExecutionPolicyException /Users/marcboyer/LogicAudioAssistant/.build/xcode-release-reviewfix/Build/Products/Release/AgentCore.o

SwiftDriver\ Compilation ProductionTutor normal arm64 com.apple.xcode.tools.swift.compiler (in target 'ProductionTutor' from project 'LogicAudioAssistant' at path '/Users/marcboyer/LogicAudioAssistant/Package.swift')
    cd /Users/marcboyer/LogicAudioAssistant/LogicAudioAssistant.xcodeproj
    builtin-Swift-Compilation -- /Applications/Xcode.app/Contents/Developer/Toolchains/XcodeDefault.xctoolchain/usr/bin/swiftc -module-name ProductionTutor -O -whole-module-optimization @/Users/marcboyer/LogicAudioAssistant/.build/xcode-release-reviewfix/Build/Intermediates.noindex/LogicAudioAssistant.build/Release/ProductionTutor.build/Objects-normal/arm64/ProductionTutor.SwiftFileList -DSWIFT_PACKAGE -DSWIFT_MODULE_RESOURCE_BUNDLE_AVAILABLE -Xcc -fmodule-map-file\=/Users/marcboyer/LogicAudioAssistant/.build/xcode-release-reviewfix/Build/Intermediates.noindex/GeneratedModuleMaps/CAtomics.modulemap -DXcode -plugin-path /Applications/Xcode.app/Contents/Developer/Toolchains/XcodeDefault.xctoolchain/usr/lib/swift/host/plugins/testing -enable-experimental-feature DebugDescriptionMacro -sdk /Applications/Xcode.app/Contents/Developer/Platforms/MacOSX.platform/Developer/SDKs/MacOSX26.5.sdk -target arm64-apple-macos14.0 -g -module-cache-path /Users/marcboyer/LogicAudioAssistant/.build/xcode-release-reviewfix/ModuleCache.noindex -Xfrontend -serialize-debugging-options -swift-version 6 -I /Users/marcboyer/LogicAudioAssistant/.build/xcode-release-reviewfix/Build/Products/Release -Isystem /Applications/Xcode.app/Contents/Developer/Platforms/MacOSX.platform/Developer/usr/lib -F /Users/marcboyer/LogicAudioAssistant/.build/xcode-release-reviewfix/Build/Products/Release/PackageFrameworks -F /Users/marcboyer/LogicAudioAssistant/.build/xcode-release-reviewfix/Build/Products/Release/PackageFrameworks -F /Users/marcboyer/LogicAudioAssistant/.build/xcode-release-reviewfix/Build/Products/Release/PackageFrameworks -F /Users/marcboyer/LogicAudioAssistant/.build/xcode-release-reviewfix/Build/Products/Release/PackageFrameworks -F /Users/marcboyer/LogicAudioAssistant/.build/xcode-release-reviewfix/Build/Products/Release/PackageFrameworks -F /Users/marcboyer/LogicAudioAssistant/.build/xcode-release-reviewfix/Build/Products/Release/PackageFrameworks -F /Users/marcboyer/LogicAudioAssistant/.build/xcode-release-reviewfix/Build/Products/Release -F /Applications/Xcode.app/Contents/Developer/Platforms/MacOSX.platform/Developer/Library/Frameworks -c -num-threads 10 -Xcc -ivfsstatcache -Xcc /Users/marcboyer/LogicAudioAssistant/.build/xcode-release-reviewfix/SDKStatCaches.noindex/macosx26.5-25F70-e082c4a02f00227109f4ed75e425c832.sdkstatcache -output-file-map /Users/marcboyer/LogicAudioAssistant/.build/xcode-release-reviewfix/Build/Intermediates.noindex/LogicAudioAssistant.build/Release/ProductionTutor.build/Objects-normal/arm64/ProductionTutor-OutputFileMap.json -use-frontend-parseable-output -save-temps -no-color-diagnostics -explicit-module-build -module-cache-path /Users/marcboyer/LogicAudioAssistant/.build/xcode-release-reviewfix/Build/Intermediates.noindex/SwiftExplicitPrecompiledModules -clang-scanner-module-cache-path /Users/marcboyer/LogicAudioAssistant/.build/xcode-release-reviewfix/ModuleCache.noindex -sdk-module-cache-path /Users/marcboyer/LogicAudioAssistant/.build/xcode-release-reviewfix/ModuleCache.noindex -serialize-diagnostics -emit-dependencies -emit-module -emit-module-path /Users/marcboyer/LogicAudioAssistant/.build/xcode-release-reviewfix/Build/Intermediates.noindex/LogicAudioAssistant.build/Release/ProductionTutor.build/Objects-normal/arm64/ProductionTutor.swiftmodule -validate-clang-modules-once -clang-build-session-file /Users/marcboyer/LogicAudioAssistant/.build/xcode-release-reviewfix/ModuleCache.noindex/Session.modulevalidation -package-name logicaudioassistant -Xcc -I/Users/marcboyer/LogicAudioAssistant/.build/xcode-release-reviewfix/Build/Intermediates.noindex/LogicAudioAssistant.build/Release/ProductionTutor.build/swift-overrides.hmap -emit-const-values -Xfrontend -const-gather-protocols-file -Xfrontend /Users/marcboyer/LogicAudioAssistant/.build/xcode-release-reviewfix/Build/Intermediates.noindex/LogicAudioAssistant.build/Release/ProductionTutor.build/Objects-normal/arm64/ProductionTutor_const_extract_protocols.json -Xcc -I/Users/marcboyer/LogicAudioAssistant/packages/CAtomics/include -Xcc -I/Users/marcboyer/LogicAudioAssistant/.build/xcode-release-reviewfix/Build/Products/Release/include -Xcc -I/Users/marcboyer/LogicAudioAssistant/.build/xcode-release-reviewfix/Build/Intermediates.noindex/LogicAudioAssistant.build/Release/ProductionTutor.build/DerivedSources-normal/arm64 -Xcc -I/Users/marcboyer/LogicAudioAssistant/.build/xcode-release-reviewfix/Build/Intermediates.noindex/LogicAudioAssistant.build/Release/ProductionTutor.build/DerivedSources/arm64 -Xcc -I/Users/marcboyer/LogicAudioAssistant/.build/xcode-release-reviewfix/Build/Intermediates.noindex/LogicAudioAssistant.build/Release/ProductionTutor.build/DerivedSources -Xcc -DSWIFT_PACKAGE -emit-objc-header -emit-objc-header-path /Users/marcboyer/LogicAudioAssistant/.build/xcode-release-reviewfix/Build/Intermediates.noindex/LogicAudioAssistant.build/Release/ProductionTutor.build/Objects-normal/arm64/ProductionTutor-Swift.h -working-directory /Users/marcboyer/LogicAudioAssistant/LogicAudioAssistant.xcodeproj -no-emit-module-separately-wmo

SwiftCompile normal arm64 Compiling\ resource_bundle_accessor.swift,\ CommunityCandidateCorpus.generated.swift,\ CommunityCandidateCorpus.swift,\ GeneralTutorAnswer.swift,\ GeneralTutorCoordinator.swift,\ GeneralTutorDomains.swift,\ GeneralTutorEvaluation.swift,\ GeneralTutorKnowledge.generated.swift,\ GeneralTutorKnowledge.swift,\ GeneralTutorQuestion.swift,\ GeneralTutorRetriever.swift,\ GeneralTutorRouter.swift,\ PersonalProfileStore.swift,\ TutorCauseModel.swift,\ TutorContextBuilder.swift,\ TutorContracts.swift,\ TutorEvaluationHarness.swift,\ TutorExplanationFormatter.swift,\ TutorFeedbackReducer.swift,\ TutorInterpretationContract.swift,\ TutorIssueVocabulary.swift,\ TutorKnowledgeValidator.swift,\ TutorLessonValidator.swift,\ TutorPlanner.swift,\ TutorProcedureKnowledge.generated.swift,\ TutorProcedureKnowledge.swift,\ TutorSessionStore.swift /Users/marcboyer/LogicAudioAssistant/.build/xcode-release-reviewfix/Build/Intermediates.noindex/LogicAudioAssistant.build/Release/ProductionTutor.build/DerivedSources/resource_bundle_accessor.swift /Users/marcboyer/LogicAudioAssistant/packages/ProductionTutor/Sources/ProductionTutor/CommunityCandidateCorpus.generated.swift /Users/marcboyer/LogicAudioAssistant/packages/ProductionTutor/Sources/ProductionTutor/CommunityCandidateCorpus.swift /Users/marcboyer/LogicAudioAssistant/packages/ProductionTutor/Sources/ProductionTutor/GeneralTutorAnswer.swift /Users/marcboyer/LogicAudioAssistant/packages/ProductionTutor/Sources/ProductionTutor/GeneralTutorCoordinator.swift /Users/marcboyer/LogicAudioAssistant/packages/ProductionTutor/Sources/ProductionTutor/GeneralTutorDomains.swift /Users/marcboyer/LogicAudioAssistant/packages/ProductionTutor/Sources/ProductionTutor/GeneralTutorEvaluation.swift /Users/marcboyer/LogicAudioAssistant/packages/ProductionTutor/Sources/ProductionTutor/GeneralTutorKnowledge.generated.swift /Users/marcboyer/LogicAudioAssistant/packages/ProductionTutor/Sources/ProductionTutor/GeneralTutorKnowledge.swift /Users/marcboyer/LogicAudioAssistant/packages/ProductionTutor/Sources/ProductionTutor/GeneralTutorQuestion.swift /Users/marcboyer/LogicAudioAssistant/packages/ProductionTutor/Sources/ProductionTutor/GeneralTutorRetriever.swift /Users/marcboyer/LogicAudioAssistant/packages/ProductionTutor/Sources/ProductionTutor/GeneralTutorRouter.swift /Users/marcboyer/LogicAudioAssistant/packages/ProductionTutor/Sources/ProductionTutor/PersonalProfileStore.swift /Users/marcboyer/LogicAudioAssistant/packages/ProductionTutor/Sources/ProductionTutor/TutorCauseModel.swift /Users/marcboyer/LogicAudioAssistant/packages/ProductionTutor/Sources/ProductionTutor/TutorContextBuilder.swift /Users/marcboyer/LogicAudioAssistant/packages/ProductionTutor/Sources/ProductionTutor/TutorContracts.swift /Users/marcboyer/LogicAudioAssistant/packages/ProductionTutor/Sources/ProductionTutor/TutorEvaluationHarness.swift /Users/marcboyer/LogicAudioAssistant/packages/ProductionTutor/Sources/ProductionTutor/TutorExplanationFormatter.swift /Users/marcboyer/LogicAudioAssistant/packages/ProductionTutor/Sources/ProductionTutor/TutorFeedbackReducer.swift /Users/marcboyer/LogicAudioAssistant/packages/ProductionTutor/Sources/ProductionTutor/TutorInterpretationContract.swift /Users/marcboyer/LogicAudioAssistant/packages/ProductionTutor/Sources/ProductionTutor/TutorIssueVocabulary.swift /Users/marcboyer/LogicAudioAssistant/packages/ProductionTutor/Sources/ProductionTutor/TutorKnowledgeValidator.swift /Users/marcboyer/LogicAudioAssistant/packages/ProductionTutor/Sources/ProductionTutor/TutorLessonValidator.swift /Users/marcboyer/LogicAudioAssistant/packages/ProductionTutor/Sources/ProductionTutor/TutorPlanner.swift /Users/marcboyer/LogicAudioAssistant/packages/ProductionTutor/Sources/ProductionTutor/TutorProcedureKnowledge.generated.swift /Users/marcboyer/LogicAudioAssistant/packages/ProductionTutor/Sources/ProductionTutor/TutorProcedureKnowledge.swift /Users/marcboyer/LogicAudioAssistant/packages/ProductionTutor/Sources/ProductionTutor/TutorSessionStore.swift /Applications/Xcode.app/Contents/Developer/Toolchains/XcodeDefault.xctoolchain/usr/lib/swift/macosx/prebuilt-modules/26.5/Dispatch.swiftmodule/arm64e-apple-macos.swiftmodule /Applications/Xcode.app/Contents/Developer/Toolchains/XcodeDefault.xctoolchain/usr/lib/swift/macosx/prebuilt-modules/26.5/Observation.swiftmodule/arm64e-apple-macos.swiftmodule /Applications/Xcode.app/Contents/Developer/Toolchains/XcodeDefault.xctoolchain/usr/lib/swift/macosx/prebuilt-modules/26.5/_StringProcessing.swiftmodule/arm64e-apple-macos.swiftmodule /Applications/Xcode.app/Contents/Developer/Toolchains/XcodeDefault.xctoolchain/usr/lib/swift/macosx/prebuilt-modules/26.5/Swift.swiftmodule/arm64e-apple-macos.swiftmodule /Applications/Xcode.app/Contents/Developer/Toolchains/XcodeDefault.xctoolchain/usr/lib/swift/macosx/prebuilt-modules/26.5/_DarwinFoundation3.swiftmodule/arm64e-apple-macos.swiftmodule /Applications/Xcode.app/Contents/Developer/Toolchains/XcodeDefault.xctoolchain/usr/lib/swift/macosx/prebuilt-modules/26.5/_DarwinFoundation2.swiftmodule/arm64e-apple-macos.swiftmodule /Applications/Xcode.app/Contents/Developer/Toolchains/XcodeDefault.xctoolchain/usr/lib/swift/macosx/prebuilt-modules/26.5/ObjectiveC.swiftmodule/arm64e-apple-macos.swiftmodule /Applications/Xcode.app/Contents/Developer/Toolchains/XcodeDefault.xctoolchain/usr/lib/swift/macosx/prebuilt-modules/26.5/_DarwinFoundation1.swiftmodule/arm64e-apple-macos.swiftmodule /Applications/Xcode.app/Contents/Developer/Toolchains/XcodeDefault.xctoolchain/usr/lib/swift/macosx/prebuilt-modules/26.5/IOKit.swiftmodule/arm64e-apple-macos.swiftmodule /Users/marcboyer/LogicAudioAssistant/.build/xcode-release-reviewfix/Build/Products/Release/DSPCore.swiftmodule/arm64-apple-macos.swiftmodule /Applications/Xcode.app/Contents/Developer/Toolchains/XcodeDefault.xctoolchain/usr/lib/swift/macosx/prebuilt-modules/26.5/XPC.swiftmodule/arm64e-apple-macos.swiftmodule /Applications/Xcode.app/Contents/Developer/Toolchains/XcodeDefault.xctoolchain/usr/lib/swift/macosx/prebuilt-modules/26.5/Combine.swiftmodule/arm64e-apple-macos.swiftmodule /Users/marcboyer/LogicAudioAssistant/.build/xcode-release-reviewfix/Build/Products/Release/AgentCore.swiftmodule/arm64-apple-macos.swiftmodule /Users/marcboyer/LogicAudioAssistant/.build/xcode-release-reviewfix/Build/Products/Release/AudioAnalysis.swiftmodule/arm64-apple-macos.swiftmodule /Applications/Xcode.app/Contents/Developer/Toolchains/XcodeDefault.xctoolchain/usr/lib/swift/macosx/prebuilt-modules/26.5/_Builtin_float.swiftmodule/arm64e-apple-macos.swiftmodule /Applications/Xcode.app/Contents/Developer/Toolchains/XcodeDefault.xctoolchain/usr/lib/swift/macosx/prebuilt-modules/26.5/Darwin.swiftmodule/arm64e-apple-macos.swiftmodule /Applications/Xcode.app/Contents/Developer/Toolchains/XcodeDefault.xctoolchain/usr/lib/swift/macosx/prebuilt-modules/26.5/_Concurrency.swiftmodule/arm64e-apple-macos.swiftmodule /Applications/Xcode.app/Contents/Developer/Toolchains/XcodeDefault.xctoolchain/usr/lib/swift/macosx/prebuilt-modules/26.5/Foundation.swiftmodule/arm64e-apple-macos.swiftmodule /Applications/Xcode.app/Contents/Developer/Toolchains/XcodeDefault.xctoolchain/usr/lib/swift/macosx/prebuilt-modules/26.5/System.swiftmodule/arm64e-apple-macos.swiftmodule /Applications/Xcode.app/Contents/Developer/Toolchains/XcodeDefault.xctoolchain/usr/lib/swift/macosx/prebuilt-modules/26.5/CoreFoundation.swiftmodule/arm64e-apple-macos.swiftmodule /Applications/Xcode.app/Contents/Developer/Toolchains/XcodeDefault.xctoolchain/usr/lib/swift/macosx/prebuilt-modules/26.5/LocalAuthentication.swiftmodule/arm64e-apple-macos.swiftmodule /Users/marcboyer/LogicAudioAssistant/.build/xcode-release-reviewfix/Build/Products/Release/PlanSchema.swiftmodule/arm64-apple-macos.swiftmodule /Applications/Xcode.app/Contents/Developer/Toolchains/XcodeDefault.xctoolchain/usr/lib/swift/macosx/prebuilt-modules/26.5/CryptoKit.swiftmodule/arm64e-apple-macos.swiftmodule /Users/marcboyer/LogicAudioAssistant/.build/xcode-release-reviewfix/ModuleCache.noindex/ptrcheck-47LT4S3L11YU6Q9VER2S68CGD.pcm /Users/marcboyer/LogicAudioAssistant/.build/xcode-release-reviewfix/ModuleCache.noindex/_Builtin_float-5R2UINMN9L91RWGT6OT8ABUIQ.pcm /Users/marcboyer/LogicAudioAssistant/.build/xcode-release-reviewfix/ModuleCache.noindex/_Builtin_limits-F4U81MW454IOIFK2P2N6IHEJZ.pcm /Users/marcboyer/LogicAudioAssistant/.build/xcode-release-reviewfix/ModuleCache.noindex/Dispatch-CUQGM1TJMSISSLM5Z92C0XTXR.pcm /Users/marcboyer/LogicAudioAssistant/.build/xcode-release-reviewfix/ModuleCache.noindex/_Builtin_stdarg-CWWWL82UT7IK5S1LU2O31362H.pcm /Users/marcboyer/LogicAudioAssistant/.build/xcode-release-reviewfix/ModuleCache.noindex/_Builtin_inttypes-364ERU32814XYMNW9SAVWWGAK.pcm /Users/marcboyer/LogicAudioAssistant/.build/xcode-release-reviewfix/ModuleCache.noindex/ptrauth-64OXNBF3VV5OQLDK24WP1L156.pcm /Users/marcboyer/LogicAudioAssistant/.build/xcode-release-reviewfix/ModuleCache.noindex/CFNetwork-DCOK03ZG7J5FK41HS656DYLAB.pcm /Users/marcboyer/LogicAudioAssistant/.build/xcode-release-reviewfix/ModuleCache.noindex/_SwiftConcurrencyShims-4CTOMMMGO74XNGXANM54895KH.pcm /Users/marcboyer/LogicAudioAssistant/.build/xcode-release-reviewfix/ModuleCache.noindex/_Builtin_stddef-48R31SFXF0EDU179M0TI36NZN.pcm /Users/marcboyer/LogicAudioAssistant/.build/xcode-release-reviewfix/ModuleCache.noindex/_DarwinFoundation1-CYEM2TCTCHPK037IGQ2AGJFID.pcm /Users/marcboyer/LogicAudioAssistant/.build/xcode-release-reviewfix/ModuleCache.noindex/Security-2ZYGTAZHFO7YKSB8QH4RI46TN.pcm /Users/marcboyer/LogicAudioAssistant/.build/xcode-release-reviewfix/ModuleCache.noindex/SwiftShims-CUX3A0TB62NGY33ZT4Q0SO22J.pcm /Users/marcboyer/LogicAudioAssistant/.build/xcode-release-reviewfix/ModuleCache.noindex/Darwin-EOVFZ2A7A6Y7YSD0R2FZ6CDPQ.pcm /Users/marcboyer/LogicAudioAssistant/.build/xcode-release-reviewfix/ModuleCache.noindex/_Builtin_stdbool-EGVF9C21Q9GXEBEYUU0SJOSN7.pcm /Users/marcboyer/LogicAudioAssistant/.build/xcode-release-reviewfix/ModuleCache.noindex/XPC-6P49AK1FVMZ0QLVI1FWJY8FUU.pcm /Users/marcboyer/LogicAudioAssistant/.build/xcode-release-reviewfix/ModuleCache.noindex/MachO-1DVCBDOQTFP9F50B55M42QA85.pcm /Users/marcboyer/LogicAudioAssistant/.build/xcode-release-reviewfix/ModuleCache.noindex/_DarwinFoundation2-1LSZKCO2UAG2QKRWA0VFHWGGX.pcm /Users/marcboyer/LogicAudioAssistant/.build/xcode-release-reviewfix/ModuleCache.noindex/_Builtin_stdint-AHO2ZCLKYE3V6VNKY3AF2VI5S.pcm /Users/marcboyer/LogicAudioAssistant/.build/xcode-release-reviewfix/ModuleCache.noindex/_DarwinFoundation3-6G3O5TG2GZYAT0U5YTIH7PTLY.pcm /Users/marcboyer/LogicAudioAssistant/.build/xcode-release-reviewfix/Build/Intermediates.noindex/SwiftExplicitPrecompiledModules/CAtomics-DA9ZLSI8OU8OEPCK82XECC9UR.pcm /Users/marcboyer/LogicAudioAssistant/.build/xcode-release-reviewfix/ModuleCache.noindex/os_object-D5CL3IB6WSXWFIAROWRK10P2J.pcm /Users/marcboyer/LogicAudioAssistant/.build/xcode-release-reviewfix/ModuleCache.noindex/IOKit-32EHD05OB5G07QM5B2WIXNRGF.pcm /Users/marcboyer/LogicAudioAssistant/.build/xcode-release-reviewfix/ModuleCache.noindex/launch-BG9N65BE7P5Z2OTZDEFKS9Z9I.pcm /Users/marcboyer/LogicAudioAssistant/.build/xcode-release-reviewfix/ModuleCache.noindex/Foundation-488OCGQ676PGZMBG2B3RYVRGS.pcm /Users/marcboyer/LogicAudioAssistant/.build/xcode-release-reviewfix/ModuleCache.noindex/ObjectiveC-A4ASO8WBMH3J1EIDI52P3U0K7.pcm /Users/marcboyer/LogicAudioAssistant/.build/xcode-release-reviewfix/ModuleCache.noindex/DiskArbitration-F17P3FCPVJQI0VM03KID3J11B.pcm /Users/marcboyer/LogicAudioAssistant/.build/xcode-release-reviewfix/ModuleCache.noindex/os_workgroup-8BYCFEZ17OB5P95BFB4Z1QAYY.pcm /Users/marcboyer/LogicAudioAssistant/.build/xcode-release-reviewfix/ModuleCache.noindex/CoreServices-1M1WUIDAYFGL66MBP72IVLZOB.pcm /Users/marcboyer/LogicAudioAssistant/.build/xcode-release-reviewfix/ModuleCache.noindex/CoreFoundation-608YLRQF7KP9OP338B9BGET4L.pcm /Users/marcboyer/LogicAudioAssistant/.build/xcode-release-reviewfix/ModuleCache.noindex/libDER-B1GNCKHYYP5XS5TPY4XS1BUV7.pcm /Users/marcboyer/LogicAudioAssistant/.build/xcode-release-reviewfix/ModuleCache.noindex/_AvailabilityInternal-7JY0KCW9ZRT98KGWHVERRF9OJ.pcm /Users/marcboyer/LogicAudioAssistant/.build/xcode-release-reviewfix/ModuleCache.noindex/libkern-AFKJN9UCJTLDVRE749AR52JNO.pcm /Users/marcboyer/LogicAudioAssistant/.build/xcode-release-reviewfix/ModuleCache.noindex/LocalAuthentication-CC4IYRDEDZAUVZ0EIWGGFGFEY.pcm /Users/marcboyer/LogicAudioAssistant/.build/xcode-release-reviewfix/ModuleCache.noindex/sys_types-62X0RFAO1T07ID6H9QNK9FW4I.pcm /Users/marcboyer/LogicAudioAssistant/.build/xcode-release-reviewfix/Build/Intermediates.noindex/LogicAudioAssistant.build/Release/ProductionTutor.build/Objects-normal/arm64/ProductionTutor-dependencies-1.json (in target 'ProductionTutor' from project 'LogicAudioAssistant' at path '/Users/marcboyer/LogicAudioAssistant/Package.swift')
CompileSwift normal arm64 (in target 'ProductionTutor' from project 'LogicAudioAssistant' at path '/Users/marcboyer/LogicAudioAssistant/Package.swift')
    cd /Users/marcboyer/LogicAudioAssistant/LogicAudioAssistant.xcodeproj
    
/Users/marcboyer/LogicAudioAssistant/packages/ProductionTutor/Sources/ProductionTutor/GeneralTutorCoordinator.swift:472:23: warning: no calls to throwing functions occur within 'try' expression
        let planner = try? TutorPlanner(catalog: procedureCatalog)
                      ^

SwiftDriver\ Compilation ProductionIntelligence normal arm64 com.apple.xcode.tools.swift.compiler (in target 'ProductionIntelligence' from project 'LogicAudioAssistant' at path '/Users/marcboyer/LogicAudioAssistant/Package.swift')
    cd /Users/marcboyer/LogicAudioAssistant/LogicAudioAssistant.xcodeproj
    builtin-Swift-Compilation -- /Applications/Xcode.app/Contents/Developer/Toolchains/XcodeDefault.xctoolchain/usr/bin/swiftc -module-name ProductionIntelligence -O -whole-module-optimization @/Users/marcboyer/LogicAudioAssistant/.build/xcode-release-reviewfix/Build/Intermediates.noindex/LogicAudioAssistant.build/Release/ProductionIntelligence.build/Objects-normal/arm64/ProductionIntelligence.SwiftFileList -DSWIFT_PACKAGE -DSWIFT_MODULE_RESOURCE_BUNDLE_UNAVAILABLE -Xcc -fmodule-map-file\=/Users/marcboyer/LogicAudioAssistant/.build/xcode-release-reviewfix/Build/Intermediates.noindex/GeneratedModuleMaps/CAtomics.modulemap -DXcode -plugin-path /Applications/Xcode.app/Contents/Developer/Toolchains/XcodeDefault.xctoolchain/usr/lib/swift/host/plugins/testing -enable-experimental-feature DebugDescriptionMacro -sdk /Applications/Xcode.app/Contents/Developer/Platforms/MacOSX.platform/Developer/SDKs/MacOSX26.5.sdk -target arm64-apple-macos14.0 -g -module-cache-path /Users/marcboyer/LogicAudioAssistant/.build/xcode-release-reviewfix/ModuleCache.noindex -Xfrontend -serialize-debugging-options -swift-version 6 -I /Users/marcboyer/LogicAudioAssistant/.build/xcode-release-reviewfix/Build/Products/Release -Isystem /Applications/Xcode.app/Contents/Developer/Platforms/MacOSX.platform/Developer/usr/lib -F /Users/marcboyer/LogicAudioAssistant/.build/xcode-release-reviewfix/Build/Products/Release/PackageFrameworks -F /Users/marcboyer/LogicAudioAssistant/.build/xcode-release-reviewfix/Build/Products/Release/PackageFrameworks -F /Users/marcboyer/LogicAudioAssistant/.build/xcode-release-reviewfix/Build/Products/Release/PackageFrameworks -F /Users/marcboyer/LogicAudioAssistant/.build/xcode-release-reviewfix/Build/Products/Release/PackageFrameworks -F /Users/marcboyer/LogicAudioAssistant/.build/xcode-release-reviewfix/Build/Products/Release/PackageFrameworks -F /Users/marcboyer/LogicAudioAssistant/.build/xcode-release-reviewfix/Build/Products/Release/PackageFrameworks -F /Users/marcboyer/LogicAudioAssistant/.build/xcode-release-reviewfix/Build/Products/Release -F /Applications/Xcode.app/Contents/Developer/Platforms/MacOSX.platform/Developer/Library/Frameworks -c -num-threads 10 -Xcc -ivfsstatcache -Xcc /Users/marcboyer/LogicAudioAssistant/.build/xcode-release-reviewfix/SDKStatCaches.noindex/macosx26.5-25F70-e082c4a02f00227109f4ed75e425c832.sdkstatcache -output-file-map /Users/marcboyer/LogicAudioAssistant/.build/xcode-release-reviewfix/Build/Intermediates.noindex/LogicAudioAssistant.build/Release/ProductionIntelligence.build/Objects-normal/arm64/ProductionIntelligence-OutputFileMap.json -use-frontend-parseable-output -save-temps -no-color-diagnostics -explicit-module-build -module-cache-path /Users/marcboyer/LogicAudioAssistant/.build/xcode-release-reviewfix/Build/Intermediates.noindex/SwiftExplicitPrecompiledModules -clang-scanner-module-cache-path /Users/marcboyer/LogicAudioAssistant/.build/xcode-release-reviewfix/ModuleCache.noindex -sdk-module-cache-path /Users/marcboyer/LogicAudioAssistant/.build/xcode-release-reviewfix/ModuleCache.noindex -serialize-diagnostics -emit-dependencies -emit-module -emit-module-path /Users/marcboyer/LogicAudioAssistant/.build/xcode-release-reviewfix/Build/Intermediates.noindex/LogicAudioAssistant.build/Release/ProductionIntelligence.build/Objects-normal/arm64/ProductionIntelligence.swiftmodule -validate-clang-modules-once -clang-build-session-file /Users/marcboyer/LogicAudioAssistant/.build/xcode-release-reviewfix/ModuleCache.noindex/Session.modulevalidation -package-name logicaudioassistant -Xcc -I/Users/marcboyer/LogicAudioAssistant/.build/xcode-release-reviewfix/Build/Intermediates.noindex/LogicAudioAssistant.build/Release/ProductionIntelligence.build/swift-overrides.hmap -emit-const-values -Xfrontend -const-gather-protocols-file -Xfrontend /Users/marcboyer/LogicAudioAssistant/.build/xcode-release-reviewfix/Build/Intermediates.noindex/LogicAudioAssistant.build/Release/ProductionIntelligence.build/Objects-normal/arm64/ProductionIntelligence_const_extract_protocols.json -Xcc -I/Users/marcboyer/LogicAudioAssistant/packages/CAtomics/include -Xcc -I/Users/marcboyer/LogicAudioAssistant/.build/xcode-release-reviewfix/Build/Products/Release/include -Xcc -I/Users/marcboyer/LogicAudioAssistant/.build/xcode-release-reviewfix/Build/Intermediates.noindex/LogicAudioAssistant.build/Release/ProductionIntelligence.build/DerivedSources-normal/arm64 -Xcc -I/Users/marcboyer/LogicAudioAssistant/.build/xcode-release-reviewfix/Build/Intermediates.noindex/LogicAudioAssistant.build/Release/ProductionIntelligence.build/DerivedSources/arm64 -Xcc -I/Users/marcboyer/LogicAudioAssistant/.build/xcode-release-reviewfix/Build/Intermediates.noindex/LogicAudioAssistant.build/Release/ProductionIntelligence.build/DerivedSources -Xcc -DSWIFT_PACKAGE -emit-objc-header -emit-objc-header-path /Users/marcboyer/LogicAudioAssistant/.build/xcode-release-reviewfix/Build/Intermediates.noindex/LogicAudioAssistant.build/Release/ProductionIntelligence.build/Objects-normal/arm64/ProductionIntelligence-Swift.h -working-directory /Users/marcboyer/LogicAudioAssistant/LogicAudioAssistant.xcodeproj -no-emit-module-separately-wmo

SwiftCompile normal arm64 Compiling\ AbstractMusicianLanguageKnowledge.generated.swift,\ AbstractMusicianLanguageKnowledge.swift,\ AppleFoundationModelProvider.swift,\ ConversationStateStore.swift,\ ConversationalRevisionResolver.swift,\ DeterministicContextBuilder.swift,\ GeminiInteractionsProvider.swift,\ LogicCoreEffectPriority.generated.swift,\ LogicEditorToolKnowledge.generated.swift,\ LogicEditorToolKnowledge.swift,\ LogicNativeInstrumentKnowledge.generated.swift,\ LogicNativeToolKnowledge.generated.swift,\ LogicNativeToolKnowledge.swift,\ ModelOutputValidator.swift,\ OpenAIResponsesProvider.swift,\ ProductionIntelligenceCoordinator.swift,\ ProductionRevisionCoordinator.swift,\ ProviderCredentialStore.swift,\ ProviderEvaluationHarness.swift,\ ProviderHTTPTransport.swift,\ ProviderResponseReplayGuard.swift /Users/marcboyer/LogicAudioAssistant/packages/ProductionIntelligence/Sources/ProductionIntelligence/AbstractMusicianLanguageKnowledge.generated.swift /Users/marcboyer/LogicAudioAssistant/packages/ProductionIntelligence/Sources/ProductionIntelligence/AbstractMusicianLanguageKnowledge.swift /Users/marcboyer/LogicAudioAssistant/packages/ProductionIntelligence/Sources/ProductionIntelligence/AppleFoundationModelProvider.swift /Users/marcboyer/LogicAudioAssistant/packages/ProductionIntelligence/Sources/ProductionIntelligence/ConversationStateStore.swift /Users/marcboyer/LogicAudioAssistant/packages/ProductionIntelligence/Sources/ProductionIntelligence/ConversationalRevisionResolver.swift /Users/marcboyer/LogicAudioAssistant/packages/ProductionIntelligence/Sources/ProductionIntelligence/DeterministicContextBuilder.swift /Users/marcboyer/LogicAudioAssistant/packages/ProductionIntelligence/Sources/ProductionIntelligence/GeminiInteractionsProvider.swift /Users/marcboyer/LogicAudioAssistant/packages/ProductionIntelligence/Sources/ProductionIntelligence/LogicCoreEffectPriority.generated.swift /Users/marcboyer/LogicAudioAssistant/packages/ProductionIntelligence/Sources/ProductionIntelligence/LogicEditorToolKnowledge.generated.swift /Users/marcboyer/LogicAudioAssistant/packages/ProductionIntelligence/Sources/ProductionIntelligence/LogicEditorToolKnowledge.swift /Users/marcboyer/LogicAudioAssistant/packages/ProductionIntelligence/Sources/ProductionIntelligence/LogicNativeInstrumentKnowledge.generated.swift /Users/marcboyer/LogicAudioAssistant/packages/ProductionIntelligence/Sources/ProductionIntelligence/LogicNativeToolKnowledge.generated.swift /Users/marcboyer/LogicAudioAssistant/packages/ProductionIntelligence/Sources/ProductionIntelligence/LogicNativeToolKnowledge.swift /Users/marcboyer/LogicAudioAssistant/packages/ProductionIntelligence/Sources/ProductionIntelligence/ModelOutputValidator.swift /Users/marcboyer/LogicAudioAssistant/packages/ProductionIntelligence/Sources/ProductionIntelligence/OpenAIResponsesProvider.swift /Users/marcboyer/LogicAudioAssistant/packages/ProductionIntelligence/Sources/ProductionIntelligence/ProductionIntelligenceCoordinator.swift /Users/marcboyer/LogicAudioAssistant/packages/ProductionIntelligence/Sources/ProductionIntelligence/ProductionRevisionCoordinator.swift /Users/marcboyer/LogicAudioAssistant/packages/ProductionIntelligence/Sources/ProductionIntelligence/ProviderCredentialStore.swift /Users/marcboyer/LogicAudioAssistant/packages/ProductionIntelligence/Sources/ProductionIntelligence/ProviderEvaluationHarness.swift /Users/marcboyer/LogicAudioAssistant/packages/ProductionIntelligence/Sources/ProductionIntelligence/ProviderHTTPTransport.swift /Users/marcboyer/LogicAudioAssistant/packages/ProductionIntelligence/Sources/ProductionIntelligence/ProviderResponseReplayGuard.swift /Applications/Xcode.app/Contents/Developer/Toolchains/XcodeDefault.xctoolchain/usr/lib/swift/macosx/prebuilt-modules/26.5/_StringProcessing.swiftmodule/arm64e-apple-macos.swiftmodule /Applications/Xcode.app/Contents/Developer/Toolchains/XcodeDefault.xctoolchain/usr/lib/swift/macosx/prebuilt-modules/26.5/Dispatch.swiftmodule/arm64e-apple-macos.swiftmodule /Applications/Xcode.app/Contents/Developer/Toolchains/XcodeDefault.xctoolchain/usr/lib/swift/macosx/prebuilt-modules/26.5/Foundation.swiftmodule/arm64e-apple-macos.swiftmodule /Applications/Xcode.app/Contents/Developer/Toolchains/XcodeDefault.xctoolchain/usr/lib/swift/macosx/prebuilt-modules/26.5/Darwin.swiftmodule/arm64e-apple-macos.swiftmodule /Applications/Xcode.app/Contents/Developer/Toolchains/XcodeDefault.xctoolchain/usr/lib/swift/macosx/prebuilt-modules/26.5/System.swiftmodule/arm64e-apple-macos.swiftmodule /Applications/Xcode.app/Contents/Developer/Toolchains/XcodeDefault.xctoolchain/usr/lib/swift/macosx/prebuilt-modules/26.5/XPC.swiftmodule/arm64e-apple-macos.swiftmodule /Applications/Xcode.app/Contents/Developer/Toolchains/XcodeDefault.xctoolchain/usr/lib/swift/macosx/prebuilt-modules/26.5/CoreGraphics.swiftmodule/arm64e-apple-macos.swiftmodule /Applications/Xcode.app/Contents/Developer/Toolchains/XcodeDefault.xctoolchain/usr/lib/swift/macosx/prebuilt-modules/26.5/ObjectiveC.swiftmodule/arm64e-apple-macos.swiftmodule /Users/marcboyer/LogicAudioAssistant/.build/xcode-release-reviewfix/Build/Products/Release/PlanSchema.swiftmodule/arm64-apple-macos.swiftmodule /Applications/Xcode.app/Contents/Developer/Toolchains/XcodeDefault.xctoolchain/usr/lib/swift/macosx/prebuilt-modules/26.5/_DarwinFoundation2.swiftmodule/arm64e-apple-macos.swiftmodule /Users/marcboyer/LogicAudioAssistant/.build/xcode-release-reviewfix/Build/Products/Release/AudioAnalysis.swiftmodule/arm64-apple-macos.swiftmodule /Applications/Xcode.app/Contents/Developer/Toolchains/XcodeDefault.xctoolchain/usr/lib/swift/macosx/prebuilt-modules/26.5/_Concurrency.swiftmodule/arm64e-apple-macos.swiftmodule /Users/marcboyer/LogicAudioAssistant/.build/xcode-release-reviewfix/Build/Products/Release/DSPCore.swiftmodule/arm64-apple-macos.swiftmodule /Applications/Xcode.app/Contents/Developer/Toolchains/XcodeDefault.xctoolchain/usr/lib/swift/macosx/prebuilt-modules/26.5/_DarwinFoundation3.swiftmodule/arm64e-apple-macos.swiftmodule /Applications/Xcode.app/Contents/Developer/Toolchains/XcodeDefault.xctoolchain/usr/lib/swift/macosx/prebuilt-modules/26.5/CryptoKit.swiftmodule/arm64e-apple-macos.swiftmodule /Applications/Xcode.app/Contents/Developer/Toolchains/XcodeDefault.xctoolchain/usr/lib/swift/macosx/prebuilt-modules/26.5/Observation.swiftmodule/arm64e-apple-macos.swiftmodule /Applications/Xcode.app/Contents/Developer/Toolchains/XcodeDefault.xctoolchain/usr/lib/swift/macosx/prebuilt-modules/26.5/Swift.swiftmodule/arm64e-apple-macos.swiftmodule /Applications/Xcode.app/Contents/Developer/Toolchains/XcodeDefault.xctoolchain/usr/lib/swift/macosx/prebuilt-modules/26.5/IOKit.swiftmodule/arm64e-apple-macos.swiftmodule /Applications/Xcode.app/Contents/Developer/Toolchains/XcodeDefault.xctoolchain/usr/lib/swift/macosx/prebuilt-modules/26.5/_DarwinFoundation1.swiftmodule/arm64e-apple-macos.swiftmodule /Applications/Xcode.app/Contents/Developer/Toolchains/XcodeDefault.xctoolchain/usr/lib/swift/macosx/prebuilt-modules/26.5/_Builtin_float.swiftmodule/arm64e-apple-macos.swiftmodule /Users/marcboyer/LogicAudioAssistant/.build/xcode-release-reviewfix/Build/Products/Release/AgentCore.swiftmodule/arm64-apple-macos.swiftmodule /Applications/Xcode.app/Contents/Developer/Toolchains/XcodeDefault.xctoolchain/usr/lib/swift/macosx/prebuilt-modules/26.5/CoreFoundation.swiftmodule/arm64e-apple-macos.swiftmodule /Applications/Xcode.app/Contents/Developer/Toolchains/XcodeDefault.xctoolchain/usr/lib/swift/macosx/prebuilt-modules/26.5/LocalAuthentication.swiftmodule/arm64e-apple-macos.swiftmodule /Applications/Xcode.app/Contents/Developer/Toolchains/XcodeDefault.xctoolchain/usr/lib/swift/macosx/prebuilt-modules/26.5/FoundationModels.swiftmodule/arm64e-apple-macos.swiftmodule /Applications/Xcode.app/Contents/Developer/Toolchains/XcodeDefault.xctoolchain/usr/lib/swift/macosx/prebuilt-modules/26.5/Combine.swiftmodule/arm64e-apple-macos.swiftmodule /Users/marcboyer/LogicAudioAssistant/.build/xcode-release-reviewfix/ModuleCache.noindex/ptrcheck-47LT4S3L11YU6Q9VER2S68CGD.pcm /Users/marcboyer/LogicAudioAssistant/.build/xcode-release-reviewfix/ModuleCache.noindex/_Builtin_float-5R2UINMN9L91RWGT6OT8ABUIQ.pcm /Users/marcboyer/LogicAudioAssistant/.build/xcode-release-reviewfix/ModuleCache.noindex/_Builtin_limits-F4U81MW454IOIFK2P2N6IHEJZ.pcm /Users/marcboyer/LogicAudioAssistant/.build/xcode-release-reviewfix/ModuleCache.noindex/Dispatch-CUQGM1TJMSISSLM5Z92C0XTXR.pcm /Users/marcboyer/LogicAudioAssistant/.build/xcode-release-reviewfix/ModuleCache.noindex/_Builtin_stdarg-CWWWL82UT7IK5S1LU2O31362H.pcm /Users/marcboyer/LogicAudioAssistant/.build/xcode-release-reviewfix/ModuleCache.noindex/_Builtin_inttypes-364ERU32814XYMNW9SAVWWGAK.pcm /Users/marcboyer/LogicAudioAssistant/.build/xcode-release-reviewfix/ModuleCache.noindex/ptrauth-64OXNBF3VV5OQLDK24WP1L156.pcm /Users/marcboyer/LogicAudioAssistant/.build/xcode-release-reviewfix/ModuleCache.noindex/CFNetwork-DCOK03ZG7J5FK41HS656DYLAB.pcm /Users/marcboyer/LogicAudioAssistant/.build/xcode-release-reviewfix/ModuleCache.noindex/_SwiftConcurrencyShims-4CTOMMMGO74XNGXANM54895KH.pcm /Users/marcboyer/LogicAudioAssistant/.build/xcode-release-reviewfix/ModuleCache.noindex/_Builtin_stddef-48R31SFXF0EDU179M0TI36NZN.pcm /Users/marcboyer/LogicAudioAssistant/.build/xcode-release-reviewfix/ModuleCache.noindex/_DarwinFoundation1-CYEM2TCTCHPK037IGQ2AGJFID.pcm /Users/marcboyer/LogicAudioAssistant/.build/xcode-release-reviewfix/ModuleCache.noindex/Security-2ZYGTAZHFO7YKSB8QH4RI46TN.pcm /Users/marcboyer/LogicAudioAssistant/.build/xcode-release-reviewfix/ModuleCache.noindex/SwiftShims-CUX3A0TB62NGY33ZT4Q0SO22J.pcm /Users/marcboyer/LogicAudioAssistant/.build/xcode-release-reviewfix/ModuleCache.noindex/Darwin-EOVFZ2A7A6Y7YSD0R2FZ6CDPQ.pcm /Users/marcboyer/LogicAudioAssistant/.build/xcode-release-reviewfix/ModuleCache.noindex/_Builtin_stdbool-EGVF9C21Q9GXEBEYUU0SJOSN7.pcm /Users/marcboyer/LogicAudioAssistant/.build/xcode-release-reviewfix/ModuleCache.noindex/XPC-6P49AK1FVMZ0QLVI1FWJY8FUU.pcm /Users/marcboyer/LogicAudioAssistant/.build/xcode-release-reviewfix/ModuleCache.noindex/MachO-1DVCBDOQTFP9F50B55M42QA85.pcm /Users/marcboyer/LogicAudioAssistant/.build/xcode-release-reviewfix/ModuleCache.noindex/_DarwinFoundation2-1LSZKCO2UAG2QKRWA0VFHWGGX.pcm /Users/marcboyer/LogicAudioAssistant/.build/xcode-release-reviewfix/ModuleCache.noindex/_Builtin_stdint-AHO2ZCLKYE3V6VNKY3AF2VI5S.pcm /Users/marcboyer/LogicAudioAssistant/.build/xcode-release-reviewfix/ModuleCache.noindex/_DarwinFoundation3-6G3O5TG2GZYAT0U5YTIH7PTLY.pcm /Users/marcboyer/LogicAudioAssistant/.build/xcode-release-reviewfix/Build/Intermediates.noindex/SwiftExplicitPrecompiledModules/CAtomics-DA9ZLSI8OU8OEPCK82XECC9UR.pcm /Users/marcboyer/LogicAudioAssistant/.build/xcode-release-reviewfix/ModuleCache.noindex/os_object-D5CL3IB6WSXWFIAROWRK10P2J.pcm /Users/marcboyer/LogicAudioAssistant/.build/xcode-release-reviewfix/ModuleCache.noindex/IOKit-32EHD05OB5G07QM5B2WIXNRGF.pcm /Users/marcboyer/LogicAudioAssistant/.build/xcode-release-reviewfix/ModuleCache.noindex/launch-BG9N65BE7P5Z2OTZDEFKS9Z9I.pcm /Users/marcboyer/LogicAudioAssistant/.build/xcode-release-reviewfix/ModuleCache.noindex/Foundation-488OCGQ676PGZMBG2B3RYVRGS.pcm /Users/marcboyer/LogicAudioAssistant/.build/xcode-release-reviewfix/ModuleCache.noindex/ObjectiveC-A4ASO8WBMH3J1EIDI52P3U0K7.pcm /Users/marcboyer/LogicAudioAssistant/.build/xcode-release-reviewfix/ModuleCache.noindex/DiskArbitration-F17P3FCPVJQI0VM03KID3J11B.pcm /Users/marcboyer/LogicAudioAssistant/.build/xcode-release-reviewfix/ModuleCache.noindex/os_workgroup-8BYCFEZ17OB5P95BFB4Z1QAYY.pcm /Users/marcboyer/LogicAudioAssistant/.build/xcode-release-reviewfix/ModuleCache.noindex/CoreServices-1M1WUIDAYFGL66MBP72IVLZOB.pcm /Users/marcboyer/LogicAudioAssistant/.build/xcode-release-reviewfix/ModuleCache.noindex/CoreFoundation-608YLRQF7KP9OP338B9BGET4L.pcm /Users/marcboyer/LogicAudioAssistant/.build/xcode-release-reviewfix/ModuleCache.noindex/libDER-B1GNCKHYYP5XS5TPY4XS1BUV7.pcm /Users/marcboyer/LogicAudioAssistant/.build/xcode-release-reviewfix/ModuleCache.noindex/_AvailabilityInternal-7JY0KCW9ZRT98KGWHVERRF9OJ.pcm /Users/marcboyer/LogicAudioAssistant/.build/xcode-release-reviewfix/ModuleCache.noindex/libkern-AFKJN9UCJTLDVRE749AR52JNO.pcm /Users/marcboyer/LogicAudioAssistant/.build/xcode-release-reviewfix/ModuleCache.noindex/LocalAuthentication-CC4IYRDEDZAUVZ0EIWGGFGFEY.pcm /Users/marcboyer/LogicAudioAssistant/.build/xcode-release-reviewfix/ModuleCache.noindex/sys_types-62X0RFAO1T07ID6H9QNK9FW4I.pcm /Users/marcboyer/LogicAudioAssistant/.build/xcode-release-reviewfix/ModuleCache.noindex/CoreGraphics-84X8IRL414PSX1JMRTMCWD8Y9.pcm /Users/marcboyer/LogicAudioAssistant/.build/xcode-release-reviewfix/Build/Intermediates.noindex/LogicAudioAssistant.build/Release/ProductionIntelligence.build/Objects-normal/arm64/ProductionIntelligence-dependencies-1.json (in target 'ProductionIntelligence' from project 'LogicAudioAssistant' at path '/Users/marcboyer/LogicAudioAssistant/Package.swift')
CompileSwift normal arm64 (in target 'ProductionIntelligence' from project 'LogicAudioAssistant' at path '/Users/marcboyer/LogicAudioAssistant/Package.swift')
    cd /Users/marcboyer/LogicAudioAssistant/LogicAudioAssistant.xcodeproj
    

SwiftDriverJobDiscovery normal arm64 Compiling VocalCapture.swift, VocalContracts.swift, VocalCreativePlanner.swift, VocalHandoff.swift, VocalIntentInterpreter.swift, VocalRevision.swift, VocalScopedAssetRenderer.swift, VocalSessionStore.swift (in target 'VocalProduction' from project 'LogicAudioAssistant' at path '/Users/marcboyer/LogicAudioAssistant/Package.swift')

SwiftDriver\ Compilation\ Requirements VocalProduction normal arm64 com.apple.xcode.tools.swift.compiler (in target 'VocalProduction' from project 'LogicAudioAssistant' at path '/Users/marcboyer/LogicAudioAssistant/Package.swift')
    cd /Users/marcboyer/LogicAudioAssistant/LogicAudioAssistant.xcodeproj
    builtin-Swift-Compilation-Requirements -- /Applications/Xcode.app/Contents/Developer/Toolchains/XcodeDefault.xctoolchain/usr/bin/swiftc -module-name VocalProduction -O -whole-module-optimization @/Users/marcboyer/LogicAudioAssistant/.build/xcode-release-reviewfix/Build/Intermediates.noindex/LogicAudioAssistant.build/Release/VocalProduction.build/Objects-normal/arm64/VocalProduction.SwiftFileList -DSWIFT_PACKAGE -DSWIFT_MODULE_RESOURCE_BUNDLE_UNAVAILABLE -Xcc -fmodule-map-file\=/Users/marcboyer/LogicAudioAssistant/.build/xcode-release-reviewfix/Build/Intermediates.noindex/GeneratedModuleMaps/CAtomics.modulemap -DXcode -plugin-path /Applications/Xcode.app/Contents/Developer/Toolchains/XcodeDefault.xctoolchain/usr/lib/swift/host/plugins/testing -enable-experimental-feature DebugDescriptionMacro -sdk /Applications/Xcode.app/Contents/Developer/Platforms/MacOSX.platform/Developer/SDKs/MacOSX26.5.sdk -target arm64-apple-macos14.0 -g -module-cache-path /Users/marcboyer/LogicAudioAssistant/.build/xcode-release-reviewfix/ModuleCache.noindex -Xfrontend -serialize-debugging-options -swift-version 6 -I /Users/marcboyer/LogicAudioAssistant/.build/xcode-release-reviewfix/Build/Products/Release -Isystem /Applications/Xcode.app/Contents/Developer/Platforms/MacOSX.platform/Developer/usr/lib -F /Users/marcboyer/LogicAudioAssistant/.build/xcode-release-reviewfix/Build/Products/Release/PackageFrameworks -F /Users/marcboyer/LogicAudioAssistant/.build/xcode-release-reviewfix/Build/Products/Release/PackageFrameworks -F /Users/marcboyer/LogicAudioAssistant/.build/xcode-release-reviewfix/Build/Products/Release/PackageFrameworks -F /Users/marcboyer/LogicAudioAssistant/.build/xcode-release-reviewfix/Build/Products/Release/PackageFrameworks -F /Users/marcboyer/LogicAudioAssistant/.build/xcode-release-reviewfix/Build/Products/Release -F /Applications/Xcode.app/Contents/Developer/Platforms/MacOSX.platform/Developer/Library/Frameworks -c -num-threads 10 -Xcc -ivfsstatcache -Xcc /Users/marcboyer/LogicAudioAssistant/.build/xcode-release-reviewfix/SDKStatCaches.noindex/macosx26.5-25F70-e082c4a02f00227109f4ed75e425c832.sdkstatcache -output-file-map /Users/marcboyer/LogicAudioAssistant/.build/xcode-release-reviewfix/Build/Intermediates.noindex/LogicAudioAssistant.build/Release/VocalProduction.build/Objects-normal/arm64/VocalProduction-OutputFileMap.json -use-frontend-parseable-output -save-temps -no-color-diagnostics -explicit-module-build -module-cache-path /Users/marcboyer/LogicAudioAssistant/.build/xcode-release-reviewfix/Build/Intermediates.noindex/SwiftExplicitPrecompiledModules -clang-scanner-module-cache-path /Users/marcboyer/LogicAudioAssistant/.build/xcode-release-reviewfix/ModuleCache.noindex -sdk-module-cache-path /Users/marcboyer/LogicAudioAssistant/.build/xcode-release-reviewfix/ModuleCache.noindex -serialize-diagnostics -emit-dependencies -emit-module -emit-module-path /Users/marcboyer/LogicAudioAssistant/.build/xcode-release-reviewfix/Build/Intermediates.noindex/LogicAudioAssistant.build/Release/VocalProduction.build/Objects-normal/arm64/VocalProduction.swiftmodule -validate-clang-modules-once -clang-build-session-file /Users/marcboyer/LogicAudioAssistant/.build/xcode-release-reviewfix/ModuleCache.noindex/Session.modulevalidation -package-name logicaudioassistant -Xcc -I/Users/marcboyer/LogicAudioAssistant/.build/xcode-release-reviewfix/Build/Intermediates.noindex/LogicAudioAssistant.build/Release/VocalProduction.build/swift-overrides.hmap -emit-const-values -Xfrontend -const-gather-protocols-file -Xfrontend /Users/marcboyer/LogicAudioAssistant/.build/xcode-release-reviewfix/Build/Intermediates.noindex/LogicAudioAssistant.build/Release/VocalProduction.build/Objects-normal/arm64/VocalProduction_const_extract_protocols.json -Xcc -I/Users/marcboyer/LogicAudioAssistant/packages/CAtomics/include -Xcc -I/Users/marcboyer/LogicAudioAssistant/.build/xcode-release-reviewfix/Build/Products/Release/include -Xcc -I/Users/marcboyer/LogicAudioAssistant/.build/xcode-release-reviewfix/Build/Intermediates.noindex/LogicAudioAssistant.build/Release/VocalProduction.build/DerivedSources-normal/arm64 -Xcc -I/Users/marcboyer/LogicAudioAssistant/.build/xcode-release-reviewfix/Build/Intermediates.noindex/LogicAudioAssistant.build/Release/VocalProduction.build/DerivedSources/arm64 -Xcc -I/Users/marcboyer/LogicAudioAssistant/.build/xcode-release-reviewfix/Build/Intermediates.noindex/LogicAudioAssistant.build/Release/VocalProduction.build/DerivedSources -Xcc -DSWIFT_PACKAGE -emit-objc-header -emit-objc-header-path /Users/marcboyer/LogicAudioAssistant/.build/xcode-release-reviewfix/Build/Intermediates.noindex/LogicAudioAssistant.build/Release/VocalProduction.build/Objects-normal/arm64/VocalProduction-Swift.h -working-directory /Users/marcboyer/LogicAudioAssistant/LogicAudioAssistant.xcodeproj -no-emit-module-separately-wmo

SwiftMergeGeneratedHeaders /Users/marcboyer/LogicAudioAssistant/.build/xcode-release-reviewfix/Build/Intermediates.noindex/GeneratedModuleMaps/VocalProduction-Swift.h /Users/marcboyer/LogicAudioAssistant/.build/xcode-release-reviewfix/Build/Intermediates.noindex/LogicAudioAssistant.build/Release/VocalProduction.build/Objects-normal/arm64/VocalProduction-Swift.h (in target 'VocalProduction' from project 'LogicAudioAssistant' at path '/Users/marcboyer/LogicAudioAssistant/Package.swift')
    cd /Users/marcboyer/LogicAudioAssistant
    builtin-swiftHeaderTool -arch arm64 /Users/marcboyer/LogicAudioAssistant/.build/xcode-release-reviewfix/Build/Intermediates.noindex/LogicAudioAssistant.build/Release/VocalProduction.build/Objects-normal/arm64/VocalProduction-Swift.h -o /Users/marcboyer/LogicAudioAssistant/.build/xcode-release-reviewfix/Build/Intermediates.noindex/GeneratedModuleMaps/VocalProduction-Swift.h

Copy /Users/marcboyer/LogicAudioAssistant/.build/xcode-release-reviewfix/Build/Products/Release/VocalProduction.swiftmodule/arm64-apple-macos.swiftmodule /Users/marcboyer/LogicAudioAssistant/.build/xcode-release-reviewfix/Build/Intermediates.noindex/LogicAudioAssistant.build/Release/VocalProduction.build/Objects-normal/arm64/VocalProduction.swiftmodule (in target 'VocalProduction' from project 'LogicAudioAssistant' at path '/Users/marcboyer/LogicAudioAssistant/Package.swift')
    cd /Users/marcboyer/LogicAudioAssistant
    builtin-copy -exclude .DS_Store -exclude CVS -exclude .svn -exclude .git -exclude .hg -strip-unsigned-binaries -strip-deterministic -strip-tool /Applications/Xcode.app/Contents/Developer/Toolchains/XcodeDefault.xctoolchain/usr/bin/strip -resolve-src-symlinks -rename /Users/marcboyer/LogicAudioAssistant/.build/xcode-release-reviewfix/Build/Intermediates.noindex/LogicAudioAssistant.build/Release/VocalProduction.build/Objects-normal/arm64/VocalProduction.swiftmodule /Users/marcboyer/LogicAudioAssistant/.build/xcode-release-reviewfix/Build/Products/Release/VocalProduction.swiftmodule/arm64-apple-macos.swiftmodule

Copy /Users/marcboyer/LogicAudioAssistant/.build/xcode-release-reviewfix/Build/Products/Release/VocalProduction.swiftmodule/arm64-apple-macos.abi.json /Users/marcboyer/LogicAudioAssistant/.build/xcode-release-reviewfix/Build/Intermediates.noindex/LogicAudioAssistant.build/Release/VocalProduction.build/Objects-normal/arm64/VocalProduction.abi.json (in target 'VocalProduction' from project 'LogicAudioAssistant' at path '/Users/marcboyer/LogicAudioAssistant/Package.swift')
    cd /Users/marcboyer/LogicAudioAssistant
    builtin-copy -exclude .DS_Store -exclude CVS -exclude .svn -exclude .git -exclude .hg -strip-unsigned-binaries -strip-deterministic -strip-tool /Applications/Xcode.app/Contents/Developer/Toolchains/XcodeDefault.xctoolchain/usr/bin/strip -resolve-src-symlinks -rename /Users/marcboyer/LogicAudioAssistant/.build/xcode-release-reviewfix/Build/Intermediates.noindex/LogicAudioAssistant.build/Release/VocalProduction.build/Objects-normal/arm64/VocalProduction.abi.json /Users/marcboyer/LogicAudioAssistant/.build/xcode-release-reviewfix/Build/Products/Release/VocalProduction.swiftmodule/arm64-apple-macos.abi.json

Copy /Users/marcboyer/LogicAudioAssistant/.build/xcode-release-reviewfix/Build/Products/Release/VocalProduction.swiftmodule/arm64-apple-macos.swiftdoc /Users/marcboyer/LogicAudioAssistant/.build/xcode-release-reviewfix/Build/Intermediates.noindex/LogicAudioAssistant.build/Release/VocalProduction.build/Objects-normal/arm64/VocalProduction.swiftdoc (in target 'VocalProduction' from project 'LogicAudioAssistant' at path '/Users/marcboyer/LogicAudioAssistant/Package.swift')
    cd /Users/marcboyer/LogicAudioAssistant
    builtin-copy -exclude .DS_Store -exclude CVS -exclude .svn -exclude .git -exclude .hg -strip-unsigned-binaries -strip-deterministic -strip-tool /Applications/Xcode.app/Contents/Developer/Toolchains/XcodeDefault.xctoolchain/usr/bin/strip -resolve-src-symlinks -rename /Users/marcboyer/LogicAudioAssistant/.build/xcode-release-reviewfix/Build/Intermediates.noindex/LogicAudioAssistant.build/Release/VocalProduction.build/Objects-normal/arm64/VocalProduction.swiftdoc /Users/marcboyer/LogicAudioAssistant/.build/xcode-release-reviewfix/Build/Products/Release/VocalProduction.swiftmodule/arm64-apple-macos.swiftdoc

Copy /Users/marcboyer/LogicAudioAssistant/.build/xcode-release-reviewfix/Build/Products/Release/VocalProduction.swiftmodule/Project/arm64-apple-macos.swiftsourceinfo /Users/marcboyer/LogicAudioAssistant/.build/xcode-release-reviewfix/Build/Intermediates.noindex/LogicAudioAssistant.build/Release/VocalProduction.build/Objects-normal/arm64/VocalProduction.swiftsourceinfo (in target 'VocalProduction' from project 'LogicAudioAssistant' at path '/Users/marcboyer/LogicAudioAssistant/Package.swift')
    cd /Users/marcboyer/LogicAudioAssistant
    builtin-copy -exclude .DS_Store -exclude CVS -exclude .svn -exclude .git -exclude .hg -strip-unsigned-binaries -strip-deterministic -strip-tool /Applications/Xcode.app/Contents/Developer/Toolchains/XcodeDefault.xctoolchain/usr/bin/strip -resolve-src-symlinks -rename /Users/marcboyer/LogicAudioAssistant/.build/xcode-release-reviewfix/Build/Intermediates.noindex/LogicAudioAssistant.build/Release/VocalProduction.build/Objects-normal/arm64/VocalProduction.swiftsourceinfo /Users/marcboyer/LogicAudioAssistant/.build/xcode-release-reviewfix/Build/Products/Release/VocalProduction.swiftmodule/Project/arm64-apple-macos.swiftsourceinfo

Ld /Users/marcboyer/LogicAudioAssistant/.build/xcode-release-reviewfix/Build/Products/Release/VocalProduction.o normal (in target 'VocalProduction' from project 'LogicAudioAssistant' at path '/Users/marcboyer/LogicAudioAssistant/Package.swift')
    cd /Users/marcboyer/LogicAudioAssistant
    /Applications/Xcode.app/Contents/Developer/Toolchains/XcodeDefault.xctoolchain/usr/bin/clang -Xlinker -reproducible -target arm64-apple-macos14.0 -r -isysroot /Applications/Xcode.app/Contents/Developer/Platforms/MacOSX.platform/Developer/SDKs/MacOSX26.5.sdk -Os -F/Users/marcboyer/LogicAudioAssistant/.build/xcode-release-reviewfix/Build/Intermediates.noindex/EagerLinkingTBDs/Release -F/Users/marcboyer/LogicAudioAssistant/.build/xcode-release-reviewfix/Build/Products/Release/PackageFrameworks -F/Users/marcboyer/LogicAudioAssistant/.build/xcode-release-reviewfix/Build/Products/Release/PackageFrameworks -F/Users/marcboyer/LogicAudioAssistant/.build/xcode-release-reviewfix/Build/Products/Release/PackageFrameworks -F/Users/marcboyer/LogicAudioAssistant/.build/xcode-release-reviewfix/Build/Products/Release/PackageFrameworks -F/Users/marcboyer/LogicAudioAssistant/.build/xcode-release-reviewfix/Build/Products/Release -iframework /Applications/Xcode.app/Contents/Developer/Platforms/MacOSX.platform/Developer/Library/Frameworks -filelist /Users/marcboyer/LogicAudioAssistant/.build/xcode-release-reviewfix/Build/Intermediates.noindex/LogicAudioAssistant.build/Release/VocalProduction.build/Objects-normal/arm64/VocalProduction.LinkFileList -nostdlib -Xlinker -object_path_lto -Xlinker /Users/marcboyer/LogicAudioAssistant/.build/xcode-release-reviewfix/Build/Intermediates.noindex/LogicAudioAssistant.build/Release/VocalProduction.build/Objects-normal/arm64/VocalProduction_lto.o -Xlinker -dependency_info -Xlinker /Users/marcboyer/LogicAudioAssistant/.build/xcode-release-reviewfix/Build/Intermediates.noindex/LogicAudioAssistant.build/Release/VocalProduction.build/Objects-normal/arm64/VocalProduction_dependency_info.dat -fobjc-link-runtime -L/Applications/Xcode.app/Contents/Developer/Toolchains/XcodeDefault.xctoolchain/usr/lib/swift/macosx -L/usr/lib/swift -Xlinker -add_ast_path -Xlinker /Users/marcboyer/LogicAudioAssistant/.build/xcode-release-reviewfix/Build/Intermediates.noindex/LogicAudioAssistant.build/Release/VocalProduction.build/Objects-normal/arm64/VocalProduction.swiftmodule @/Users/marcboyer/LogicAudioAssistant/.build/xcode-release-reviewfix/Build/Intermediates.noindex/LogicAudioAssistant.build/Release/VocalProduction.build/Objects-normal/arm64/VocalProduction-linker-args.resp -o /Users/marcboyer/LogicAudioAssistant/.build/xcode-release-reviewfix/Build/Products/Release/VocalProduction.o

SwiftDriver PreviewWorkflow normal arm64 com.apple.xcode.tools.swift.compiler (in target 'PreviewWorkflow' from project 'LogicAudioAssistant' at path '/Users/marcboyer/LogicAudioAssistant/Package.swift')
    cd /Users/marcboyer/LogicAudioAssistant/LogicAudioAssistant.xcodeproj
    builtin-SwiftDriver -- /Applications/Xcode.app/Contents/Developer/Toolchains/XcodeDefault.xctoolchain/usr/bin/swiftc -module-name PreviewWorkflow -O -whole-module-optimization @/Users/marcboyer/LogicAudioAssistant/.build/xcode-release-reviewfix/Build/Intermediates.noindex/LogicAudioAssistant.build/Release/PreviewWorkflow.build/Objects-normal/arm64/PreviewWorkflow.SwiftFileList -DSWIFT_PACKAGE -DSWIFT_MODULE_RESOURCE_BUNDLE_UNAVAILABLE -Xcc -fmodule-map-file\=/Users/marcboyer/LogicAudioAssistant/.build/xcode-release-reviewfix/Build/Intermediates.noindex/GeneratedModuleMaps/CAtomics.modulemap -DXcode -plugin-path /Applications/Xcode.app/Contents/Developer/Toolchains/XcodeDefault.xctoolchain/usr/lib/swift/host/plugins/testing -enable-experimental-feature DebugDescriptionMacro -sdk /Applications/Xcode.app/Contents/Developer/Platforms/MacOSX.platform/Developer/SDKs/MacOSX26.5.sdk -target arm64-apple-macos14.0 -g -module-cache-path /Users/marcboyer/LogicAudioAssistant/.build/xcode-release-reviewfix/ModuleCache.noindex -Xfrontend -serialize-debugging-options -swift-version 6 -I /Users/marcboyer/LogicAudioAssistant/.build/xcode-release-reviewfix/Build/Products/Release -Isystem /Applications/Xcode.app/Contents/Developer/Platforms/MacOSX.platform/Developer/usr/lib -F /Users/marcboyer/LogicAudioAssistant/.build/xcode-release-reviewfix/Build/Products/Release/PackageFrameworks -F /Users/marcboyer/LogicAudioAssistant/.build/xcode-release-reviewfix/Build/Products/Release/PackageFrameworks -F /Users/marcboyer/LogicAudioAssistant/.build/xcode-release-reviewfix/Build/Products/Release/PackageFrameworks -F /Users/marcboyer/LogicAudioAssistant/.build/xcode-release-reviewfix/Build/Products/Release/PackageFrameworks -F /Users/marcboyer/LogicAudioAssistant/.build/xcode-release-reviewfix/Build/Products/Release/PackageFrameworks -F /Users/marcboyer/LogicAudioAssistant/.build/xcode-release-reviewfix/Build/Products/Release/PackageFrameworks -F /Users/marcboyer/LogicAudioAssistant/.build/xcode-release-reviewfix/Build/Products/Release/PackageFrameworks -F /Users/marcboyer/LogicAudioAssistant/.build/xcode-release-reviewfix/Build/Products/Release/PackageFrameworks -F /Users/marcboyer/LogicAudioAssistant/.build/xcode-release-reviewfix/Build/Products/Release -F /Applications/Xcode.app/Contents/Developer/Platforms/MacOSX.platform/Developer/Library/Frameworks -c -num-threads 10 -Xcc -ivfsstatcache -Xcc /Users/marcboyer/LogicAudioAssistant/.build/xcode-release-reviewfix/SDKStatCaches.noindex/macosx26.5-25F70-e082c4a02f00227109f4ed75e425c832.sdkstatcache -output-file-map /Users/marcboyer/LogicAudioAssistant/.build/xcode-release-reviewfix/Build/Intermediates.noindex/LogicAudioAssistant.build/Release/PreviewWorkflow.build/Objects-normal/arm64/PreviewWorkflow-OutputFileMap.json -use-frontend-parseable-output -save-temps -no-color-diagnostics -explicit-module-build -module-cache-path /Users/marcboyer/LogicAudioAssistant/.build/xcode-release-reviewfix/Build/Intermediates.noindex/SwiftExplicitPrecompiledModules -clang-scanner-module-cache-path /Users/marcboyer/LogicAudioAssistant/.build/xcode-release-reviewfix/ModuleCache.noindex -sdk-module-cache-path /Users/marcboyer/LogicAudioAssistant/.build/xcode-release-reviewfix/ModuleCache.noindex -serialize-diagnostics -emit-dependencies -emit-module -emit-module-path /Users/marcboyer/LogicAudioAssistant/.build/xcode-release-reviewfix/Build/Intermediates.noindex/LogicAudioAssistant.build/Release/PreviewWorkflow.build/Objects-normal/arm64/PreviewWorkflow.swiftmodule -validate-clang-modules-once -clang-build-session-file /Users/marcboyer/LogicAudioAssistant/.build/xcode-release-reviewfix/ModuleCache.noindex/Session.modulevalidation -package-name logicaudioassistant -Xcc -I/Users/marcboyer/LogicAudioAssistant/.build/xcode-release-reviewfix/Build/Intermediates.noindex/LogicAudioAssistant.build/Release/PreviewWorkflow.build/swift-overrides.hmap -emit-const-values -Xfrontend -const-gather-protocols-file -Xfrontend /Users/marcboyer/LogicAudioAssistant/.build/xcode-release-reviewfix/Build/Intermediates.noindex/LogicAudioAssistant.build/Release/PreviewWorkflow.build/Objects-normal/arm64/PreviewWorkflow_const_extract_protocols.json -Xcc -I/Users/marcboyer/LogicAudioAssistant/packages/CAtomics/include -Xcc -I/Users/marcboyer/LogicAudioAssistant/.build/xcode-release-reviewfix/Build/Products/Release/include -Xcc -I/Users/marcboyer/LogicAudioAssistant/.build/xcode-release-reviewfix/Build/Intermediates.noindex/LogicAudioAssistant.build/Release/PreviewWorkflow.build/DerivedSources-normal/arm64 -Xcc -I/Users/marcboyer/LogicAudioAssistant/.build/xcode-release-reviewfix/Build/Intermediates.noindex/LogicAudioAssistant.build/Release/PreviewWorkflow.build/DerivedSources/arm64 -Xcc -I/Users/marcboyer/LogicAudioAssistant/.build/xcode-release-reviewfix/Build/Intermediates.noindex/LogicAudioAssistant.build/Release/PreviewWorkflow.build/DerivedSources -Xcc -DSWIFT_PACKAGE -emit-objc-header -emit-objc-header-path /Users/marcboyer/LogicAudioAssistant/.build/xcode-release-reviewfix/Build/Intermediates.noindex/LogicAudioAssistant.build/Release/PreviewWorkflow.build/Objects-normal/arm64/PreviewWorkflow-Swift.h -working-directory /Users/marcboyer/LogicAudioAssistant/LogicAudioAssistant.xcodeproj -no-emit-module-separately-wmo

ExtractAppIntentsMetadata (in target 'VocalProduction' from project 'LogicAudioAssistant' at path '/Users/marcboyer/LogicAudioAssistant/Package.swift')
    cd /Users/marcboyer/LogicAudioAssistant
    /Applications/Xcode.app/Contents/Developer/Toolchains/XcodeDefault.xctoolchain/usr/bin/appintentsmetadataprocessor --toolchain-dir /Applications/Xcode.app/Contents/Developer/Toolchains/XcodeDefault.xctoolchain --module-name VocalProduction --sdk-root /Applications/Xcode.app/Contents/Developer/Platforms/MacOSX.platform/Developer/SDKs/MacOSX26.5.sdk --xcode-version 17F113 --platform-family macOS --deployment-target 14.0 --bundle-identifier logicaudioassistant.VocalProduction --output /Users/marcboyer/LogicAudioAssistant/.build/xcode-release-reviewfix/Build/Products/Release/VocalProduction.appintents --target-triple arm64-apple-macos14.0 --binary-file /Users/marcboyer/LogicAudioAssistant/.build/xcode-release-reviewfix/Build/Products/Release/VocalProduction.o --dependency-file /Users/marcboyer/LogicAudioAssistant/.build/xcode-release-reviewfix/Build/Intermediates.noindex/LogicAudioAssistant.build/Release/VocalProduction.build/Objects-normal/arm64/VocalProduction_dependency_info.dat --stringsdata-file /Users/marcboyer/LogicAudioAssistant/.build/xcode-release-reviewfix/Build/Intermediates.noindex/LogicAudioAssistant.build/Release/VocalProduction.build/Objects-normal/arm64/ExtractedAppShortcutsMetadata.stringsdata --source-file-list /Users/marcboyer/LogicAudioAssistant/.build/xcode-release-reviewfix/Build/Intermediates.noindex/LogicAudioAssistant.build/Release/VocalProduction.build/Objects-normal/arm64/VocalProduction.SwiftFileList --metadata-file-list /Users/marcboyer/LogicAudioAssistant/.build/xcode-release-reviewfix/Build/Intermediates.noindex/LogicAudioAssistant.build/Release/VocalProduction.build/VocalProduction.DependencyMetadataFileList --static-metadata-file-list /Users/marcboyer/LogicAudioAssistant/.build/xcode-release-reviewfix/Build/Intermediates.noindex/LogicAudioAssistant.build/Release/VocalProduction.build/VocalProduction.DependencyStaticMetadataFileList --swift-const-vals-list /Users/marcboyer/LogicAudioAssistant/.build/xcode-release-reviewfix/Build/Intermediates.noindex/LogicAudioAssistant.build/Release/VocalProduction.build/Objects-normal/arm64/VocalProduction.SwiftConstValuesFileList --force --compile-time-extraction --deployment-aware-processing --validate-assistant-intents --no-app-shortcuts-localization
2026-08-14 14:53:37.768 appintentsmetadataprocessor[35430:3501484] Starting appintentsmetadataprocessor export
2026-08-14 14:53:37.776 appintentsmetadataprocessor[35430:3501484] Extracted no relevant App Intents symbols, skipping writing output

RegisterExecutionPolicyException /Users/marcboyer/LogicAudioAssistant/.build/xcode-release-reviewfix/Build/Products/Release/VocalProduction.o (in target 'VocalProduction' from project 'LogicAudioAssistant' at path '/Users/marcboyer/LogicAudioAssistant/Package.swift')
    cd /Users/marcboyer/LogicAudioAssistant
    builtin-RegisterExecutionPolicyException /Users/marcboyer/LogicAudioAssistant/.build/xcode-release-reviewfix/Build/Products/Release/VocalProduction.o

SwiftDriver\ Compilation PreviewWorkflow normal arm64 com.apple.xcode.tools.swift.compiler (in target 'PreviewWorkflow' from project 'LogicAudioAssistant' at path '/Users/marcboyer/LogicAudioAssistant/Package.swift')
    cd /Users/marcboyer/LogicAudioAssistant/LogicAudioAssistant.xcodeproj
    builtin-Swift-Compilation -- /Applications/Xcode.app/Contents/Developer/Toolchains/XcodeDefault.xctoolchain/usr/bin/swiftc -module-name PreviewWorkflow -O -whole-module-optimization @/Users/marcboyer/LogicAudioAssistant/.build/xcode-release-reviewfix/Build/Intermediates.noindex/LogicAudioAssistant.build/Release/PreviewWorkflow.build/Objects-normal/arm64/PreviewWorkflow.SwiftFileList -DSWIFT_PACKAGE -DSWIFT_MODULE_RESOURCE_BUNDLE_UNAVAILABLE -Xcc -fmodule-map-file\=/Users/marcboyer/LogicAudioAssistant/.build/xcode-release-reviewfix/Build/Intermediates.noindex/GeneratedModuleMaps/CAtomics.modulemap -DXcode -plugin-path /Applications/Xcode.app/Contents/Developer/Toolchains/XcodeDefault.xctoolchain/usr/lib/swift/host/plugins/testing -enable-experimental-feature DebugDescriptionMacro -sdk /Applications/Xcode.app/Contents/Developer/Platforms/MacOSX.platform/Developer/SDKs/MacOSX26.5.sdk -target arm64-apple-macos14.0 -g -module-cache-path /Users/marcboyer/LogicAudioAssistant/.build/xcode-release-reviewfix/ModuleCache.noindex -Xfrontend -serialize-debugging-options -swift-version 6 -I /Users/marcboyer/LogicAudioAssistant/.build/xcode-release-reviewfix/Build/Products/Release -Isystem /Applications/Xcode.app/Contents/Developer/Platforms/MacOSX.platform/Developer/usr/lib -F /Users/marcboyer/LogicAudioAssistant/.build/xcode-release-reviewfix/Build/Products/Release/PackageFrameworks -F /Users/marcboyer/LogicAudioAssistant/.build/xcode-release-reviewfix/Build/Products/Release/PackageFrameworks -F /Users/marcboyer/LogicAudioAssistant/.build/xcode-release-reviewfix/Build/Products/Release/PackageFrameworks -F /Users/marcboyer/LogicAudioAssistant/.build/xcode-release-reviewfix/Build/Products/Release/PackageFrameworks -F /Users/marcboyer/LogicAudioAssistant/.build/xcode-release-reviewfix/Build/Products/Release/PackageFrameworks -F /Users/marcboyer/LogicAudioAssistant/.build/xcode-release-reviewfix/Build/Products/Release/PackageFrameworks -F /Users/marcboyer/LogicAudioAssistant/.build/xcode-release-reviewfix/Build/Products/Release/PackageFrameworks -F /Users/marcboyer/LogicAudioAssistant/.build/xcode-release-reviewfix/Build/Products/Release/PackageFrameworks -F /Users/marcboyer/LogicAudioAssistant/.build/xcode-release-reviewfix/Build/Products/Release -F /Applications/Xcode.app/Contents/Developer/Platforms/MacOSX.platform/Developer/Library/Frameworks -c -num-threads 10 -Xcc -ivfsstatcache -Xcc /Users/marcboyer/LogicAudioAssistant/.build/xcode-release-reviewfix/SDKStatCaches.noindex/macosx26.5-25F70-e082c4a02f00227109f4ed75e425c832.sdkstatcache -output-file-map /Users/marcboyer/LogicAudioAssistant/.build/xcode-release-reviewfix/Build/Intermediates.noindex/LogicAudioAssistant.build/Release/PreviewWorkflow.build/Objects-normal/arm64/PreviewWorkflow-OutputFileMap.json -use-frontend-parseable-output -save-temps -no-color-diagnostics -explicit-module-build -module-cache-path /Users/marcboyer/LogicAudioAssistant/.build/xcode-release-reviewfix/Build/Intermediates.noindex/SwiftExplicitPrecompiledModules -clang-scanner-module-cache-path /Users/marcboyer/LogicAudioAssistant/.build/xcode-release-reviewfix/ModuleCache.noindex -sdk-module-cache-path /Users/marcboyer/LogicAudioAssistant/.build/xcode-release-reviewfix/ModuleCache.noindex -serialize-diagnostics -emit-dependencies -emit-module -emit-module-path /Users/marcboyer/LogicAudioAssistant/.build/xcode-release-reviewfix/Build/Intermediates.noindex/LogicAudioAssistant.build/Release/PreviewWorkflow.build/Objects-normal/arm64/PreviewWorkflow.swiftmodule -validate-clang-modules-once -clang-build-session-file /Users/marcboyer/LogicAudioAssistant/.build/xcode-release-reviewfix/ModuleCache.noindex/Session.modulevalidation -package-name logicaudioassistant -Xcc -I/Users/marcboyer/LogicAudioAssistant/.build/xcode-release-reviewfix/Build/Intermediates.noindex/LogicAudioAssistant.build/Release/PreviewWorkflow.build/swift-overrides.hmap -emit-const-values -Xfrontend -const-gather-protocols-file -Xfrontend /Users/marcboyer/LogicAudioAssistant/.build/xcode-release-reviewfix/Build/Intermediates.noindex/LogicAudioAssistant.build/Release/PreviewWorkflow.build/Objects-normal/arm64/PreviewWorkflow_const_extract_protocols.json -Xcc -I/Users/marcboyer/LogicAudioAssistant/packages/CAtomics/include -Xcc -I/Users/marcboyer/LogicAudioAssistant/.build/xcode-release-reviewfix/Build/Products/Release/include -Xcc -I/Users/marcboyer/LogicAudioAssistant/.build/xcode-release-reviewfix/Build/Intermediates.noindex/LogicAudioAssistant.build/Release/PreviewWorkflow.build/DerivedSources-normal/arm64 -Xcc -I/Users/marcboyer/LogicAudioAssistant/.build/xcode-release-reviewfix/Build/Intermediates.noindex/LogicAudioAssistant.build/Release/PreviewWorkflow.build/DerivedSources/arm64 -Xcc -I/Users/marcboyer/LogicAudioAssistant/.build/xcode-release-reviewfix/Build/Intermediates.noindex/LogicAudioAssistant.build/Release/PreviewWorkflow.build/DerivedSources -Xcc -DSWIFT_PACKAGE -emit-objc-header -emit-objc-header-path /Users/marcboyer/LogicAudioAssistant/.build/xcode-release-reviewfix/Build/Intermediates.noindex/LogicAudioAssistant.build/Release/PreviewWorkflow.build/Objects-normal/arm64/PreviewWorkflow-Swift.h -working-directory /Users/marcboyer/LogicAudioAssistant/LogicAudioAssistant.xcodeproj -no-emit-module-separately-wmo

SwiftCompile normal arm64 Compiling\ PreviewSessionExporter.swift,\ PreviewSessionLoader.swift /Users/marcboyer/LogicAudioAssistant/packages/PreviewWorkflow/Sources/PreviewWorkflow/PreviewSessionExporter.swift /Users/marcboyer/LogicAudioAssistant/packages/PreviewWorkflow/Sources/PreviewWorkflow/PreviewSessionLoader.swift /Applications/Xcode.app/Contents/Developer/Toolchains/XcodeDefault.xctoolchain/usr/lib/swift/macosx/prebuilt-modules/26.5/LocalAuthentication.swiftmodule/arm64e-apple-macos.swiftmodule /Applications/Xcode.app/Contents/Developer/Toolchains/XcodeDefault.xctoolchain/usr/lib/swift/macosx/prebuilt-modules/26.5/_DarwinFoundation2.swiftmodule/arm64e-apple-macos.swiftmodule /Applications/Xcode.app/Contents/Developer/Toolchains/XcodeDefault.xctoolchain/usr/lib/swift/macosx/prebuilt-modules/26.5/Combine.swiftmodule/arm64e-apple-macos.swiftmodule /Applications/Xcode.app/Contents/Developer/Toolchains/XcodeDefault.xctoolchain/usr/lib/swift/macosx/prebuilt-modules/26.5/_Builtin_float.swiftmodule/arm64e-apple-macos.swiftmodule /Applications/Xcode.app/Contents/Developer/Toolchains/XcodeDefault.xctoolchain/usr/lib/swift/macosx/prebuilt-modules/26.5/_DarwinFoundation1.swiftmodule/arm64e-apple-macos.swiftmodule /Applications/Xcode.app/Contents/Developer/Toolchains/XcodeDefault.xctoolchain/usr/lib/swift/macosx/prebuilt-modules/26.5/System.swiftmodule/arm64e-apple-macos.swiftmodule /Applications/Xcode.app/Contents/Developer/Toolchains/XcodeDefault.xctoolchain/usr/lib/swift/macosx/prebuilt-modules/26.5/CryptoKit.swiftmodule/arm64e-apple-macos.swiftmodule /Applications/Xcode.app/Contents/Developer/Toolchains/XcodeDefault.xctoolchain/usr/lib/swift/macosx/prebuilt-modules/26.5/IOKit.swiftmodule/arm64e-apple-macos.swiftmodule /Users/marcboyer/LogicAudioAssistant/.build/xcode-release-reviewfix/Build/Products/Release/PlanSchema.swiftmodule/arm64-apple-macos.swiftmodule /Applications/Xcode.app/Contents/Developer/Toolchains/XcodeDefault.xctoolchain/usr/lib/swift/macosx/prebuilt-modules/26.5/Observation.swiftmodule/arm64e-apple-macos.swiftmodule /Applications/Xcode.app/Contents/Developer/Toolchains/XcodeDefault.xctoolchain/usr/lib/swift/macosx/prebuilt-modules/26.5/_DarwinFoundation3.swiftmodule/arm64e-apple-macos.swiftmodule /Applications/Xcode.app/Contents/Developer/Toolchains/XcodeDefault.xctoolchain/usr/lib/swift/macosx/prebuilt-modules/26.5/_StringProcessing.swiftmodule/arm64e-apple-macos.swiftmodule /Users/marcboyer/LogicAudioAssistant/.build/xcode-release-reviewfix/Build/Products/Release/VocalProduction.swiftmodule/arm64-apple-macos.swiftmodule /Applications/Xcode.app/Contents/Developer/Toolchains/XcodeDefault.xctoolchain/usr/lib/swift/macosx/prebuilt-modules/26.5/CoreFoundation.swiftmodule/arm64e-apple-macos.swiftmodule /Applications/Xcode.app/Contents/Developer/Toolchains/XcodeDefault.xctoolchain/usr/lib/swift/macosx/prebuilt-modules/26.5/ObjectiveC.swiftmodule/arm64e-apple-macos.swiftmodule /Users/marcboyer/LogicAudioAssistant/.build/xcode-release-reviewfix/Build/Products/Release/PreviewRenderer.swiftmodule/arm64-apple-macos.swiftmodule /Applications/Xcode.app/Contents/Developer/Toolchains/XcodeDefault.xctoolchain/usr/lib/swift/macosx/prebuilt-modules/26.5/Swift.swiftmodule/arm64e-apple-macos.swiftmodule /Applications/Xcode.app/Contents/Developer/Toolchains/XcodeDefault.xctoolchain/usr/lib/swift/macosx/prebuilt-modules/26.5/Darwin.swiftmodule/arm64e-apple-macos.swiftmodule /Users/marcboyer/LogicAudioAssistant/.build/xcode-release-reviewfix/Build/Products/Release/AudioAnalysis.swiftmodule/arm64-apple-macos.swiftmodule /Applications/Xcode.app/Contents/Developer/Toolchains/XcodeDefault.xctoolchain/usr/lib/swift/macosx/prebuilt-modules/26.5/XPC.swiftmodule/arm64e-apple-macos.swiftmodule /Users/marcboyer/LogicAudioAssistant/.build/xcode-release-reviewfix/Build/Products/Release/AgentCore.swiftmodule/arm64-apple-macos.swiftmodule /Applications/Xcode.app/Contents/Developer/Toolchains/XcodeDefault.xctoolchain/usr/lib/swift/macosx/prebuilt-modules/26.5/Dispatch.swiftmodule/arm64e-apple-macos.swiftmodule /Applications/Xcode.app/Contents/Developer/Toolchains/XcodeDefault.xctoolchain/usr/lib/swift/macosx/prebuilt-modules/26.5/Foundation.swiftmodule/arm64e-apple-macos.swiftmodule /Users/marcboyer/LogicAudioAssistant/.build/xcode-release-reviewfix/Build/Products/Release/DSPCore.swiftmodule/arm64-apple-macos.swiftmodule /Applications/Xcode.app/Contents/Developer/Toolchains/XcodeDefault.xctoolchain/usr/lib/swift/macosx/prebuilt-modules/26.5/_Concurrency.swiftmodule/arm64e-apple-macos.swiftmodule /Users/marcboyer/LogicAudioAssistant/.build/xcode-release-reviewfix/ModuleCache.noindex/Dispatch-CUQGM1TJMSISSLM5Z92C0XTXR.pcm /Users/marcboyer/LogicAudioAssistant/.build/xcode-release-reviewfix/Build/Intermediates.noindex/SwiftExplicitPrecompiledModules/CAtomics-DA9ZLSI8OU8OEPCK82XECC9UR.pcm /Users/marcboyer/LogicAudioAssistant/.build/xcode-release-reviewfix/ModuleCache.noindex/XPC-6P49AK1FVMZ0QLVI1FWJY8FUU.pcm /Users/marcboyer/LogicAudioAssistant/.build/xcode-release-reviewfix/ModuleCache.noindex/_Builtin_limits-F4U81MW454IOIFK2P2N6IHEJZ.pcm /Users/marcboyer/LogicAudioAssistant/.build/xcode-release-reviewfix/ModuleCache.noindex/ObjectiveC-A4ASO8WBMH3J1EIDI52P3U0K7.pcm /Users/marcboyer/LogicAudioAssistant/.build/xcode-release-reviewfix/ModuleCache.noindex/_DarwinFoundation1-CYEM2TCTCHPK037IGQ2AGJFID.pcm /Users/marcboyer/LogicAudioAssistant/.build/xcode-release-reviewfix/ModuleCache.noindex/_Builtin_stddef-48R31SFXF0EDU179M0TI36NZN.pcm /Users/marcboyer/LogicAudioAssistant/.build/xcode-release-reviewfix/ModuleCache.noindex/launch-BG9N65BE7P5Z2OTZDEFKS9Z9I.pcm /Users/marcboyer/LogicAudioAssistant/.build/xcode-release-reviewfix/ModuleCache.noindex/_AvailabilityInternal-7JY0KCW9ZRT98KGWHVERRF9OJ.pcm /Users/marcboyer/LogicAudioAssistant/.build/xcode-release-reviewfix/ModuleCache.noindex/Darwin-EOVFZ2A7A6Y7YSD0R2FZ6CDPQ.pcm /Users/marcboyer/LogicAudioAssistant/.build/xcode-release-reviewfix/ModuleCache.noindex/ptrauth-64OXNBF3VV5OQLDK24WP1L156.pcm /Users/marcboyer/LogicAudioAssistant/.build/xcode-release-reviewfix/ModuleCache.noindex/libDER-B1GNCKHYYP5XS5TPY4XS1BUV7.pcm /Users/marcboyer/LogicAudioAssistant/.build/xcode-release-reviewfix/ModuleCache.noindex/CFNetwork-DCOK03ZG7J5FK41HS656DYLAB.pcm /Users/marcboyer/LogicAudioAssistant/.build/xcode-release-reviewfix/ModuleCache.noindex/_SwiftConcurrencyShims-4CTOMMMGO74XNGXANM54895KH.pcm /Users/marcboyer/LogicAudioAssistant/.build/xcode-release-reviewfix/ModuleCache.noindex/_DarwinFoundation2-1LSZKCO2UAG2QKRWA0VFHWGGX.pcm /Users/marcboyer/LogicAudioAssistant/.build/xcode-release-reviewfix/ModuleCache.noindex/_Builtin_stdbool-EGVF9C21Q9GXEBEYUU0SJOSN7.pcm /Users/marcboyer/LogicAudioAssistant/.build/xcode-release-reviewfix/ModuleCache.noindex/_Builtin_stdarg-CWWWL82UT7IK5S1LU2O31362H.pcm /Users/marcboyer/LogicAudioAssistant/.build/xcode-release-reviewfix/ModuleCache.noindex/CoreFoundation-608YLRQF7KP9OP338B9BGET4L.pcm /Users/marcboyer/LogicAudioAssistant/.build/xcode-release-reviewfix/ModuleCache.noindex/DiskArbitration-F17P3FCPVJQI0VM03KID3J11B.pcm /Users/marcboyer/LogicAudioAssistant/.build/xcode-release-reviewfix/ModuleCache.noindex/libkern-AFKJN9UCJTLDVRE749AR52JNO.pcm /Users/marcboyer/LogicAudioAssistant/.build/xcode-release-reviewfix/ModuleCache.noindex/os_object-D5CL3IB6WSXWFIAROWRK10P2J.pcm /Users/marcboyer/LogicAudioAssistant/.build/xcode-release-reviewfix/ModuleCache.noindex/ptrcheck-47LT4S3L11YU6Q9VER2S68CGD.pcm /Users/marcboyer/LogicAudioAssistant/.build/xcode-release-reviewfix/ModuleCache.noindex/IOKit-32EHD05OB5G07QM5B2WIXNRGF.pcm /Users/marcboyer/LogicAudioAssistant/.build/xcode-release-reviewfix/ModuleCache.noindex/_Builtin_inttypes-364ERU32814XYMNW9SAVWWGAK.pcm /Users/marcboyer/LogicAudioAssistant/.build/xcode-release-reviewfix/ModuleCache.noindex/_Builtin_stdint-AHO2ZCLKYE3V6VNKY3AF2VI5S.pcm /Users/marcboyer/LogicAudioAssistant/.build/xcode-release-reviewfix/ModuleCache.noindex/Foundation-488OCGQ676PGZMBG2B3RYVRGS.pcm /Users/marcboyer/LogicAudioAssistant/.build/xcode-release-reviewfix/ModuleCache.noindex/MachO-1DVCBDOQTFP9F50B55M42QA85.pcm /Users/marcboyer/LogicAudioAssistant/.build/xcode-release-reviewfix/ModuleCache.noindex/SwiftShims-CUX3A0TB62NGY33ZT4Q0SO22J.pcm /Users/marcboyer/LogicAudioAssistant/.build/xcode-release-reviewfix/ModuleCache.noindex/os_workgroup-8BYCFEZ17OB5P95BFB4Z1QAYY.pcm /Users/marcboyer/LogicAudioAssistant/.build/xcode-release-reviewfix/ModuleCache.noindex/_DarwinFoundation3-6G3O5TG2GZYAT0U5YTIH7PTLY.pcm /Users/marcboyer/LogicAudioAssistant/.build/xcode-release-reviewfix/ModuleCache.noindex/LocalAuthentication-CC4IYRDEDZAUVZ0EIWGGFGFEY.pcm /Users/marcboyer/LogicAudioAssistant/.build/xcode-release-reviewfix/ModuleCache.noindex/_Builtin_float-5R2UINMN9L91RWGT6OT8ABUIQ.pcm /Users/marcboyer/LogicAudioAssistant/.build/xcode-release-reviewfix/ModuleCache.noindex/Security-2ZYGTAZHFO7YKSB8QH4RI46TN.pcm /Users/marcboyer/LogicAudioAssistant/.build/xcode-release-reviewfix/ModuleCache.noindex/sys_types-62X0RFAO1T07ID6H9QNK9FW4I.pcm /Users/marcboyer/LogicAudioAssistant/.build/xcode-release-reviewfix/ModuleCache.noindex/CoreServices-1M1WUIDAYFGL66MBP72IVLZOB.pcm /Users/marcboyer/LogicAudioAssistant/.build/xcode-release-reviewfix/Build/Intermediates.noindex/LogicAudioAssistant.build/Release/PreviewWorkflow.build/Objects-normal/arm64/PreviewWorkflow-dependencies-1.json (in target 'PreviewWorkflow' from project 'LogicAudioAssistant' at path '/Users/marcboyer/LogicAudioAssistant/Package.swift')

CompileSwift normal arm64 (in target 'PreviewWorkflow' from project 'LogicAudioAssistant' at path '/Users/marcboyer/LogicAudioAssistant/Package.swift')
    cd /Users/marcboyer/LogicAudioAssistant/LogicAudioAssistant.xcodeproj
    

SwiftDriverJobDiscovery normal arm64 Compiling PreviewSessionExporter.swift, PreviewSessionLoader.swift (in target 'PreviewWorkflow' from project 'LogicAudioAssistant' at path '/Users/marcboyer/LogicAudioAssistant/Package.swift')

SwiftDriver\ Compilation\ Requirements PreviewWorkflow normal arm64 com.apple.xcode.tools.swift.compiler (in target 'PreviewWorkflow' from project 'LogicAudioAssistant' at path '/Users/marcboyer/LogicAudioAssistant/Package.swift')
    cd /Users/marcboyer/LogicAudioAssistant/LogicAudioAssistant.xcodeproj
    builtin-Swift-Compilation-Requirements -- /Applications/Xcode.app/Contents/Developer/Toolchains/XcodeDefault.xctoolchain/usr/bin/swiftc -module-name PreviewWorkflow -O -whole-module-optimization @/Users/marcboyer/LogicAudioAssistant/.build/xcode-release-reviewfix/Build/Intermediates.noindex/LogicAudioAssistant.build/Release/PreviewWorkflow.build/Objects-normal/arm64/PreviewWorkflow.SwiftFileList -DSWIFT_PACKAGE -DSWIFT_MODULE_RESOURCE_BUNDLE_UNAVAILABLE -Xcc -fmodule-map-file\=/Users/marcboyer/LogicAudioAssistant/.build/xcode-release-reviewfix/Build/Intermediates.noindex/GeneratedModuleMaps/CAtomics.modulemap -DXcode -plugin-path /Applications/Xcode.app/Contents/Developer/Toolchains/XcodeDefault.xctoolchain/usr/lib/swift/host/plugins/testing -enable-experimental-feature DebugDescriptionMacro -sdk /Applications/Xcode.app/Contents/Developer/Platforms/MacOSX.platform/Developer/SDKs/MacOSX26.5.sdk -target arm64-apple-macos14.0 -g -module-cache-path /Users/marcboyer/LogicAudioAssistant/.build/xcode-release-reviewfix/ModuleCache.noindex -Xfrontend -serialize-debugging-options -swift-version 6 -I /Users/marcboyer/LogicAudioAssistant/.build/xcode-release-reviewfix/Build/Products/Release -Isystem /Applications/Xcode.app/Contents/Developer/Platforms/MacOSX.platform/Developer/usr/lib -F /Users/marcboyer/LogicAudioAssistant/.build/xcode-release-reviewfix/Build/Products/Release/PackageFrameworks -F /Users/marcboyer/LogicAudioAssistant/.build/xcode-release-reviewfix/Build/Products/Release/PackageFrameworks -F /Users/marcboyer/LogicAudioAssistant/.build/xcode-release-reviewfix/Build/Products/Release/PackageFrameworks -F /Users/marcboyer/LogicAudioAssistant/.build/xcode-release-reviewfix/Build/Products/Release/PackageFrameworks -F /Users/marcboyer/LogicAudioAssistant/.build/xcode-release-reviewfix/Build/Products/Release/PackageFrameworks -F /Users/marcboyer/LogicAudioAssistant/.build/xcode-release-reviewfix/Build/Products/Release/PackageFrameworks -F /Users/marcboyer/LogicAudioAssistant/.build/xcode-release-reviewfix/Build/Products/Release/PackageFrameworks -F /Users/marcboyer/LogicAudioAssistant/.build/xcode-release-reviewfix/Build/Products/Release/PackageFrameworks -F /Users/marcboyer/LogicAudioAssistant/.build/xcode-release-reviewfix/Build/Products/Release -F /Applications/Xcode.app/Contents/Developer/Platforms/MacOSX.platform/Developer/Library/Frameworks -c -num-threads 10 -Xcc -ivfsstatcache -Xcc /Users/marcboyer/LogicAudioAssistant/.build/xcode-release-reviewfix/SDKStatCaches.noindex/macosx26.5-25F70-e082c4a02f00227109f4ed75e425c832.sdkstatcache -output-file-map /Users/marcboyer/LogicAudioAssistant/.build/xcode-release-reviewfix/Build/Intermediates.noindex/LogicAudioAssistant.build/Release/PreviewWorkflow.build/Objects-normal/arm64/PreviewWorkflow-OutputFileMap.json -use-frontend-parseable-output -save-temps -no-color-diagnostics -explicit-module-build -module-cache-path /Users/marcboyer/LogicAudioAssistant/.build/xcode-release-reviewfix/Build/Intermediates.noindex/SwiftExplicitPrecompiledModules -clang-scanner-module-cache-path /Users/marcboyer/LogicAudioAssistant/.build/xcode-release-reviewfix/ModuleCache.noindex -sdk-module-cache-path /Users/marcboyer/LogicAudioAssistant/.build/xcode-release-reviewfix/ModuleCache.noindex -serialize-diagnostics -emit-dependencies -emit-module -emit-module-path /Users/marcboyer/LogicAudioAssistant/.build/xcode-release-reviewfix/Build/Intermediates.noindex/LogicAudioAssistant.build/Release/PreviewWorkflow.build/Objects-normal/arm64/PreviewWorkflow.swiftmodule -validate-clang-modules-once -clang-build-session-file /Users/marcboyer/LogicAudioAssistant/.build/xcode-release-reviewfix/ModuleCache.noindex/Session.modulevalidation -package-name logicaudioassistant -Xcc -I/Users/marcboyer/LogicAudioAssistant/.build/xcode-release-reviewfix/Build/Intermediates.noindex/LogicAudioAssistant.build/Release/PreviewWorkflow.build/swift-overrides.hmap -emit-const-values -Xfrontend -const-gather-protocols-file -Xfrontend /Users/marcboyer/LogicAudioAssistant/.build/xcode-release-reviewfix/Build/Intermediates.noindex/LogicAudioAssistant.build/Release/PreviewWorkflow.build/Objects-normal/arm64/PreviewWorkflow_const_extract_protocols.json -Xcc -I/Users/marcboyer/LogicAudioAssistant/packages/CAtomics/include -Xcc -I/Users/marcboyer/LogicAudioAssistant/.build/xcode-release-reviewfix/Build/Products/Release/include -Xcc -I/Users/marcboyer/LogicAudioAssistant/.build/xcode-release-reviewfix/Build/Intermediates.noindex/LogicAudioAssistant.build/Release/PreviewWorkflow.build/DerivedSources-normal/arm64 -Xcc -I/Users/marcboyer/LogicAudioAssistant/.build/xcode-release-reviewfix/Build/Intermediates.noindex/LogicAudioAssistant.build/Release/PreviewWorkflow.build/DerivedSources/arm64 -Xcc -I/Users/marcboyer/LogicAudioAssistant/.build/xcode-release-reviewfix/Build/Intermediates.noindex/LogicAudioAssistant.build/Release/PreviewWorkflow.build/DerivedSources -Xcc -DSWIFT_PACKAGE -emit-objc-header -emit-objc-header-path /Users/marcboyer/LogicAudioAssistant/.build/xcode-release-reviewfix/Build/Intermediates.noindex/LogicAudioAssistant.build/Release/PreviewWorkflow.build/Objects-normal/arm64/PreviewWorkflow-Swift.h -working-directory /Users/marcboyer/LogicAudioAssistant/LogicAudioAssistant.xcodeproj -no-emit-module-separately-wmo

SwiftMergeGeneratedHeaders /Users/marcboyer/LogicAudioAssistant/.build/xcode-release-reviewfix/Build/Intermediates.noindex/GeneratedModuleMaps/PreviewWorkflow-Swift.h /Users/marcboyer/LogicAudioAssistant/.build/xcode-release-reviewfix/Build/Intermediates.noindex/LogicAudioAssistant.build/Release/PreviewWorkflow.build/Objects-normal/arm64/PreviewWorkflow-Swift.h (in target 'PreviewWorkflow' from project 'LogicAudioAssistant' at path '/Users/marcboyer/LogicAudioAssistant/Package.swift')
    cd /Users/marcboyer/LogicAudioAssistant
    builtin-swiftHeaderTool -arch arm64 /Users/marcboyer/LogicAudioAssistant/.build/xcode-release-reviewfix/Build/Intermediates.noindex/LogicAudioAssistant.build/Release/PreviewWorkflow.build/Objects-normal/arm64/PreviewWorkflow-Swift.h -o /Users/marcboyer/LogicAudioAssistant/.build/xcode-release-reviewfix/Build/Intermediates.noindex/GeneratedModuleMaps/PreviewWorkflow-Swift.h

Copy /Users/marcboyer/LogicAudioAssistant/.build/xcode-release-reviewfix/Build/Products/Release/PreviewWorkflow.swiftmodule/arm64-apple-macos.swiftdoc /Users/marcboyer/LogicAudioAssistant/.build/xcode-release-reviewfix/Build/Intermediates.noindex/LogicAudioAssistant.build/Release/PreviewWorkflow.build/Objects-normal/arm64/PreviewWorkflow.swiftdoc (in target 'PreviewWorkflow' from project 'LogicAudioAssistant' at path '/Users/marcboyer/LogicAudioAssistant/Package.swift')
    cd /Users/marcboyer/LogicAudioAssistant
    builtin-copy -exclude .DS_Store -exclude CVS -exclude .svn -exclude .git -exclude .hg -strip-unsigned-binaries -strip-deterministic -strip-tool /Applications/Xcode.app/Contents/Developer/Toolchains/XcodeDefault.xctoolchain/usr/bin/strip -resolve-src-symlinks -rename /Users/marcboyer/LogicAudioAssistant/.build/xcode-release-reviewfix/Build/Intermediates.noindex/LogicAudioAssistant.build/Release/PreviewWorkflow.build/Objects-normal/arm64/PreviewWorkflow.swiftdoc /Users/marcboyer/LogicAudioAssistant/.build/xcode-release-reviewfix/Build/Products/Release/PreviewWorkflow.swiftmodule/arm64-apple-macos.swiftdoc

Copy /Users/marcboyer/LogicAudioAssistant/.build/xcode-release-reviewfix/Build/Products/Release/PreviewWorkflow.swiftmodule/arm64-apple-macos.abi.json /Users/marcboyer/LogicAudioAssistant/.build/xcode-release-reviewfix/Build/Intermediates.noindex/LogicAudioAssistant.build/Release/PreviewWorkflow.build/Objects-normal/arm64/PreviewWorkflow.abi.json (in target 'PreviewWorkflow' from project 'LogicAudioAssistant' at path '/Users/marcboyer/LogicAudioAssistant/Package.swift')
    cd /Users/marcboyer/LogicAudioAssistant
    builtin-copy -exclude .DS_Store -exclude CVS -exclude .svn -exclude .git -exclude .hg -strip-unsigned-binaries -strip-deterministic -strip-tool /Applications/Xcode.app/Contents/Developer/Toolchains/XcodeDefault.xctoolchain/usr/bin/strip -resolve-src-symlinks -rename /Users/marcboyer/LogicAudioAssistant/.build/xcode-release-reviewfix/Build/Intermediates.noindex/LogicAudioAssistant.build/Release/PreviewWorkflow.build/Objects-normal/arm64/PreviewWorkflow.abi.json /Users/marcboyer/LogicAudioAssistant/.build/xcode-release-reviewfix/Build/Products/Release/PreviewWorkflow.swiftmodule/arm64-apple-macos.abi.json

Copy /Users/marcboyer/LogicAudioAssistant/.build/xcode-release-reviewfix/Build/Products/Release/PreviewWorkflow.swiftmodule/arm64-apple-macos.swiftmodule /Users/marcboyer/LogicAudioAssistant/.build/xcode-release-reviewfix/Build/Intermediates.noindex/LogicAudioAssistant.build/Release/PreviewWorkflow.build/Objects-normal/arm64/PreviewWorkflow.swiftmodule (in target 'PreviewWorkflow' from project 'LogicAudioAssistant' at path '/Users/marcboyer/LogicAudioAssistant/Package.swift')
    cd /Users/marcboyer/LogicAudioAssistant
    builtin-copy -exclude .DS_Store -exclude CVS -exclude .svn -exclude .git -exclude .hg -strip-unsigned-binaries -strip-deterministic -strip-tool /Applications/Xcode.app/Contents/Developer/Toolchains/XcodeDefault.xctoolchain/usr/bin/strip -resolve-src-symlinks -rename /Users/marcboyer/LogicAudioAssistant/.build/xcode-release-reviewfix/Build/Intermediates.noindex/LogicAudioAssistant.build/Release/PreviewWorkflow.build/Objects-normal/arm64/PreviewWorkflow.swiftmodule /Users/marcboyer/LogicAudioAssistant/.build/xcode-release-reviewfix/Build/Products/Release/PreviewWorkflow.swiftmodule/arm64-apple-macos.swiftmodule

Copy /Users/marcboyer/LogicAudioAssistant/.build/xcode-release-reviewfix/Build/Products/Release/PreviewWorkflow.swiftmodule/Project/arm64-apple-macos.swiftsourceinfo /Users/marcboyer/LogicAudioAssistant/.build/xcode-release-reviewfix/Build/Intermediates.noindex/LogicAudioAssistant.build/Release/PreviewWorkflow.build/Objects-normal/arm64/PreviewWorkflow.swiftsourceinfo (in target 'PreviewWorkflow' from project 'LogicAudioAssistant' at path '/Users/marcboyer/LogicAudioAssistant/Package.swift')
    cd /Users/marcboyer/LogicAudioAssistant
    builtin-copy -exclude .DS_Store -exclude CVS -exclude .svn -exclude .git -exclude .hg -strip-unsigned-binaries -strip-deterministic -strip-tool /Applications/Xcode.app/Contents/Developer/Toolchains/XcodeDefault.xctoolchain/usr/bin/strip -resolve-src-symlinks -rename /Users/marcboyer/LogicAudioAssistant/.build/xcode-release-reviewfix/Build/Intermediates.noindex/LogicAudioAssistant.build/Release/PreviewWorkflow.build/Objects-normal/arm64/PreviewWorkflow.swiftsourceinfo /Users/marcboyer/LogicAudioAssistant/.build/xcode-release-reviewfix/Build/Products/Release/PreviewWorkflow.swiftmodule/Project/arm64-apple-macos.swiftsourceinfo

Ld /Users/marcboyer/LogicAudioAssistant/.build/xcode-release-reviewfix/Build/Products/Release/PreviewWorkflow.o normal (in target 'PreviewWorkflow' from project 'LogicAudioAssistant' at path '/Users/marcboyer/LogicAudioAssistant/Package.swift')
    cd /Users/marcboyer/LogicAudioAssistant
    /Applications/Xcode.app/Contents/Developer/Toolchains/XcodeDefault.xctoolchain/usr/bin/clang -Xlinker -reproducible -target arm64-apple-macos14.0 -r -isysroot /Applications/Xcode.app/Contents/Developer/Platforms/MacOSX.platform/Developer/SDKs/MacOSX26.5.sdk -Os -F/Users/marcboyer/LogicAudioAssistant/.build/xcode-release-reviewfix/Build/Intermediates.noindex/EagerLinkingTBDs/Release -F/Users/marcboyer/LogicAudioAssistant/.build/xcode-release-reviewfix/Build/Products/Release/PackageFrameworks -F/Users/marcboyer/LogicAudioAssistant/.build/xcode-release-reviewfix/Build/Products/Release/PackageFrameworks -F/Users/marcboyer/LogicAudioAssistant/.build/xcode-release-reviewfix/Build/Products/Release/PackageFrameworks -F/Users/marcboyer/LogicAudioAssistant/.build/xcode-release-reviewfix/Build/Products/Release/PackageFrameworks -F/Users/marcboyer/LogicAudioAssistant/.build/xcode-release-reviewfix/Build/Products/Release/PackageFrameworks -F/Users/marcboyer/LogicAudioAssistant/.build/xcode-release-reviewfix/Build/Products/Release/PackageFrameworks -F/Users/marcboyer/LogicAudioAssistant/.build/xcode-release-reviewfix/Build/Products/Release/PackageFrameworks -F/Users/marcboyer/LogicAudioAssistant/.build/xcode-release-reviewfix/Build/Products/Release/PackageFrameworks -F/Users/marcboyer/LogicAudioAssistant/.build/xcode-release-reviewfix/Build/Products/Release -iframework /Applications/Xcode.app/Contents/Developer/Platforms/MacOSX.platform/Developer/Library/Frameworks -filelist /Users/marcboyer/LogicAudioAssistant/.build/xcode-release-reviewfix/Build/Intermediates.noindex/LogicAudioAssistant.build/Release/PreviewWorkflow.build/Objects-normal/arm64/PreviewWorkflow.LinkFileList -nostdlib -Xlinker -object_path_lto -Xlinker /Users/marcboyer/LogicAudioAssistant/.build/xcode-release-reviewfix/Build/Intermediates.noindex/LogicAudioAssistant.build/Release/PreviewWorkflow.build/Objects-normal/arm64/PreviewWorkflow_lto.o -Xlinker -dependency_info -Xlinker /Users/marcboyer/LogicAudioAssistant/.build/xcode-release-reviewfix/Build/Intermediates.noindex/LogicAudioAssistant.build/Release/PreviewWorkflow.build/Objects-normal/arm64/PreviewWorkflow_dependency_info.dat -fobjc-link-runtime -L/Applications/Xcode.app/Contents/Developer/Toolchains/XcodeDefault.xctoolchain/usr/lib/swift/macosx -L/usr/lib/swift -Xlinker -add_ast_path -Xlinker /Users/marcboyer/LogicAudioAssistant/.build/xcode-release-reviewfix/Build/Intermediates.noindex/LogicAudioAssistant.build/Release/PreviewWorkflow.build/Objects-normal/arm64/PreviewWorkflow.swiftmodule @/Users/marcboyer/LogicAudioAssistant/.build/xcode-release-reviewfix/Build/Intermediates.noindex/LogicAudioAssistant.build/Release/PreviewWorkflow.build/Objects-normal/arm64/PreviewWorkflow-linker-args.resp -o /Users/marcboyer/LogicAudioAssistant/.build/xcode-release-reviewfix/Build/Products/Release/PreviewWorkflow.o

SwiftDriver SessionCore normal arm64 com.apple.xcode.tools.swift.compiler (in target 'SessionCore' from project 'LogicAudioAssistant' at path '/Users/marcboyer/LogicAudioAssistant/Package.swift')
    cd /Users/marcboyer/LogicAudioAssistant/LogicAudioAssistant.xcodeproj
    builtin-SwiftDriver -- /Applications/Xcode.app/Contents/Developer/Toolchains/XcodeDefault.xctoolchain/usr/bin/swiftc -module-name SessionCore -O -whole-module-optimization @/Users/marcboyer/LogicAudioAssistant/.build/xcode-release-reviewfix/Build/Intermediates.noindex/LogicAudioAssistant.build/Release/SessionCore.build/Objects-normal/arm64/SessionCore.SwiftFileList -DSWIFT_PACKAGE -DSWIFT_MODULE_RESOURCE_BUNDLE_UNAVAILABLE -Xcc -fmodule-map-file\=/Users/marcboyer/LogicAudioAssistant/.build/xcode-release-reviewfix/Build/Intermediates.noindex/GeneratedModuleMaps/CAtomics.modulemap -DXcode -plugin-path /Applications/Xcode.app/Contents/Developer/Toolchains/XcodeDefault.xctoolchain/usr/lib/swift/host/plugins/testing -enable-experimental-feature DebugDescriptionMacro -sdk /Applications/Xcode.app/Contents/Developer/Platforms/MacOSX.platform/Developer/SDKs/MacOSX26.5.sdk -target arm64-apple-macos14.0 -g -module-cache-path /Users/marcboyer/LogicAudioAssistant/.build/xcode-release-reviewfix/ModuleCache.noindex -Xfrontend -serialize-debugging-options -swift-version 6 -I /Users/marcboyer/LogicAudioAssistant/.build/xcode-release-reviewfix/Build/Products/Release -Isystem /Applications/Xcode.app/Contents/Developer/Platforms/MacOSX.platform/Developer/usr/lib -F /Users/marcboyer/LogicAudioAssistant/.build/xcode-release-reviewfix/Build/Products/Release/PackageFrameworks -F /Users/marcboyer/LogicAudioAssistant/.build/xcode-release-reviewfix/Build/Products/Release/PackageFrameworks -F /Users/marcboyer/LogicAudioAssistant/.build/xcode-release-reviewfix/Build/Products/Release/PackageFrameworks -F /Users/marcboyer/LogicAudioAssistant/.build/xcode-release-reviewfix/Build/Products/Release/PackageFrameworks -F /Users/marcboyer/LogicAudioAssistant/.build/xcode-release-reviewfix/Build/Products/Release/PackageFrameworks -F /Users/marcboyer/LogicAudioAssistant/.build/xcode-release-reviewfix/Build/Products/Release/PackageFrameworks -F /Users/marcboyer/LogicAudioAssistant/.build/xcode-release-reviewfix/Build/Products/Release/PackageFrameworks -F /Users/marcboyer/LogicAudioAssistant/.build/xcode-release-reviewfix/Build/Products/Release/PackageFrameworks -F /Users/marcboyer/LogicAudioAssistant/.build/xcode-release-reviewfix/Build/Products/Release/PackageFrameworks -F /Users/marcboyer/LogicAudioAssistant/.build/xcode-release-reviewfix/Build/Products/Release/PackageFrameworks -F /Users/marcboyer/LogicAudioAssistant/.build/xcode-release-reviewfix/Build/Products/Release -F /Applications/Xcode.app/Contents/Developer/Platforms/MacOSX.platform/Developer/Library/Frameworks -parse-as-library -c -num-threads 10 -Xcc -ivfsstatcache -Xcc /Users/marcboyer/LogicAudioAssistant/.build/xcode-release-reviewfix/SDKStatCaches.noindex/macosx26.5-25F70-e082c4a02f00227109f4ed75e425c832.sdkstatcache -output-file-map /Users/marcboyer/LogicAudioAssistant/.build/xcode-release-reviewfix/Build/Intermediates.noindex/LogicAudioAssistant.build/Release/SessionCore.build/Objects-normal/arm64/SessionCore-OutputFileMap.json -use-frontend-parseable-output -save-temps -no-color-diagnostics -explicit-module-build -module-cache-path /Users/marcboyer/LogicAudioAssistant/.build/xcode-release-reviewfix/Build/Intermediates.noindex/SwiftExplicitPrecompiledModules -clang-scanner-module-cache-path /Users/marcboyer/LogicAudioAssistant/.build/xcode-release-reviewfix/ModuleCache.noindex -sdk-module-cache-path /Users/marcboyer/LogicAudioAssistant/.build/xcode-release-reviewfix/ModuleCache.noindex -serialize-diagnostics -emit-dependencies -emit-module -emit-module-path /Users/marcboyer/LogicAudioAssistant/.build/xcode-release-reviewfix/Build/Intermediates.noindex/LogicAudioAssistant.build/Release/SessionCore.build/Objects-normal/arm64/SessionCore.swiftmodule -validate-clang-modules-once -clang-build-session-file /Users/marcboyer/LogicAudioAssistant/.build/xcode-release-reviewfix/ModuleCache.noindex/Session.modulevalidation -package-name logicaudioassistant -Xcc -I/Users/marcboyer/LogicAudioAssistant/.build/xcode-release-reviewfix/Build/Intermediates.noindex/LogicAudioAssistant.build/Release/SessionCore.build/swift-overrides.hmap -emit-const-values -Xfrontend -const-gather-protocols-file -Xfrontend /Users/marcboyer/LogicAudioAssistant/.build/xcode-release-reviewfix/Build/Intermediates.noindex/LogicAudioAssistant.build/Release/SessionCore.build/Objects-normal/arm64/SessionCore_const_extract_protocols.json -Xcc -I/Users/marcboyer/LogicAudioAssistant/packages/CAtomics/include -Xcc -I/Users/marcboyer/LogicAudioAssistant/.build/xcode-release-reviewfix/Build/Products/Release/include -Xcc -I/Users/marcboyer/LogicAudioAssistant/.build/xcode-release-reviewfix/Build/Intermediates.noindex/LogicAudioAssistant.build/Release/SessionCore.build/DerivedSources-normal/arm64 -Xcc -I/Users/marcboyer/LogicAudioAssistant/.build/xcode-release-reviewfix/Build/Intermediates.noindex/LogicAudioAssistant.build/Release/SessionCore.build/DerivedSources/arm64 -Xcc -I/Users/marcboyer/LogicAudioAssistant/.build/xcode-release-reviewfix/Build/Intermediates.noindex/LogicAudioAssistant.build/Release/SessionCore.build/DerivedSources -Xcc -DSWIFT_PACKAGE -emit-objc-header -emit-objc-header-path /Users/marcboyer/LogicAudioAssistant/.build/xcode-release-reviewfix/Build/Intermediates.noindex/LogicAudioAssistant.build/Release/SessionCore.build/Objects-normal/arm64/SessionCore-Swift.h -working-directory /Users/marcboyer/LogicAudioAssistant/LogicAudioAssistant.xcodeproj -no-emit-module-separately-wmo

ExtractAppIntentsMetadata (in target 'PreviewWorkflow' from project 'LogicAudioAssistant' at path '/Users/marcboyer/LogicAudioAssistant/Package.swift')
    cd /Users/marcboyer/LogicAudioAssistant
    /Applications/Xcode.app/Contents/Developer/Toolchains/XcodeDefault.xctoolchain/usr/bin/appintentsmetadataprocessor --toolchain-dir /Applications/Xcode.app/Contents/Developer/Toolchains/XcodeDefault.xctoolchain --module-name PreviewWorkflow --sdk-root /Applications/Xcode.app/Contents/Developer/Platforms/MacOSX.platform/Developer/SDKs/MacOSX26.5.sdk --xcode-version 17F113 --platform-family macOS --deployment-target 14.0 --bundle-identifier logicaudioassistant.PreviewWorkflow --output /Users/marcboyer/LogicAudioAssistant/.build/xcode-release-reviewfix/Build/Products/Release/PreviewWorkflow.appintents --target-triple arm64-apple-macos14.0 --binary-file /Users/marcboyer/LogicAudioAssistant/.build/xcode-release-reviewfix/Build/Products/Release/PreviewWorkflow.o --dependency-file /Users/marcboyer/LogicAudioAssistant/.build/xcode-release-reviewfix/Build/Intermediates.noindex/LogicAudioAssistant.build/Release/PreviewWorkflow.build/Objects-normal/arm64/PreviewWorkflow_dependency_info.dat --stringsdata-file /Users/marcboyer/LogicAudioAssistant/.build/xcode-release-reviewfix/Build/Intermediates.noindex/LogicAudioAssistant.build/Release/PreviewWorkflow.build/Objects-normal/arm64/ExtractedAppShortcutsMetadata.stringsdata --source-file-list /Users/marcboyer/LogicAudioAssistant/.build/xcode-release-reviewfix/Build/Intermediates.noindex/LogicAudioAssistant.build/Release/PreviewWorkflow.build/Objects-normal/arm64/PreviewWorkflow.SwiftFileList --metadata-file-list /Users/marcboyer/LogicAudioAssistant/.build/xcode-release-reviewfix/Build/Intermediates.noindex/LogicAudioAssistant.build/Release/PreviewWorkflow.build/PreviewWorkflow.DependencyMetadataFileList --static-metadata-file-list /Users/marcboyer/LogicAudioAssistant/.build/xcode-release-reviewfix/Build/Intermediates.noindex/LogicAudioAssistant.build/Release/PreviewWorkflow.build/PreviewWorkflow.DependencyStaticMetadataFileList --swift-const-vals-list /Users/marcboyer/LogicAudioAssistant/.build/xcode-release-reviewfix/Build/Intermediates.noindex/LogicAudioAssistant.build/Release/PreviewWorkflow.build/Objects-normal/arm64/PreviewWorkflow.SwiftConstValuesFileList --force --compile-time-extraction --deployment-aware-processing --validate-assistant-intents --no-app-shortcuts-localization
2026-08-14 14:53:40.881 appintentsmetadataprocessor[35465:3501652] Starting appintentsmetadataprocessor export
2026-08-14 14:53:40.892 appintentsmetadataprocessor[35465:3501652] Extracted no relevant App Intents symbols, skipping writing output

RegisterExecutionPolicyException /Users/marcboyer/LogicAudioAssistant/.build/xcode-release-reviewfix/Build/Products/Release/PreviewWorkflow.o (in target 'PreviewWorkflow' from project 'LogicAudioAssistant' at path '/Users/marcboyer/LogicAudioAssistant/Package.swift')
    cd /Users/marcboyer/LogicAudioAssistant
    builtin-RegisterExecutionPolicyException /Users/marcboyer/LogicAudioAssistant/.build/xcode-release-reviewfix/Build/Products/Release/PreviewWorkflow.o

SwiftDriver\ Compilation SessionCore normal arm64 com.apple.xcode.tools.swift.compiler (in target 'SessionCore' from project 'LogicAudioAssistant' at path '/Users/marcboyer/LogicAudioAssistant/Package.swift')
    cd /Users/marcboyer/LogicAudioAssistant/LogicAudioAssistant.xcodeproj
    builtin-Swift-Compilation -- /Applications/Xcode.app/Contents/Developer/Toolchains/XcodeDefault.xctoolchain/usr/bin/swiftc -module-name SessionCore -O -whole-module-optimization @/Users/marcboyer/LogicAudioAssistant/.build/xcode-release-reviewfix/Build/Intermediates.noindex/LogicAudioAssistant.build/Release/SessionCore.build/Objects-normal/arm64/SessionCore.SwiftFileList -DSWIFT_PACKAGE -DSWIFT_MODULE_RESOURCE_BUNDLE_UNAVAILABLE -Xcc -fmodule-map-file\=/Users/marcboyer/LogicAudioAssistant/.build/xcode-release-reviewfix/Build/Intermediates.noindex/GeneratedModuleMaps/CAtomics.modulemap -DXcode -plugin-path /Applications/Xcode.app/Contents/Developer/Toolchains/XcodeDefault.xctoolchain/usr/lib/swift/host/plugins/testing -enable-experimental-feature DebugDescriptionMacro -sdk /Applications/Xcode.app/Contents/Developer/Platforms/MacOSX.platform/Developer/SDKs/MacOSX26.5.sdk -target arm64-apple-macos14.0 -g -module-cache-path /Users/marcboyer/LogicAudioAssistant/.build/xcode-release-reviewfix/ModuleCache.noindex -Xfrontend -serialize-debugging-options -swift-version 6 -I /Users/marcboyer/LogicAudioAssistant/.build/xcode-release-reviewfix/Build/Products/Release -Isystem /Applications/Xcode.app/Contents/Developer/Platforms/MacOSX.platform/Developer/usr/lib -F /Users/marcboyer/LogicAudioAssistant/.build/xcode-release-reviewfix/Build/Products/Release/PackageFrameworks -F /Users/marcboyer/LogicAudioAssistant/.build/xcode-release-reviewfix/Build/Products/Release/PackageFrameworks -F /Users/marcboyer/LogicAudioAssistant/.build/xcode-release-reviewfix/Build/Products/Release/PackageFrameworks -F /Users/marcboyer/LogicAudioAssistant/.build/xcode-release-reviewfix/Build/Products/Release/PackageFrameworks -F /Users/marcboyer/LogicAudioAssistant/.build/xcode-release-reviewfix/Build/Products/Release/PackageFrameworks -F /Users/marcboyer/LogicAudioAssistant/.build/xcode-release-reviewfix/Build/Products/Release/PackageFrameworks -F /Users/marcboyer/LogicAudioAssistant/.build/xcode-release-reviewfix/Build/Products/Release/PackageFrameworks -F /Users/marcboyer/LogicAudioAssistant/.build/xcode-release-reviewfix/Build/Products/Release/PackageFrameworks -F /Users/marcboyer/LogicAudioAssistant/.build/xcode-release-reviewfix/Build/Products/Release/PackageFrameworks -F /Users/marcboyer/LogicAudioAssistant/.build/xcode-release-reviewfix/Build/Products/Release/PackageFrameworks -F /Users/marcboyer/LogicAudioAssistant/.build/xcode-release-reviewfix/Build/Products/Release -F /Applications/Xcode.app/Contents/Developer/Platforms/MacOSX.platform/Developer/Library/Frameworks -parse-as-library -c -num-threads 10 -Xcc -ivfsstatcache -Xcc /Users/marcboyer/LogicAudioAssistant/.build/xcode-release-reviewfix/SDKStatCaches.noindex/macosx26.5-25F70-e082c4a02f00227109f4ed75e425c832.sdkstatcache -output-file-map /Users/marcboyer/LogicAudioAssistant/.build/xcode-release-reviewfix/Build/Intermediates.noindex/LogicAudioAssistant.build/Release/SessionCore.build/Objects-normal/arm64/SessionCore-OutputFileMap.json -use-frontend-parseable-output -save-temps -no-color-diagnostics -explicit-module-build -module-cache-path /Users/marcboyer/LogicAudioAssistant/.build/xcode-release-reviewfix/Build/Intermediates.noindex/SwiftExplicitPrecompiledModules -clang-scanner-module-cache-path /Users/marcboyer/LogicAudioAssistant/.build/xcode-release-reviewfix/ModuleCache.noindex -sdk-module-cache-path /Users/marcboyer/LogicAudioAssistant/.build/xcode-release-reviewfix/ModuleCache.noindex -serialize-diagnostics -emit-dependencies -emit-module -emit-module-path /Users/marcboyer/LogicAudioAssistant/.build/xcode-release-reviewfix/Build/Intermediates.noindex/LogicAudioAssistant.build/Release/SessionCore.build/Objects-normal/arm64/SessionCore.swiftmodule -validate-clang-modules-once -clang-build-session-file /Users/marcboyer/LogicAudioAssistant/.build/xcode-release-reviewfix/ModuleCache.noindex/Session.modulevalidation -package-name logicaudioassistant -Xcc -I/Users/marcboyer/LogicAudioAssistant/.build/xcode-release-reviewfix/Build/Intermediates.noindex/LogicAudioAssistant.build/Release/SessionCore.build/swift-overrides.hmap -emit-const-values -Xfrontend -const-gather-protocols-file -Xfrontend /Users/marcboyer/LogicAudioAssistant/.build/xcode-release-reviewfix/Build/Intermediates.noindex/LogicAudioAssistant.build/Release/SessionCore.build/Objects-normal/arm64/SessionCore_const_extract_protocols.json -Xcc -I/Users/marcboyer/LogicAudioAssistant/packages/CAtomics/include -Xcc -I/Users/marcboyer/LogicAudioAssistant/.build/xcode-release-reviewfix/Build/Products/Release/include -Xcc -I/Users/marcboyer/LogicAudioAssistant/.build/xcode-release-reviewfix/Build/Intermediates.noindex/LogicAudioAssistant.build/Release/SessionCore.build/DerivedSources-normal/arm64 -Xcc -I/Users/marcboyer/LogicAudioAssistant/.build/xcode-release-reviewfix/Build/Intermediates.noindex/LogicAudioAssistant.build/Release/SessionCore.build/DerivedSources/arm64 -Xcc -I/Users/marcboyer/LogicAudioAssistant/.build/xcode-release-reviewfix/Build/Intermediates.noindex/LogicAudioAssistant.build/Release/SessionCore.build/DerivedSources -Xcc -DSWIFT_PACKAGE -emit-objc-header -emit-objc-header-path /Users/marcboyer/LogicAudioAssistant/.build/xcode-release-reviewfix/Build/Intermediates.noindex/LogicAudioAssistant.build/Release/SessionCore.build/Objects-normal/arm64/SessionCore-Swift.h -working-directory /Users/marcboyer/LogicAudioAssistant/LogicAudioAssistant.xcodeproj -no-emit-module-separately-wmo

SwiftCompile normal arm64 Compiling\ CompanionSessionClient.swift /Users/marcboyer/LogicAudioAssistant/packages/SessionCore/Sources/SessionCore/CompanionSessionClient.swift /Users/marcboyer/LogicAudioAssistant/.build/xcode-release-reviewfix/Build/Products/Release/DSPCore.swiftmodule/arm64-apple-macos.swiftmodule /Applications/Xcode.app/Contents/Developer/Toolchains/XcodeDefault.xctoolchain/usr/lib/swift/macosx/prebuilt-modules/26.5/System.swiftmodule/arm64e-apple-macos.swiftmodule /Applications/Xcode.app/Contents/Developer/Toolchains/XcodeDefault.xctoolchain/usr/lib/swift/macosx/prebuilt-modules/26.5/Dispatch.swiftmodule/arm64e-apple-macos.swiftmodule /Applications/Xcode.app/Contents/Developer/Toolchains/XcodeDefault.xctoolchain/usr/lib/swift/macosx/prebuilt-modules/26.5/_StringProcessing.swiftmodule/arm64e-apple-macos.swiftmodule /Users/marcboyer/LogicAudioAssistant/.build/xcode-release-reviewfix/Build/Products/Release/PlanSchema.swiftmodule/arm64-apple-macos.swiftmodule /Users/marcboyer/LogicAudioAssistant/.build/xcode-release-reviewfix/Build/Products/Release/AgentCore.swiftmodule/arm64-apple-macos.swiftmodule /Applications/Xcode.app/Contents/Developer/Toolchains/XcodeDefault.xctoolchain/usr/lib/swift/macosx/prebuilt-modules/26.5/XPC.swiftmodule/arm64e-apple-macos.swiftmodule /Applications/Xcode.app/Contents/Developer/Toolchains/XcodeDefault.xctoolchain/usr/lib/swift/macosx/prebuilt-modules/26.5/_DarwinFoundation3.swiftmodule/arm64e-apple-macos.swiftmodule /Applications/Xcode.app/Contents/Developer/Toolchains/XcodeDefault.xctoolchain/usr/lib/swift/macosx/prebuilt-modules/26.5/Darwin.swiftmodule/arm64e-apple-macos.swiftmodule /Users/marcboyer/LogicAudioAssistant/.build/xcode-release-reviewfix/Build/Products/Release/AudioAnalysis.swiftmodule/arm64-apple-macos.swiftmodule /Applications/Xcode.app/Contents/Developer/Toolchains/XcodeDefault.xctoolchain/usr/lib/swift/macosx/prebuilt-modules/26.5/CryptoKit.swiftmodule/arm64e-apple-macos.swiftmodule /Users/marcboyer/LogicAudioAssistant/.build/xcode-release-reviewfix/Build/Products/Release/PreviewWorkflow.swiftmodule/arm64-apple-macos.swiftmodule /Users/marcboyer/LogicAudioAssistant/.build/xcode-release-reviewfix/Build/Products/Release/PreviewRenderer.swiftmodule/arm64-apple-macos.swiftmodule /Applications/Xcode.app/Contents/Developer/Toolchains/XcodeDefault.xctoolchain/usr/lib/swift/macosx/prebuilt-modules/26.5/Foundation.swiftmodule/arm64e-apple-macos.swiftmodule /Applications/Xcode.app/Contents/Developer/Toolchains/XcodeDefault.xctoolchain/usr/lib/swift/macosx/prebuilt-modules/26.5/_DarwinFoundation2.swiftmodule/arm64e-apple-macos.swiftmodule /Applications/Xcode.app/Contents/Developer/Toolchains/XcodeDefault.xctoolchain/usr/lib/swift/macosx/prebuilt-modules/26.5/CoreFoundation.swiftmodule/arm64e-apple-macos.swiftmodule /Applications/Xcode.app/Contents/Developer/Toolchains/XcodeDefault.xctoolchain/usr/lib/swift/macosx/prebuilt-modules/26.5/ObjectiveC.swiftmodule/arm64e-apple-macos.swiftmodule /Users/marcboyer/LogicAudioAssistant/.build/xcode-release-reviewfix/Build/Products/Release/VocalProduction.swiftmodule/arm64-apple-macos.swiftmodule /Applications/Xcode.app/Contents/Developer/Toolchains/XcodeDefault.xctoolchain/usr/lib/swift/macosx/prebuilt-modules/26.5/Swift.swiftmodule/arm64e-apple-macos.swiftmodule /Users/marcboyer/LogicAudioAssistant/.build/xcode-release-reviewfix/Build/Products/Release/SharedIPC.swiftmodule/arm64-apple-macos.swiftmodule /Applications/Xcode.app/Contents/Developer/Toolchains/XcodeDefault.xctoolchain/usr/lib/swift/macosx/prebuilt-modules/26.5/_Builtin_float.swiftmodule/arm64e-apple-macos.swiftmodule /Applications/Xcode.app/Contents/Developer/Toolchains/XcodeDefault.xctoolchain/usr/lib/swift/macosx/prebuilt-modules/26.5/_DarwinFoundation1.swiftmodule/arm64e-apple-macos.swiftmodule /Applications/Xcode.app/Contents/Developer/Toolchains/XcodeDefault.xctoolchain/usr/lib/swift/macosx/prebuilt-modules/26.5/Observation.swiftmodule/arm64e-apple-macos.swiftmodule /Applications/Xcode.app/Contents/Developer/Toolchains/XcodeDefault.xctoolchain/usr/lib/swift/macosx/prebuilt-modules/26.5/_Concurrency.swiftmodule/arm64e-apple-macos.swiftmodule /Applications/Xcode.app/Contents/Developer/Toolchains/XcodeDefault.xctoolchain/usr/lib/swift/macosx/prebuilt-modules/26.5/Combine.swiftmodule/arm64e-apple-macos.swiftmodule /Applications/Xcode.app/Contents/Developer/Toolchains/XcodeDefault.xctoolchain/usr/lib/swift/macosx/prebuilt-modules/26.5/LocalAuthentication.swiftmodule/arm64e-apple-macos.swiftmodule /Applications/Xcode.app/Contents/Developer/Toolchains/XcodeDefault.xctoolchain/usr/lib/swift/macosx/prebuilt-modules/26.5/IOKit.swiftmodule/arm64e-apple-macos.swiftmodule /Users/marcboyer/LogicAudioAssistant/.build/xcode-release-reviewfix/ModuleCache.noindex/ObjectiveC-A4ASO8WBMH3J1EIDI52P3U0K7.pcm /Users/marcboyer/LogicAudioAssistant/.build/xcode-release-reviewfix/ModuleCache.noindex/_Builtin_stdarg-CWWWL82UT7IK5S1LU2O31362H.pcm /Users/marcboyer/LogicAudioAssistant/.build/xcode-release-reviewfix/ModuleCache.noindex/ptrcheck-47LT4S3L11YU6Q9VER2S68CGD.pcm /Users/marcboyer/LogicAudioAssistant/.build/xcode-release-reviewfix/ModuleCache.noindex/_Builtin_float-5R2UINMN9L91RWGT6OT8ABUIQ.pcm /Users/marcboyer/LogicAudioAssistant/.build/xcode-release-reviewfix/ModuleCache.noindex/ptrauth-64OXNBF3VV5OQLDK24WP1L156.pcm /Users/marcboyer/LogicAudioAssistant/.build/xcode-release-reviewfix/ModuleCache.noindex/MachO-1DVCBDOQTFP9F50B55M42QA85.pcm /Users/marcboyer/LogicAudioAssistant/.build/xcode-release-reviewfix/ModuleCache.noindex/Foundation-488OCGQ676PGZMBG2B3RYVRGS.pcm /Users/marcboyer/LogicAudioAssistant/.build/xcode-release-reviewfix/ModuleCache.noindex/XPC-6P49AK1FVMZ0QLVI1FWJY8FUU.pcm /Users/marcboyer/LogicAudioAssistant/.build/xcode-release-reviewfix/ModuleCache.noindex/os_object-D5CL3IB6WSXWFIAROWRK10P2J.pcm /Users/marcboyer/LogicAudioAssistant/.build/xcode-release-reviewfix/ModuleCache.noindex/Dispatch-CUQGM1TJMSISSLM5Z92C0XTXR.pcm /Users/marcboyer/LogicAudioAssistant/.build/xcode-release-reviewfix/ModuleCache.noindex/_Builtin_stdint-AHO2ZCLKYE3V6VNKY3AF2VI5S.pcm /Users/marcboyer/LogicAudioAssistant/.build/xcode-release-reviewfix/ModuleCache.noindex/libkern-AFKJN9UCJTLDVRE749AR52JNO.pcm /Users/marcboyer/LogicAudioAssistant/.build/xcode-release-reviewfix/Build/Intermediates.noindex/SwiftExplicitPrecompiledModules/CAtomics-DA9ZLSI8OU8OEPCK82XECC9UR.pcm /Users/marcboyer/LogicAudioAssistant/.build/xcode-release-reviewfix/ModuleCache.noindex/launch-BG9N65BE7P5Z2OTZDEFKS9Z9I.pcm /Users/marcboyer/LogicAudioAssistant/.build/xcode-release-reviewfix/ModuleCache.noindex/sys_types-62X0RFAO1T07ID6H9QNK9FW4I.pcm /Users/marcboyer/LogicAudioAssistant/.build/xcode-release-reviewfix/ModuleCache.noindex/_SwiftConcurrencyShims-4CTOMMMGO74XNGXANM54895KH.pcm /Users/marcboyer/LogicAudioAssistant/.build/xcode-release-reviewfix/ModuleCache.noindex/CoreServices-1M1WUIDAYFGL66MBP72IVLZOB.pcm /Users/marcboyer/LogicAudioAssistant/.build/xcode-release-reviewfix/ModuleCache.noindex/_Builtin_stdbool-EGVF9C21Q9GXEBEYUU0SJOSN7.pcm /Users/marcboyer/LogicAudioAssistant/.build/xcode-release-reviewfix/ModuleCache.noindex/_Builtin_inttypes-364ERU32814XYMNW9SAVWWGAK.pcm /Users/marcboyer/LogicAudioAssistant/.build/xcode-release-reviewfix/ModuleCache.noindex/LocalAuthentication-CC4IYRDEDZAUVZ0EIWGGFGFEY.pcm /Users/marcboyer/LogicAudioAssistant/.build/xcode-release-reviewfix/ModuleCache.noindex/_AvailabilityInternal-7JY0KCW9ZRT98KGWHVERRF9OJ.pcm /Users/marcboyer/LogicAudioAssistant/.build/xcode-release-reviewfix/ModuleCache.noindex/_DarwinFoundation3-6G3O5TG2GZYAT0U5YTIH7PTLY.pcm /Users/marcboyer/LogicAudioAssistant/.build/xcode-release-reviewfix/ModuleCache.noindex/Security-2ZYGTAZHFO7YKSB8QH4RI46TN.pcm /Users/marcboyer/LogicAudioAssistant/.build/xcode-release-reviewfix/ModuleCache.noindex/SwiftShims-CUX3A0TB62NGY33ZT4Q0SO22J.pcm /Users/marcboyer/LogicAudioAssistant/.build/xcode-release-reviewfix/ModuleCache.noindex/CFNetwork-DCOK03ZG7J5FK41HS656DYLAB.pcm /Users/marcboyer/LogicAudioAssistant/.build/xcode-release-reviewfix/ModuleCache.noindex/libDER-B1GNCKHYYP5XS5TPY4XS1BUV7.pcm /Users/marcboyer/LogicAudioAssistant/.build/xcode-release-reviewfix/ModuleCache.noindex/_DarwinFoundation2-1LSZKCO2UAG2QKRWA0VFHWGGX.pcm /Users/marcboyer/LogicAudioAssistant/.build/xcode-release-reviewfix/ModuleCache.noindex/_Builtin_limits-F4U81MW454IOIFK2P2N6IHEJZ.pcm /Users/marcboyer/LogicAudioAssistant/.build/xcode-release-reviewfix/ModuleCache.noindex/DiskArbitration-F17P3FCPVJQI0VM03KID3J11B.pcm /Users/marcboyer/LogicAudioAssistant/.build/xcode-release-reviewfix/ModuleCache.noindex/Darwin-EOVFZ2A7A6Y7YSD0R2FZ6CDPQ.pcm /Users/marcboyer/LogicAudioAssistant/.build/xcode-release-reviewfix/ModuleCache.noindex/_Builtin_stddef-48R31SFXF0EDU179M0TI36NZN.pcm /Users/marcboyer/LogicAudioAssistant/.build/xcode-release-reviewfix/ModuleCache.noindex/os_workgroup-8BYCFEZ17OB5P95BFB4Z1QAYY.pcm /Users/marcboyer/LogicAudioAssistant/.build/xcode-release-reviewfix/ModuleCache.noindex/CoreFoundation-608YLRQF7KP9OP338B9BGET4L.pcm /Users/marcboyer/LogicAudioAssistant/.build/xcode-release-reviewfix/ModuleCache.noindex/IOKit-32EHD05OB5G07QM5B2WIXNRGF.pcm /Users/marcboyer/LogicAudioAssistant/.build/xcode-release-reviewfix/ModuleCache.noindex/_DarwinFoundation1-CYEM2TCTCHPK037IGQ2AGJFID.pcm /Users/marcboyer/LogicAudioAssistant/.build/xcode-release-reviewfix/Build/Intermediates.noindex/LogicAudioAssistant.build/Release/SessionCore.build/Objects-normal/arm64/SessionCore-dependencies-1.json (in target 'SessionCore' from project 'LogicAudioAssistant' at path '/Users/marcboyer/LogicAudioAssistant/Package.swift')

SwiftCompile normal arm64 /Users/marcboyer/LogicAudioAssistant/packages/SessionCore/Sources/SessionCore/CompanionSessionClient.swift (in target 'SessionCore' from project 'LogicAudioAssistant' at path '/Users/marcboyer/LogicAudioAssistant/Package.swift')
    cd /Users/marcboyer/LogicAudioAssistant/LogicAudioAssistant.xcodeproj
    

SwiftDriverJobDiscovery normal arm64 Compiling CompanionSessionClient.swift (in target 'SessionCore' from project 'LogicAudioAssistant' at path '/Users/marcboyer/LogicAudioAssistant/Package.swift')

SwiftDriver\ Compilation\ Requirements SessionCore normal arm64 com.apple.xcode.tools.swift.compiler (in target 'SessionCore' from project 'LogicAudioAssistant' at path '/Users/marcboyer/LogicAudioAssistant/Package.swift')
    cd /Users/marcboyer/LogicAudioAssistant/LogicAudioAssistant.xcodeproj
    builtin-Swift-Compilation-Requirements -- /Applications/Xcode.app/Contents/Developer/Toolchains/XcodeDefault.xctoolchain/usr/bin/swiftc -module-name SessionCore -O -whole-module-optimization @/Users/marcboyer/LogicAudioAssistant/.build/xcode-release-reviewfix/Build/Intermediates.noindex/LogicAudioAssistant.build/Release/SessionCore.build/Objects-normal/arm64/SessionCore.SwiftFileList -DSWIFT_PACKAGE -DSWIFT_MODULE_RESOURCE_BUNDLE_UNAVAILABLE -Xcc -fmodule-map-file\=/Users/marcboyer/LogicAudioAssistant/.build/xcode-release-reviewfix/Build/Intermediates.noindex/GeneratedModuleMaps/CAtomics.modulemap -DXcode -plugin-path /Applications/Xcode.app/Contents/Developer/Toolchains/XcodeDefault.xctoolchain/usr/lib/swift/host/plugins/testing -enable-experimental-feature DebugDescriptionMacro -sdk /Applications/Xcode.app/Contents/Developer/Platforms/MacOSX.platform/Developer/SDKs/MacOSX26.5.sdk -target arm64-apple-macos14.0 -g -module-cache-path /Users/marcboyer/LogicAudioAssistant/.build/xcode-release-reviewfix/ModuleCache.noindex -Xfrontend -serialize-debugging-options -swift-version 6 -I /Users/marcboyer/LogicAudioAssistant/.build/xcode-release-reviewfix/Build/Products/Release -Isystem /Applications/Xcode.app/Contents/Developer/Platforms/MacOSX.platform/Developer/usr/lib -F /Users/marcboyer/LogicAudioAssistant/.build/xcode-release-reviewfix/Build/Products/Release/PackageFrameworks -F /Users/marcboyer/LogicAudioAssistant/.build/xcode-release-reviewfix/Build/Products/Release/PackageFrameworks -F /Users/marcboyer/LogicAudioAssistant/.build/xcode-release-reviewfix/Build/Products/Release/PackageFrameworks -F /Users/marcboyer/LogicAudioAssistant/.build/xcode-release-reviewfix/Build/Products/Release/PackageFrameworks -F /Users/marcboyer/LogicAudioAssistant/.build/xcode-release-reviewfix/Build/Products/Release/PackageFrameworks -F /Users/marcboyer/LogicAudioAssistant/.build/xcode-release-reviewfix/Build/Products/Release/PackageFrameworks -F /Users/marcboyer/LogicAudioAssistant/.build/xcode-release-reviewfix/Build/Products/Release/PackageFrameworks -F /Users/marcboyer/LogicAudioAssistant/.build/xcode-release-reviewfix/Build/Products/Release/PackageFrameworks -F /Users/marcboyer/LogicAudioAssistant/.build/xcode-release-reviewfix/Build/Products/Release/PackageFrameworks -F /Users/marcboyer/LogicAudioAssistant/.build/xcode-release-reviewfix/Build/Products/Release/PackageFrameworks -F /Users/marcboyer/LogicAudioAssistant/.build/xcode-release-reviewfix/Build/Products/Release -F /Applications/Xcode.app/Contents/Developer/Platforms/MacOSX.platform/Developer/Library/Frameworks -parse-as-library -c -num-threads 10 -Xcc -ivfsstatcache -Xcc /Users/marcboyer/LogicAudioAssistant/.build/xcode-release-reviewfix/SDKStatCaches.noindex/macosx26.5-25F70-e082c4a02f00227109f4ed75e425c832.sdkstatcache -output-file-map /Users/marcboyer/LogicAudioAssistant/.build/xcode-release-reviewfix/Build/Intermediates.noindex/LogicAudioAssistant.build/Release/SessionCore.build/Objects-normal/arm64/SessionCore-OutputFileMap.json -use-frontend-parseable-output -save-temps -no-color-diagnostics -explicit-module-build -module-cache-path /Users/marcboyer/LogicAudioAssistant/.build/xcode-release-reviewfix/Build/Intermediates.noindex/SwiftExplicitPrecompiledModules -clang-scanner-module-cache-path /Users/marcboyer/LogicAudioAssistant/.build/xcode-release-reviewfix/ModuleCache.noindex -sdk-module-cache-path /Users/marcboyer/LogicAudioAssistant/.build/xcode-release-reviewfix/ModuleCache.noindex -serialize-diagnostics -emit-dependencies -emit-module -emit-module-path /Users/marcboyer/LogicAudioAssistant/.build/xcode-release-reviewfix/Build/Intermediates.noindex/LogicAudioAssistant.build/Release/SessionCore.build/Objects-normal/arm64/SessionCore.swiftmodule -validate-clang-modules-once -clang-build-session-file /Users/marcboyer/LogicAudioAssistant/.build/xcode-release-reviewfix/ModuleCache.noindex/Session.modulevalidation -package-name logicaudioassistant -Xcc -I/Users/marcboyer/LogicAudioAssistant/.build/xcode-release-reviewfix/Build/Intermediates.noindex/LogicAudioAssistant.build/Release/SessionCore.build/swift-overrides.hmap -emit-const-values -Xfrontend -const-gather-protocols-file -Xfrontend /Users/marcboyer/LogicAudioAssistant/.build/xcode-release-reviewfix/Build/Intermediates.noindex/LogicAudioAssistant.build/Release/SessionCore.build/Objects-normal/arm64/SessionCore_const_extract_protocols.json -Xcc -I/Users/marcboyer/LogicAudioAssistant/packages/CAtomics/include -Xcc -I/Users/marcboyer/LogicAudioAssistant/.build/xcode-release-reviewfix/Build/Products/Release/include -Xcc -I/Users/marcboyer/LogicAudioAssistant/.build/xcode-release-reviewfix/Build/Intermediates.noindex/LogicAudioAssistant.build/Release/SessionCore.build/DerivedSources-normal/arm64 -Xcc -I/Users/marcboyer/LogicAudioAssistant/.build/xcode-release-reviewfix/Build/Intermediates.noindex/LogicAudioAssistant.build/Release/SessionCore.build/DerivedSources/arm64 -Xcc -I/Users/marcboyer/LogicAudioAssistant/.build/xcode-release-reviewfix/Build/Intermediates.noindex/LogicAudioAssistant.build/Release/SessionCore.build/DerivedSources -Xcc -DSWIFT_PACKAGE -emit-objc-header -emit-objc-header-path /Users/marcboyer/LogicAudioAssistant/.build/xcode-release-reviewfix/Build/Intermediates.noindex/LogicAudioAssistant.build/Release/SessionCore.build/Objects-normal/arm64/SessionCore-Swift.h -working-directory /Users/marcboyer/LogicAudioAssistant/LogicAudioAssistant.xcodeproj -no-emit-module-separately-wmo

SwiftMergeGeneratedHeaders /Users/marcboyer/LogicAudioAssistant/.build/xcode-release-reviewfix/Build/Intermediates.noindex/GeneratedModuleMaps/SessionCore-Swift.h /Users/marcboyer/LogicAudioAssistant/.build/xcode-release-reviewfix/Build/Intermediates.noindex/LogicAudioAssistant.build/Release/SessionCore.build/Objects-normal/arm64/SessionCore-Swift.h (in target 'SessionCore' from project 'LogicAudioAssistant' at path '/Users/marcboyer/LogicAudioAssistant/Package.swift')
    cd /Users/marcboyer/LogicAudioAssistant
    builtin-swiftHeaderTool -arch arm64 /Users/marcboyer/LogicAudioAssistant/.build/xcode-release-reviewfix/Build/Intermediates.noindex/LogicAudioAssistant.build/Release/SessionCore.build/Objects-normal/arm64/SessionCore-Swift.h -o /Users/marcboyer/LogicAudioAssistant/.build/xcode-release-reviewfix/Build/Intermediates.noindex/GeneratedModuleMaps/SessionCore-Swift.h

Copy /Users/marcboyer/LogicAudioAssistant/.build/xcode-release-reviewfix/Build/Products/Release/SessionCore.swiftmodule/arm64-apple-macos.abi.json /Users/marcboyer/LogicAudioAssistant/.build/xcode-release-reviewfix/Build/Intermediates.noindex/LogicAudioAssistant.build/Release/SessionCore.build/Objects-normal/arm64/SessionCore.abi.json (in target 'SessionCore' from project 'LogicAudioAssistant' at path '/Users/marcboyer/LogicAudioAssistant/Package.swift')
    cd /Users/marcboyer/LogicAudioAssistant
    builtin-copy -exclude .DS_Store -exclude CVS -exclude .svn -exclude .git -exclude .hg -strip-unsigned-binaries -strip-deterministic -strip-tool /Applications/Xcode.app/Contents/Developer/Toolchains/XcodeDefault.xctoolchain/usr/bin/strip -resolve-src-symlinks -rename /Users/marcboyer/LogicAudioAssistant/.build/xcode-release-reviewfix/Build/Intermediates.noindex/LogicAudioAssistant.build/Release/SessionCore.build/Objects-normal/arm64/SessionCore.abi.json /Users/marcboyer/LogicAudioAssistant/.build/xcode-release-reviewfix/Build/Products/Release/SessionCore.swiftmodule/arm64-apple-macos.abi.json

Copy /Users/marcboyer/LogicAudioAssistant/.build/xcode-release-reviewfix/Build/Products/Release/SessionCore.swiftmodule/arm64-apple-macos.swiftmodule /Users/marcboyer/LogicAudioAssistant/.build/xcode-release-reviewfix/Build/Intermediates.noindex/LogicAudioAssistant.build/Release/SessionCore.build/Objects-normal/arm64/SessionCore.swiftmodule (in target 'SessionCore' from project 'LogicAudioAssistant' at path '/Users/marcboyer/LogicAudioAssistant/Package.swift')
    cd /Users/marcboyer/LogicAudioAssistant
    builtin-copy -exclude .DS_Store -exclude CVS -exclude .svn -exclude .git -exclude .hg -strip-unsigned-binaries -strip-deterministic -strip-tool /Applications/Xcode.app/Contents/Developer/Toolchains/XcodeDefault.xctoolchain/usr/bin/strip -resolve-src-symlinks -rename /Users/marcboyer/LogicAudioAssistant/.build/xcode-release-reviewfix/Build/Intermediates.noindex/LogicAudioAssistant.build/Release/SessionCore.build/Objects-normal/arm64/SessionCore.swiftmodule /Users/marcboyer/LogicAudioAssistant/.build/xcode-release-reviewfix/Build/Products/Release/SessionCore.swiftmodule/arm64-apple-macos.swiftmodule

Copy /Users/marcboyer/LogicAudioAssistant/.build/xcode-release-reviewfix/Build/Products/Release/SessionCore.swiftmodule/arm64-apple-macos.swiftdoc /Users/marcboyer/LogicAudioAssistant/.build/xcode-release-reviewfix/Build/Intermediates.noindex/LogicAudioAssistant.build/Release/SessionCore.build/Objects-normal/arm64/SessionCore.swiftdoc (in target 'SessionCore' from project 'LogicAudioAssistant' at path '/Users/marcboyer/LogicAudioAssistant/Package.swift')
    cd /Users/marcboyer/LogicAudioAssistant
    builtin-copy -exclude .DS_Store -exclude CVS -exclude .svn -exclude .git -exclude .hg -strip-unsigned-binaries -strip-deterministic -strip-tool /Applications/Xcode.app/Contents/Developer/Toolchains/XcodeDefault.xctoolchain/usr/bin/strip -resolve-src-symlinks -rename /Users/marcboyer/LogicAudioAssistant/.build/xcode-release-reviewfix/Build/Intermediates.noindex/LogicAudioAssistant.build/Release/SessionCore.build/Objects-normal/arm64/SessionCore.swiftdoc /Users/marcboyer/LogicAudioAssistant/.build/xcode-release-reviewfix/Build/Products/Release/SessionCore.swiftmodule/arm64-apple-macos.swiftdoc

Copy /Users/marcboyer/LogicAudioAssistant/.build/xcode-release-reviewfix/Build/Products/Release/SessionCore.swiftmodule/Project/arm64-apple-macos.swiftsourceinfo /Users/marcboyer/LogicAudioAssistant/.build/xcode-release-reviewfix/Build/Intermediates.noindex/LogicAudioAssistant.build/Release/SessionCore.build/Objects-normal/arm64/SessionCore.swiftsourceinfo (in target 'SessionCore' from project 'LogicAudioAssistant' at path '/Users/marcboyer/LogicAudioAssistant/Package.swift')
    cd /Users/marcboyer/LogicAudioAssistant
    builtin-copy -exclude .DS_Store -exclude CVS -exclude .svn -exclude .git -exclude .hg -strip-unsigned-binaries -strip-deterministic -strip-tool /Applications/Xcode.app/Contents/Developer/Toolchains/XcodeDefault.xctoolchain/usr/bin/strip -resolve-src-symlinks -rename /Users/marcboyer/LogicAudioAssistant/.build/xcode-release-reviewfix/Build/Intermediates.noindex/LogicAudioAssistant.build/Release/SessionCore.build/Objects-normal/arm64/SessionCore.swiftsourceinfo /Users/marcboyer/LogicAudioAssistant/.build/xcode-release-reviewfix/Build/Products/Release/SessionCore.swiftmodule/Project/arm64-apple-macos.swiftsourceinfo

Ld /Users/marcboyer/LogicAudioAssistant/.build/xcode-release-reviewfix/Build/Products/Release/SessionCore.o normal (in target 'SessionCore' from project 'LogicAudioAssistant' at path '/Users/marcboyer/LogicAudioAssistant/Package.swift')
    cd /Users/marcboyer/LogicAudioAssistant
    /Applications/Xcode.app/Contents/Developer/Toolchains/XcodeDefault.xctoolchain/usr/bin/clang -Xlinker -reproducible -target arm64-apple-macos14.0 -r -isysroot /Applications/Xcode.app/Contents/Developer/Platforms/MacOSX.platform/Developer/SDKs/MacOSX26.5.sdk -Os -F/Users/marcboyer/LogicAudioAssistant/.build/xcode-release-reviewfix/Build/Intermediates.noindex/EagerLinkingTBDs/Release -F/Users/marcboyer/LogicAudioAssistant/.build/xcode-release-reviewfix/Build/Products/Release/PackageFrameworks -F/Users/marcboyer/LogicAudioAssistant/.build/xcode-release-reviewfix/Build/Products/Release/PackageFrameworks -F/Users/marcboyer/LogicAudioAssistant/.build/xcode-release-reviewfix/Build/Products/Release/PackageFrameworks -F/Users/marcboyer/LogicAudioAssistant/.build/xcode-release-reviewfix/Build/Products/Release/PackageFrameworks -F/Users/marcboyer/LogicAudioAssistant/.build/xcode-release-reviewfix/Build/Products/Release/PackageFrameworks -F/Users/marcboyer/LogicAudioAssistant/.build/xcode-release-reviewfix/Build/Products/Release/PackageFrameworks -F/Users/marcboyer/LogicAudioAssistant/.build/xcode-release-reviewfix/Build/Products/Release/PackageFrameworks -F/Users/marcboyer/LogicAudioAssistant/.build/xcode-release-reviewfix/Build/Products/Release/PackageFrameworks -F/Users/marcboyer/LogicAudioAssistant/.build/xcode-release-reviewfix/Build/Products/Release/PackageFrameworks -F/Users/marcboyer/LogicAudioAssistant/.build/xcode-release-reviewfix/Build/Products/Release/PackageFrameworks -F/Users/marcboyer/LogicAudioAssistant/.build/xcode-release-reviewfix/Build/Products/Release -iframework /Applications/Xcode.app/Contents/Developer/Platforms/MacOSX.platform/Developer/Library/Frameworks -filelist /Users/marcboyer/LogicAudioAssistant/.build/xcode-release-reviewfix/Build/Intermediates.noindex/LogicAudioAssistant.build/Release/SessionCore.build/Objects-normal/arm64/SessionCore.LinkFileList -nostdlib -Xlinker -object_path_lto -Xlinker /Users/marcboyer/LogicAudioAssistant/.build/xcode-release-reviewfix/Build/Intermediates.noindex/LogicAudioAssistant.build/Release/SessionCore.build/Objects-normal/arm64/SessionCore_lto.o -Xlinker -dependency_info -Xlinker /Users/marcboyer/LogicAudioAssistant/.build/xcode-release-reviewfix/Build/Intermediates.noindex/LogicAudioAssistant.build/Release/SessionCore.build/Objects-normal/arm64/SessionCore_dependency_info.dat -fobjc-link-runtime -L/Applications/Xcode.app/Contents/Developer/Toolchains/XcodeDefault.xctoolchain/usr/lib/swift/macosx -L/usr/lib/swift -Xlinker -add_ast_path -Xlinker /Users/marcboyer/LogicAudioAssistant/.build/xcode-release-reviewfix/Build/Intermediates.noindex/LogicAudioAssistant.build/Release/SessionCore.build/Objects-normal/arm64/SessionCore.swiftmodule @/Users/marcboyer/LogicAudioAssistant/.build/xcode-release-reviewfix/Build/Intermediates.noindex/LogicAudioAssistant.build/Release/SessionCore.build/Objects-normal/arm64/SessionCore-linker-args.resp -o /Users/marcboyer/LogicAudioAssistant/.build/xcode-release-reviewfix/Build/Products/Release/SessionCore.o

ExtractAppIntentsMetadata (in target 'SessionCore' from project 'LogicAudioAssistant' at path '/Users/marcboyer/LogicAudioAssistant/Package.swift')
    cd /Users/marcboyer/LogicAudioAssistant
    /Applications/Xcode.app/Contents/Developer/Toolchains/XcodeDefault.xctoolchain/usr/bin/appintentsmetadataprocessor --toolchain-dir /Applications/Xcode.app/Contents/Developer/Toolchains/XcodeDefault.xctoolchain --module-name SessionCore --sdk-root /Applications/Xcode.app/Contents/Developer/Platforms/MacOSX.platform/Developer/SDKs/MacOSX26.5.sdk --xcode-version 17F113 --platform-family macOS --deployment-target 14.0 --bundle-identifier logicaudioassistant.SessionCore --output /Users/marcboyer/LogicAudioAssistant/.build/xcode-release-reviewfix/Build/Products/Release/SessionCore.appintents --target-triple arm64-apple-macos14.0 --binary-file /Users/marcboyer/LogicAudioAssistant/.build/xcode-release-reviewfix/Build/Products/Release/SessionCore.o --dependency-file /Users/marcboyer/LogicAudioAssistant/.build/xcode-release-reviewfix/Build/Intermediates.noindex/LogicAudioAssistant.build/Release/SessionCore.build/Objects-normal/arm64/SessionCore_dependency_info.dat --stringsdata-file /Users/marcboyer/LogicAudioAssistant/.build/xcode-release-reviewfix/Build/Intermediates.noindex/LogicAudioAssistant.build/Release/SessionCore.build/Objects-normal/arm64/ExtractedAppShortcutsMetadata.stringsdata --source-file-list /Users/marcboyer/LogicAudioAssistant/.build/xcode-release-reviewfix/Build/Intermediates.noindex/LogicAudioAssistant.build/Release/SessionCore.build/Objects-normal/arm64/SessionCore.SwiftFileList --metadata-file-list /Users/marcboyer/LogicAudioAssistant/.build/xcode-release-reviewfix/Build/Intermediates.noindex/LogicAudioAssistant.build/Release/SessionCore.build/SessionCore.DependencyMetadataFileList --static-metadata-file-list /Users/marcboyer/LogicAudioAssistant/.build/xcode-release-reviewfix/Build/Intermediates.noindex/LogicAudioAssistant.build/Release/SessionCore.build/SessionCore.DependencyStaticMetadataFileList --swift-const-vals-list /Users/marcboyer/LogicAudioAssistant/.build/xcode-release-reviewfix/Build/Intermediates.noindex/LogicAudioAssistant.build/Release/SessionCore.build/Objects-normal/arm64/SessionCore.SwiftConstValuesFileList --force --compile-time-extraction --deployment-aware-processing --validate-assistant-intents --no-app-shortcuts-localization
2026-08-14 14:53:42.654 appintentsmetadataprocessor[35486:3501765] Starting appintentsmetadataprocessor export
2026-08-14 14:53:42.663 appintentsmetadataprocessor[35486:3501765] Extracted no relevant App Intents symbols, skipping writing output

RegisterExecutionPolicyException /Users/marcboyer/LogicAudioAssistant/.build/xcode-release-reviewfix/Build/Products/Release/SessionCore.o (in target 'SessionCore' from project 'LogicAudioAssistant' at path '/Users/marcboyer/LogicAudioAssistant/Package.swift')
    cd /Users/marcboyer/LogicAudioAssistant
    builtin-RegisterExecutionPolicyException /Users/marcboyer/LogicAudioAssistant/.build/xcode-release-reviewfix/Build/Products/Release/SessionCore.o

SwiftDriverJobDiscovery normal arm64 Compiling resource_bundle_accessor.swift, CommunityCandidateCorpus.generated.swift, CommunityCandidateCorpus.swift, GeneralTutorAnswer.swift, GeneralTutorCoordinator.swift, GeneralTutorDomains.swift, GeneralTutorEvaluation.swift, GeneralTutorKnowledge.generated.swift, GeneralTutorKnowledge.swift, GeneralTutorQuestion.swift, GeneralTutorRetriever.swift, GeneralTutorRouter.swift, PersonalProfileStore.swift, TutorCauseModel.swift, TutorContextBuilder.swift, TutorContracts.swift, TutorEvaluationHarness.swift, TutorExplanationFormatter.swift, TutorFeedbackReducer.swift, TutorInterpretationContract.swift, TutorIssueVocabulary.swift, TutorKnowledgeValidator.swift, TutorLessonValidator.swift, TutorPlanner.swift, TutorProcedureKnowledge.generated.swift, TutorProcedureKnowledge.swift, TutorSessionStore.swift (in target 'ProductionTutor' from project 'LogicAudioAssistant' at path '/Users/marcboyer/LogicAudioAssistant/Package.swift')

SwiftDriver\ Compilation\ Requirements ProductionTutor normal arm64 com.apple.xcode.tools.swift.compiler (in target 'ProductionTutor' from project 'LogicAudioAssistant' at path '/Users/marcboyer/LogicAudioAssistant/Package.swift')
    cd /Users/marcboyer/LogicAudioAssistant/LogicAudioAssistant.xcodeproj
    builtin-Swift-Compilation-Requirements -- /Applications/Xcode.app/Contents/Developer/Toolchains/XcodeDefault.xctoolchain/usr/bin/swiftc -module-name ProductionTutor -O -whole-module-optimization @/Users/marcboyer/LogicAudioAssistant/.build/xcode-release-reviewfix/Build/Intermediates.noindex/LogicAudioAssistant.build/Release/ProductionTutor.build/Objects-normal/arm64/ProductionTutor.SwiftFileList -DSWIFT_PACKAGE -DSWIFT_MODULE_RESOURCE_BUNDLE_AVAILABLE -Xcc -fmodule-map-file\=/Users/marcboyer/LogicAudioAssistant/.build/xcode-release-reviewfix/Build/Intermediates.noindex/GeneratedModuleMaps/CAtomics.modulemap -DXcode -plugin-path /Applications/Xcode.app/Contents/Developer/Toolchains/XcodeDefault.xctoolchain/usr/lib/swift/host/plugins/testing -enable-experimental-feature DebugDescriptionMacro -sdk /Applications/Xcode.app/Contents/Developer/Platforms/MacOSX.platform/Developer/SDKs/MacOSX26.5.sdk -target arm64-apple-macos14.0 -g -module-cache-path /Users/marcboyer/LogicAudioAssistant/.build/xcode-release-reviewfix/ModuleCache.noindex -Xfrontend -serialize-debugging-options -swift-version 6 -I /Users/marcboyer/LogicAudioAssistant/.build/xcode-release-reviewfix/Build/Products/Release -Isystem /Applications/Xcode.app/Contents/Developer/Platforms/MacOSX.platform/Developer/usr/lib -F /Users/marcboyer/LogicAudioAssistant/.build/xcode-release-reviewfix/Build/Products/Release/PackageFrameworks -F /Users/marcboyer/LogicAudioAssistant/.build/xcode-release-reviewfix/Build/Products/Release/PackageFrameworks -F /Users/marcboyer/LogicAudioAssistant/.build/xcode-release-reviewfix/Build/Products/Release/PackageFrameworks -F /Users/marcboyer/LogicAudioAssistant/.build/xcode-release-reviewfix/Build/Products/Release/PackageFrameworks -F /Users/marcboyer/LogicAudioAssistant/.build/xcode-release-reviewfix/Build/Products/Release/PackageFrameworks -F /Users/marcboyer/LogicAudioAssistant/.build/xcode-release-reviewfix/Build/Products/Release/PackageFrameworks -F /Users/marcboyer/LogicAudioAssistant/.build/xcode-release-reviewfix/Build/Products/Release -F /Applications/Xcode.app/Contents/Developer/Platforms/MacOSX.platform/Developer/Library/Frameworks -c -num-threads 10 -Xcc -ivfsstatcache -Xcc /Users/marcboyer/LogicAudioAssistant/.build/xcode-release-reviewfix/SDKStatCaches.noindex/macosx26.5-25F70-e082c4a02f00227109f4ed75e425c832.sdkstatcache -output-file-map /Users/marcboyer/LogicAudioAssistant/.build/xcode-release-reviewfix/Build/Intermediates.noindex/LogicAudioAssistant.build/Release/ProductionTutor.build/Objects-normal/arm64/ProductionTutor-OutputFileMap.json -use-frontend-parseable-output -save-temps -no-color-diagnostics -explicit-module-build -module-cache-path /Users/marcboyer/LogicAudioAssistant/.build/xcode-release-reviewfix/Build/Intermediates.noindex/SwiftExplicitPrecompiledModules -clang-scanner-module-cache-path /Users/marcboyer/LogicAudioAssistant/.build/xcode-release-reviewfix/ModuleCache.noindex -sdk-module-cache-path /Users/marcboyer/LogicAudioAssistant/.build/xcode-release-reviewfix/ModuleCache.noindex -serialize-diagnostics -emit-dependencies -emit-module -emit-module-path /Users/marcboyer/LogicAudioAssistant/.build/xcode-release-reviewfix/Build/Intermediates.noindex/LogicAudioAssistant.build/Release/ProductionTutor.build/Objects-normal/arm64/ProductionTutor.swiftmodule -validate-clang-modules-once -clang-build-session-file /Users/marcboyer/LogicAudioAssistant/.build/xcode-release-reviewfix/ModuleCache.noindex/Session.modulevalidation -package-name logicaudioassistant -Xcc -I/Users/marcboyer/LogicAudioAssistant/.build/xcode-release-reviewfix/Build/Intermediates.noindex/LogicAudioAssistant.build/Release/ProductionTutor.build/swift-overrides.hmap -emit-const-values -Xfrontend -const-gather-protocols-file -Xfrontend /Users/marcboyer/LogicAudioAssistant/.build/xcode-release-reviewfix/Build/Intermediates.noindex/LogicAudioAssistant.build/Release/ProductionTutor.build/Objects-normal/arm64/ProductionTutor_const_extract_protocols.json -Xcc -I/Users/marcboyer/LogicAudioAssistant/packages/CAtomics/include -Xcc -I/Users/marcboyer/LogicAudioAssistant/.build/xcode-release-reviewfix/Build/Products/Release/include -Xcc -I/Users/marcboyer/LogicAudioAssistant/.build/xcode-release-reviewfix/Build/Intermediates.noindex/LogicAudioAssistant.build/Release/ProductionTutor.build/DerivedSources-normal/arm64 -Xcc -I/Users/marcboyer/LogicAudioAssistant/.build/xcode-release-reviewfix/Build/Intermediates.noindex/LogicAudioAssistant.build/Release/ProductionTutor.build/DerivedSources/arm64 -Xcc -I/Users/marcboyer/LogicAudioAssistant/.build/xcode-release-reviewfix/Build/Intermediates.noindex/LogicAudioAssistant.build/Release/ProductionTutor.build/DerivedSources -Xcc -DSWIFT_PACKAGE -emit-objc-header -emit-objc-header-path /Users/marcboyer/LogicAudioAssistant/.build/xcode-release-reviewfix/Build/Intermediates.noindex/LogicAudioAssistant.build/Release/ProductionTutor.build/Objects-normal/arm64/ProductionTutor-Swift.h -working-directory /Users/marcboyer/LogicAudioAssistant/LogicAudioAssistant.xcodeproj -no-emit-module-separately-wmo

SwiftMergeGeneratedHeaders /Users/marcboyer/LogicAudioAssistant/.build/xcode-release-reviewfix/Build/Intermediates.noindex/GeneratedModuleMaps/ProductionTutor-Swift.h /Users/marcboyer/LogicAudioAssistant/.build/xcode-release-reviewfix/Build/Intermediates.noindex/LogicAudioAssistant.build/Release/ProductionTutor.build/Objects-normal/arm64/ProductionTutor-Swift.h (in target 'ProductionTutor' from project 'LogicAudioAssistant' at path '/Users/marcboyer/LogicAudioAssistant/Package.swift')
    cd /Users/marcboyer/LogicAudioAssistant
    builtin-swiftHeaderTool -arch arm64 /Users/marcboyer/LogicAudioAssistant/.build/xcode-release-reviewfix/Build/Intermediates.noindex/LogicAudioAssistant.build/Release/ProductionTutor.build/Objects-normal/arm64/ProductionTutor-Swift.h -o /Users/marcboyer/LogicAudioAssistant/.build/xcode-release-reviewfix/Build/Intermediates.noindex/GeneratedModuleMaps/ProductionTutor-Swift.h

Copy /Users/marcboyer/LogicAudioAssistant/.build/xcode-release-reviewfix/Build/Products/Release/ProductionTutor.swiftmodule/arm64-apple-macos.swiftmodule /Users/marcboyer/LogicAudioAssistant/.build/xcode-release-reviewfix/Build/Intermediates.noindex/LogicAudioAssistant.build/Release/ProductionTutor.build/Objects-normal/arm64/ProductionTutor.swiftmodule (in target 'ProductionTutor' from project 'LogicAudioAssistant' at path '/Users/marcboyer/LogicAudioAssistant/Package.swift')
    cd /Users/marcboyer/LogicAudioAssistant
    builtin-copy -exclude .DS_Store -exclude CVS -exclude .svn -exclude .git -exclude .hg -strip-unsigned-binaries -strip-deterministic -strip-tool /Applications/Xcode.app/Contents/Developer/Toolchains/XcodeDefault.xctoolchain/usr/bin/strip -resolve-src-symlinks -rename /Users/marcboyer/LogicAudioAssistant/.build/xcode-release-reviewfix/Build/Intermediates.noindex/LogicAudioAssistant.build/Release/ProductionTutor.build/Objects-normal/arm64/ProductionTutor.swiftmodule /Users/marcboyer/LogicAudioAssistant/.build/xcode-release-reviewfix/Build/Products/Release/ProductionTutor.swiftmodule/arm64-apple-macos.swiftmodule

Copy /Users/marcboyer/LogicAudioAssistant/.build/xcode-release-reviewfix/Build/Products/Release/ProductionTutor.swiftmodule/arm64-apple-macos.abi.json /Users/marcboyer/LogicAudioAssistant/.build/xcode-release-reviewfix/Build/Intermediates.noindex/LogicAudioAssistant.build/Release/ProductionTutor.build/Objects-normal/arm64/ProductionTutor.abi.json (in target 'ProductionTutor' from project 'LogicAudioAssistant' at path '/Users/marcboyer/LogicAudioAssistant/Package.swift')
    cd /Users/marcboyer/LogicAudioAssistant
    builtin-copy -exclude .DS_Store -exclude CVS -exclude .svn -exclude .git -exclude .hg -strip-unsigned-binaries -strip-deterministic -strip-tool /Applications/Xcode.app/Contents/Developer/Toolchains/XcodeDefault.xctoolchain/usr/bin/strip -resolve-src-symlinks -rename /Users/marcboyer/LogicAudioAssistant/.build/xcode-release-reviewfix/Build/Intermediates.noindex/LogicAudioAssistant.build/Release/ProductionTutor.build/Objects-normal/arm64/ProductionTutor.abi.json /Users/marcboyer/LogicAudioAssistant/.build/xcode-release-reviewfix/Build/Products/Release/ProductionTutor.swiftmodule/arm64-apple-macos.abi.json

Copy /Users/marcboyer/LogicAudioAssistant/.build/xcode-release-reviewfix/Build/Products/Release/ProductionTutor.swiftmodule/arm64-apple-macos.swiftdoc /Users/marcboyer/LogicAudioAssistant/.build/xcode-release-reviewfix/Build/Intermediates.noindex/LogicAudioAssistant.build/Release/ProductionTutor.build/Objects-normal/arm64/ProductionTutor.swiftdoc (in target 'ProductionTutor' from project 'LogicAudioAssistant' at path '/Users/marcboyer/LogicAudioAssistant/Package.swift')
    cd /Users/marcboyer/LogicAudioAssistant
    builtin-copy -exclude .DS_Store -exclude CVS -exclude .svn -exclude .git -exclude .hg -strip-unsigned-binaries -strip-deterministic -strip-tool /Applications/Xcode.app/Contents/Developer/Toolchains/XcodeDefault.xctoolchain/usr/bin/strip -resolve-src-symlinks -rename /Users/marcboyer/LogicAudioAssistant/.build/xcode-release-reviewfix/Build/Intermediates.noindex/LogicAudioAssistant.build/Release/ProductionTutor.build/Objects-normal/arm64/ProductionTutor.swiftdoc /Users/marcboyer/LogicAudioAssistant/.build/xcode-release-reviewfix/Build/Products/Release/ProductionTutor.swiftmodule/arm64-apple-macos.swiftdoc

Copy /Users/marcboyer/LogicAudioAssistant/.build/xcode-release-reviewfix/Build/Products/Release/ProductionTutor.swiftmodule/Project/arm64-apple-macos.swiftsourceinfo /Users/marcboyer/LogicAudioAssistant/.build/xcode-release-reviewfix/Build/Intermediates.noindex/LogicAudioAssistant.build/Release/ProductionTutor.build/Objects-normal/arm64/ProductionTutor.swiftsourceinfo (in target 'ProductionTutor' from project 'LogicAudioAssistant' at path '/Users/marcboyer/LogicAudioAssistant/Package.swift')
    cd /Users/marcboyer/LogicAudioAssistant
    builtin-copy -exclude .DS_Store -exclude CVS -exclude .svn -exclude .git -exclude .hg -strip-unsigned-binaries -strip-deterministic -strip-tool /Applications/Xcode.app/Contents/Developer/Toolchains/XcodeDefault.xctoolchain/usr/bin/strip -resolve-src-symlinks -rename /Users/marcboyer/LogicAudioAssistant/.build/xcode-release-reviewfix/Build/Intermediates.noindex/LogicAudioAssistant.build/Release/ProductionTutor.build/Objects-normal/arm64/ProductionTutor.swiftsourceinfo /Users/marcboyer/LogicAudioAssistant/.build/xcode-release-reviewfix/Build/Products/Release/ProductionTutor.swiftmodule/Project/arm64-apple-macos.swiftsourceinfo

Ld /Users/marcboyer/LogicAudioAssistant/.build/xcode-release-reviewfix/Build/Products/Release/ProductionTutor.o normal (in target 'ProductionTutor' from project 'LogicAudioAssistant' at path '/Users/marcboyer/LogicAudioAssistant/Package.swift')
    cd /Users/marcboyer/LogicAudioAssistant
    /Applications/Xcode.app/Contents/Developer/Toolchains/XcodeDefault.xctoolchain/usr/bin/clang -Xlinker -reproducible -target arm64-apple-macos14.0 -r -isysroot /Applications/Xcode.app/Contents/Developer/Platforms/MacOSX.platform/Developer/SDKs/MacOSX26.5.sdk -Os -F/Users/marcboyer/LogicAudioAssistant/.build/xcode-release-reviewfix/Build/Intermediates.noindex/EagerLinkingTBDs/Release -F/Users/marcboyer/LogicAudioAssistant/.build/xcode-release-reviewfix/Build/Products/Release/PackageFrameworks -F/Users/marcboyer/LogicAudioAssistant/.build/xcode-release-reviewfix/Build/Products/Release/PackageFrameworks -F/Users/marcboyer/LogicAudioAssistant/.build/xcode-release-reviewfix/Build/Products/Release/PackageFrameworks -F/Users/marcboyer/LogicAudioAssistant/.build/xcode-release-reviewfix/Build/Products/Release/PackageFrameworks -F/Users/marcboyer/LogicAudioAssistant/.build/xcode-release-reviewfix/Build/Products/Release/PackageFrameworks -F/Users/marcboyer/LogicAudioAssistant/.build/xcode-release-reviewfix/Build/Products/Release/PackageFrameworks -F/Users/marcboyer/LogicAudioAssistant/.build/xcode-release-reviewfix/Build/Products/Release -iframework /Applications/Xcode.app/Contents/Developer/Platforms/MacOSX.platform/Developer/Library/Frameworks -filelist /Users/marcboyer/LogicAudioAssistant/.build/xcode-release-reviewfix/Build/Intermediates.noindex/LogicAudioAssistant.build/Release/ProductionTutor.build/Objects-normal/arm64/ProductionTutor.LinkFileList -nostdlib -Xlinker -object_path_lto -Xlinker /Users/marcboyer/LogicAudioAssistant/.build/xcode-release-reviewfix/Build/Intermediates.noindex/LogicAudioAssistant.build/Release/ProductionTutor.build/Objects-normal/arm64/ProductionTutor_lto.o -Xlinker -dependency_info -Xlinker /Users/marcboyer/LogicAudioAssistant/.build/xcode-release-reviewfix/Build/Intermediates.noindex/LogicAudioAssistant.build/Release/ProductionTutor.build/Objects-normal/arm64/ProductionTutor_dependency_info.dat -fobjc-link-runtime -L/Applications/Xcode.app/Contents/Developer/Toolchains/XcodeDefault.xctoolchain/usr/lib/swift/macosx -L/usr/lib/swift -Xlinker -add_ast_path -Xlinker /Users/marcboyer/LogicAudioAssistant/.build/xcode-release-reviewfix/Build/Intermediates.noindex/LogicAudioAssistant.build/Release/ProductionTutor.build/Objects-normal/arm64/ProductionTutor.swiftmodule @/Users/marcboyer/LogicAudioAssistant/.build/xcode-release-reviewfix/Build/Intermediates.noindex/LogicAudioAssistant.build/Release/ProductionTutor.build/Objects-normal/arm64/ProductionTutor-linker-args.resp -o /Users/marcboyer/LogicAudioAssistant/.build/xcode-release-reviewfix/Build/Products/Release/ProductionTutor.o

ExtractAppIntentsMetadata (in target 'ProductionTutor' from project 'LogicAudioAssistant' at path '/Users/marcboyer/LogicAudioAssistant/Package.swift')
    cd /Users/marcboyer/LogicAudioAssistant
    /Applications/Xcode.app/Contents/Developer/Toolchains/XcodeDefault.xctoolchain/usr/bin/appintentsmetadataprocessor --toolchain-dir /Applications/Xcode.app/Contents/Developer/Toolchains/XcodeDefault.xctoolchain --module-name ProductionTutor --sdk-root /Applications/Xcode.app/Contents/Developer/Platforms/MacOSX.platform/Developer/SDKs/MacOSX26.5.sdk --xcode-version 17F113 --platform-family macOS --deployment-target 14.0 --bundle-identifier logicaudioassistant.ProductionTutor --output /Users/marcboyer/LogicAudioAssistant/.build/xcode-release-reviewfix/Build/Products/Release/ProductionTutor.appintents --target-triple arm64-apple-macos14.0 --binary-file /Users/marcboyer/LogicAudioAssistant/.build/xcode-release-reviewfix/Build/Products/Release/ProductionTutor.o --dependency-file /Users/marcboyer/LogicAudioAssistant/.build/xcode-release-reviewfix/Build/Intermediates.noindex/LogicAudioAssistant.build/Release/ProductionTutor.build/Objects-normal/arm64/ProductionTutor_dependency_info.dat --stringsdata-file /Users/marcboyer/LogicAudioAssistant/.build/xcode-release-reviewfix/Build/Intermediates.noindex/LogicAudioAssistant.build/Release/ProductionTutor.build/Objects-normal/arm64/ExtractedAppShortcutsMetadata.stringsdata --source-file-list /Users/marcboyer/LogicAudioAssistant/.build/xcode-release-reviewfix/Build/Intermediates.noindex/LogicAudioAssistant.build/Release/ProductionTutor.build/Objects-normal/arm64/ProductionTutor.SwiftFileList --metadata-file-list /Users/marcboyer/LogicAudioAssistant/.build/xcode-release-reviewfix/Build/Intermediates.noindex/LogicAudioAssistant.build/Release/ProductionTutor.build/ProductionTutor.DependencyMetadataFileList --static-metadata-file-list /Users/marcboyer/LogicAudioAssistant/.build/xcode-release-reviewfix/Build/Intermediates.noindex/LogicAudioAssistant.build/Release/ProductionTutor.build/ProductionTutor.DependencyStaticMetadataFileList --swift-const-vals-list /Users/marcboyer/LogicAudioAssistant/.build/xcode-release-reviewfix/Build/Intermediates.noindex/LogicAudioAssistant.build/Release/ProductionTutor.build/Objects-normal/arm64/ProductionTutor.SwiftConstValuesFileList --force --compile-time-extraction --deployment-aware-processing --validate-assistant-intents --no-app-shortcuts-localization
2026-08-14 14:53:49.345 appintentsmetadataprocessor[35573:3502085] Starting appintentsmetadataprocessor export
2026-08-14 14:53:49.353 appintentsmetadataprocessor[35573:3502085] Extracted no relevant App Intents symbols, skipping writing output

RegisterExecutionPolicyException /Users/marcboyer/LogicAudioAssistant/.build/xcode-release-reviewfix/Build/Products/Release/ProductionTutor.o (in target 'ProductionTutor' from project 'LogicAudioAssistant' at path '/Users/marcboyer/LogicAudioAssistant/Package.swift')
    cd /Users/marcboyer/LogicAudioAssistant
    builtin-RegisterExecutionPolicyException /Users/marcboyer/LogicAudioAssistant/.build/xcode-release-reviewfix/Build/Products/Release/ProductionTutor.o

SwiftDriverJobDiscovery normal arm64 Compiling AbstractMusicianLanguageKnowledge.generated.swift, AbstractMusicianLanguageKnowledge.swift, AppleFoundationModelProvider.swift, ConversationStateStore.swift, ConversationalRevisionResolver.swift, DeterministicContextBuilder.swift, GeminiInteractionsProvider.swift, LogicCoreEffectPriority.generated.swift, LogicEditorToolKnowledge.generated.swift, LogicEditorToolKnowledge.swift, LogicNativeInstrumentKnowledge.generated.swift, LogicNativeToolKnowledge.generated.swift, LogicNativeToolKnowledge.swift, ModelOutputValidator.swift, OpenAIResponsesProvider.swift, ProductionIntelligenceCoordinator.swift, ProductionRevisionCoordinator.swift, ProviderCredentialStore.swift, ProviderEvaluationHarness.swift, ProviderHTTPTransport.swift, ProviderResponseReplayGuard.swift (in target 'ProductionIntelligence' from project 'LogicAudioAssistant' at path '/Users/marcboyer/LogicAudioAssistant/Package.swift')

SwiftDriver\ Compilation\ Requirements ProductionIntelligence normal arm64 com.apple.xcode.tools.swift.compiler (in target 'ProductionIntelligence' from project 'LogicAudioAssistant' at path '/Users/marcboyer/LogicAudioAssistant/Package.swift')
    cd /Users/marcboyer/LogicAudioAssistant/LogicAudioAssistant.xcodeproj
    builtin-Swift-Compilation-Requirements -- /Applications/Xcode.app/Contents/Developer/Toolchains/XcodeDefault.xctoolchain/usr/bin/swiftc -module-name ProductionIntelligence -O -whole-module-optimization @/Users/marcboyer/LogicAudioAssistant/.build/xcode-release-reviewfix/Build/Intermediates.noindex/LogicAudioAssistant.build/Release/ProductionIntelligence.build/Objects-normal/arm64/ProductionIntelligence.SwiftFileList -DSWIFT_PACKAGE -DSWIFT_MODULE_RESOURCE_BUNDLE_UNAVAILABLE -Xcc -fmodule-map-file\=/Users/marcboyer/LogicAudioAssistant/.build/xcode-release-reviewfix/Build/Intermediates.noindex/GeneratedModuleMaps/CAtomics.modulemap -DXcode -plugin-path /Applications/Xcode.app/Contents/Developer/Toolchains/XcodeDefault.xctoolchain/usr/lib/swift/host/plugins/testing -enable-experimental-feature DebugDescriptionMacro -sdk /Applications/Xcode.app/Contents/Developer/Platforms/MacOSX.platform/Developer/SDKs/MacOSX26.5.sdk -target arm64-apple-macos14.0 -g -module-cache-path /Users/marcboyer/LogicAudioAssistant/.build/xcode-release-reviewfix/ModuleCache.noindex -Xfrontend -serialize-debugging-options -swift-version 6 -I /Users/marcboyer/LogicAudioAssistant/.build/xcode-release-reviewfix/Build/Products/Release -Isystem /Applications/Xcode.app/Contents/Developer/Platforms/MacOSX.platform/Developer/usr/lib -F /Users/marcboyer/LogicAudioAssistant/.build/xcode-release-reviewfix/Build/Products/Release/PackageFrameworks -F /Users/marcboyer/LogicAudioAssistant/.build/xcode-release-reviewfix/Build/Products/Release/PackageFrameworks -F /Users/marcboyer/LogicAudioAssistant/.build/xcode-release-reviewfix/Build/Products/Release/PackageFrameworks -F /Users/marcboyer/LogicAudioAssistant/.build/xcode-release-reviewfix/Build/Products/Release/PackageFrameworks -F /Users/marcboyer/LogicAudioAssistant/.build/xcode-release-reviewfix/Build/Products/Release/PackageFrameworks -F /Users/marcboyer/LogicAudioAssistant/.build/xcode-release-reviewfix/Build/Products/Release/PackageFrameworks -F /Users/marcboyer/LogicAudioAssistant/.build/xcode-release-reviewfix/Build/Products/Release -F /Applications/Xcode.app/Contents/Developer/Platforms/MacOSX.platform/Developer/Library/Frameworks -c -num-threads 10 -Xcc -ivfsstatcache -Xcc /Users/marcboyer/LogicAudioAssistant/.build/xcode-release-reviewfix/SDKStatCaches.noindex/macosx26.5-25F70-e082c4a02f00227109f4ed75e425c832.sdkstatcache -output-file-map /Users/marcboyer/LogicAudioAssistant/.build/xcode-release-reviewfix/Build/Intermediates.noindex/LogicAudioAssistant.build/Release/ProductionIntelligence.build/Objects-normal/arm64/ProductionIntelligence-OutputFileMap.json -use-frontend-parseable-output -save-temps -no-color-diagnostics -explicit-module-build -module-cache-path /Users/marcboyer/LogicAudioAssistant/.build/xcode-release-reviewfix/Build/Intermediates.noindex/SwiftExplicitPrecompiledModules -clang-scanner-module-cache-path /Users/marcboyer/LogicAudioAssistant/.build/xcode-release-reviewfix/ModuleCache.noindex -sdk-module-cache-path /Users/marcboyer/LogicAudioAssistant/.build/xcode-release-reviewfix/ModuleCache.noindex -serialize-diagnostics -emit-dependencies -emit-module -emit-module-path /Users/marcboyer/LogicAudioAssistant/.build/xcode-release-reviewfix/Build/Intermediates.noindex/LogicAudioAssistant.build/Release/ProductionIntelligence.build/Objects-normal/arm64/ProductionIntelligence.swiftmodule -validate-clang-modules-once -clang-build-session-file /Users/marcboyer/LogicAudioAssistant/.build/xcode-release-reviewfix/ModuleCache.noindex/Session.modulevalidation -package-name logicaudioassistant -Xcc -I/Users/marcboyer/LogicAudioAssistant/.build/xcode-release-reviewfix/Build/Intermediates.noindex/LogicAudioAssistant.build/Release/ProductionIntelligence.build/swift-overrides.hmap -emit-const-values -Xfrontend -const-gather-protocols-file -Xfrontend /Users/marcboyer/LogicAudioAssistant/.build/xcode-release-reviewfix/Build/Intermediates.noindex/LogicAudioAssistant.build/Release/ProductionIntelligence.build/Objects-normal/arm64/ProductionIntelligence_const_extract_protocols.json -Xcc -I/Users/marcboyer/LogicAudioAssistant/packages/CAtomics/include -Xcc -I/Users/marcboyer/LogicAudioAssistant/.build/xcode-release-reviewfix/Build/Products/Release/include -Xcc -I/Users/marcboyer/LogicAudioAssistant/.build/xcode-release-reviewfix/Build/Intermediates.noindex/LogicAudioAssistant.build/Release/ProductionIntelligence.build/DerivedSources-normal/arm64 -Xcc -I/Users/marcboyer/LogicAudioAssistant/.build/xcode-release-reviewfix/Build/Intermediates.noindex/LogicAudioAssistant.build/Release/ProductionIntelligence.build/DerivedSources/arm64 -Xcc -I/Users/marcboyer/LogicAudioAssistant/.build/xcode-release-reviewfix/Build/Intermediates.noindex/LogicAudioAssistant.build/Release/ProductionIntelligence.build/DerivedSources -Xcc -DSWIFT_PACKAGE -emit-objc-header -emit-objc-header-path /Users/marcboyer/LogicAudioAssistant/.build/xcode-release-reviewfix/Build/Intermediates.noindex/LogicAudioAssistant.build/Release/ProductionIntelligence.build/Objects-normal/arm64/ProductionIntelligence-Swift.h -working-directory /Users/marcboyer/LogicAudioAssistant/LogicAudioAssistant.xcodeproj -no-emit-module-separately-wmo

SwiftMergeGeneratedHeaders /Users/marcboyer/LogicAudioAssistant/.build/xcode-release-reviewfix/Build/Intermediates.noindex/GeneratedModuleMaps/ProductionIntelligence-Swift.h /Users/marcboyer/LogicAudioAssistant/.build/xcode-release-reviewfix/Build/Intermediates.noindex/LogicAudioAssistant.build/Release/ProductionIntelligence.build/Objects-normal/arm64/ProductionIntelligence-Swift.h (in target 'ProductionIntelligence' from project 'LogicAudioAssistant' at path '/Users/marcboyer/LogicAudioAssistant/Package.swift')
    cd /Users/marcboyer/LogicAudioAssistant
    builtin-swiftHeaderTool -arch arm64 /Users/marcboyer/LogicAudioAssistant/.build/xcode-release-reviewfix/Build/Intermediates.noindex/LogicAudioAssistant.build/Release/ProductionIntelligence.build/Objects-normal/arm64/ProductionIntelligence-Swift.h -o /Users/marcboyer/LogicAudioAssistant/.build/xcode-release-reviewfix/Build/Intermediates.noindex/GeneratedModuleMaps/ProductionIntelligence-Swift.h

Copy /Users/marcboyer/LogicAudioAssistant/.build/xcode-release-reviewfix/Build/Products/Release/ProductionIntelligence.swiftmodule/arm64-apple-macos.abi.json /Users/marcboyer/LogicAudioAssistant/.build/xcode-release-reviewfix/Build/Intermediates.noindex/LogicAudioAssistant.build/Release/ProductionIntelligence.build/Objects-normal/arm64/ProductionIntelligence.abi.json (in target 'ProductionIntelligence' from project 'LogicAudioAssistant' at path '/Users/marcboyer/LogicAudioAssistant/Package.swift')
    cd /Users/marcboyer/LogicAudioAssistant
    builtin-copy -exclude .DS_Store -exclude CVS -exclude .svn -exclude .git -exclude .hg -strip-unsigned-binaries -strip-deterministic -strip-tool /Applications/Xcode.app/Contents/Developer/Toolchains/XcodeDefault.xctoolchain/usr/bin/strip -resolve-src-symlinks -rename /Users/marcboyer/LogicAudioAssistant/.build/xcode-release-reviewfix/Build/Intermediates.noindex/LogicAudioAssistant.build/Release/ProductionIntelligence.build/Objects-normal/arm64/ProductionIntelligence.abi.json /Users/marcboyer/LogicAudioAssistant/.build/xcode-release-reviewfix/Build/Products/Release/ProductionIntelligence.swiftmodule/arm64-apple-macos.abi.json

Copy /Users/marcboyer/LogicAudioAssistant/.build/xcode-release-reviewfix/Build/Products/Release/ProductionIntelligence.swiftmodule/arm64-apple-macos.swiftmodule /Users/marcboyer/LogicAudioAssistant/.build/xcode-release-reviewfix/Build/Intermediates.noindex/LogicAudioAssistant.build/Release/ProductionIntelligence.build/Objects-normal/arm64/ProductionIntelligence.swiftmodule (in target 'ProductionIntelligence' from project 'LogicAudioAssistant' at path '/Users/marcboyer/LogicAudioAssistant/Package.swift')
    cd /Users/marcboyer/LogicAudioAssistant
    builtin-copy -exclude .DS_Store -exclude CVS -exclude .svn -exclude .git -exclude .hg -strip-unsigned-binaries -strip-deterministic -strip-tool /Applications/Xcode.app/Contents/Developer/Toolchains/XcodeDefault.xctoolchain/usr/bin/strip -resolve-src-symlinks -rename /Users/marcboyer/LogicAudioAssistant/.build/xcode-release-reviewfix/Build/Intermediates.noindex/LogicAudioAssistant.build/Release/ProductionIntelligence.build/Objects-normal/arm64/ProductionIntelligence.swiftmodule /Users/marcboyer/LogicAudioAssistant/.build/xcode-release-reviewfix/Build/Products/Release/ProductionIntelligence.swiftmodule/arm64-apple-macos.swiftmodule

Copy /Users/marcboyer/LogicAudioAssistant/.build/xcode-release-reviewfix/Build/Products/Release/ProductionIntelligence.swiftmodule/arm64-apple-macos.swiftdoc /Users/marcboyer/LogicAudioAssistant/.build/xcode-release-reviewfix/Build/Intermediates.noindex/LogicAudioAssistant.build/Release/ProductionIntelligence.build/Objects-normal/arm64/ProductionIntelligence.swiftdoc (in target 'ProductionIntelligence' from project 'LogicAudioAssistant' at path '/Users/marcboyer/LogicAudioAssistant/Package.swift')
    cd /Users/marcboyer/LogicAudioAssistant
    builtin-copy -exclude .DS_Store -exclude CVS -exclude .svn -exclude .git -exclude .hg -strip-unsigned-binaries -strip-deterministic -strip-tool /Applications/Xcode.app/Contents/Developer/Toolchains/XcodeDefault.xctoolchain/usr/bin/strip -resolve-src-symlinks -rename /Users/marcboyer/LogicAudioAssistant/.build/xcode-release-reviewfix/Build/Intermediates.noindex/LogicAudioAssistant.build/Release/ProductionIntelligence.build/Objects-normal/arm64/ProductionIntelligence.swiftdoc /Users/marcboyer/LogicAudioAssistant/.build/xcode-release-reviewfix/Build/Products/Release/ProductionIntelligence.swiftmodule/arm64-apple-macos.swiftdoc

Copy /Users/marcboyer/LogicAudioAssistant/.build/xcode-release-reviewfix/Build/Products/Release/ProductionIntelligence.swiftmodule/Project/arm64-apple-macos.swiftsourceinfo /Users/marcboyer/LogicAudioAssistant/.build/xcode-release-reviewfix/Build/Intermediates.noindex/LogicAudioAssistant.build/Release/ProductionIntelligence.build/Objects-normal/arm64/ProductionIntelligence.swiftsourceinfo (in target 'ProductionIntelligence' from project 'LogicAudioAssistant' at path '/Users/marcboyer/LogicAudioAssistant/Package.swift')
    cd /Users/marcboyer/LogicAudioAssistant
    builtin-copy -exclude .DS_Store -exclude CVS -exclude .svn -exclude .git -exclude .hg -strip-unsigned-binaries -strip-deterministic -strip-tool /Applications/Xcode.app/Contents/Developer/Toolchains/XcodeDefault.xctoolchain/usr/bin/strip -resolve-src-symlinks -rename /Users/marcboyer/LogicAudioAssistant/.build/xcode-release-reviewfix/Build/Intermediates.noindex/LogicAudioAssistant.build/Release/ProductionIntelligence.build/Objects-normal/arm64/ProductionIntelligence.swiftsourceinfo /Users/marcboyer/LogicAudioAssistant/.build/xcode-release-reviewfix/Build/Products/Release/ProductionIntelligence.swiftmodule/Project/arm64-apple-macos.swiftsourceinfo

Ld /Users/marcboyer/LogicAudioAssistant/.build/xcode-release-reviewfix/Build/Products/Release/ProductionIntelligence.o normal (in target 'ProductionIntelligence' from project 'LogicAudioAssistant' at path '/Users/marcboyer/LogicAudioAssistant/Package.swift')
    cd /Users/marcboyer/LogicAudioAssistant
    /Applications/Xcode.app/Contents/Developer/Toolchains/XcodeDefault.xctoolchain/usr/bin/clang -Xlinker -reproducible -target arm64-apple-macos14.0 -r -isysroot /Applications/Xcode.app/Contents/Developer/Platforms/MacOSX.platform/Developer/SDKs/MacOSX26.5.sdk -Os -F/Users/marcboyer/LogicAudioAssistant/.build/xcode-release-reviewfix/Build/Intermediates.noindex/EagerLinkingTBDs/Release -F/Users/marcboyer/LogicAudioAssistant/.build/xcode-release-reviewfix/Build/Products/Release/PackageFrameworks -F/Users/marcboyer/LogicAudioAssistant/.build/xcode-release-reviewfix/Build/Products/Release/PackageFrameworks -F/Users/marcboyer/LogicAudioAssistant/.build/xcode-release-reviewfix/Build/Products/Release/PackageFrameworks -F/Users/marcboyer/LogicAudioAssistant/.build/xcode-release-reviewfix/Build/Products/Release/PackageFrameworks -F/Users/marcboyer/LogicAudioAssistant/.build/xcode-release-reviewfix/Build/Products/Release/PackageFrameworks -F/Users/marcboyer/LogicAudioAssistant/.build/xcode-release-reviewfix/Build/Products/Release/PackageFrameworks -F/Users/marcboyer/LogicAudioAssistant/.build/xcode-release-reviewfix/Build/Products/Release -iframework /Applications/Xcode.app/Contents/Developer/Platforms/MacOSX.platform/Developer/Library/Frameworks -filelist /Users/marcboyer/LogicAudioAssistant/.build/xcode-release-reviewfix/Build/Intermediates.noindex/LogicAudioAssistant.build/Release/ProductionIntelligence.build/Objects-normal/arm64/ProductionIntelligence.LinkFileList -nostdlib -Xlinker -object_path_lto -Xlinker /Users/marcboyer/LogicAudioAssistant/.build/xcode-release-reviewfix/Build/Intermediates.noindex/LogicAudioAssistant.build/Release/ProductionIntelligence.build/Objects-normal/arm64/ProductionIntelligence_lto.o -Xlinker -dependency_info -Xlinker /Users/marcboyer/LogicAudioAssistant/.build/xcode-release-reviewfix/Build/Intermediates.noindex/LogicAudioAssistant.build/Release/ProductionIntelligence.build/Objects-normal/arm64/ProductionIntelligence_dependency_info.dat -fobjc-link-runtime -L/Applications/Xcode.app/Contents/Developer/Toolchains/XcodeDefault.xctoolchain/usr/lib/swift/macosx -L/usr/lib/swift -Xlinker -add_ast_path -Xlinker /Users/marcboyer/LogicAudioAssistant/.build/xcode-release-reviewfix/Build/Intermediates.noindex/LogicAudioAssistant.build/Release/ProductionIntelligence.build/Objects-normal/arm64/ProductionIntelligence.swiftmodule @/Users/marcboyer/LogicAudioAssistant/.build/xcode-release-reviewfix/Build/Intermediates.noindex/LogicAudioAssistant.build/Release/ProductionIntelligence.build/Objects-normal/arm64/ProductionIntelligence-linker-args.resp -o /Users/marcboyer/LogicAudioAssistant/.build/xcode-release-reviewfix/Build/Products/Release/ProductionIntelligence.o

SwiftDriver TutorConversation normal arm64 com.apple.xcode.tools.swift.compiler (in target 'TutorConversation' from project 'LogicAudioAssistant' at path '/Users/marcboyer/LogicAudioAssistant/Package.swift')
    cd /Users/marcboyer/LogicAudioAssistant/LogicAudioAssistant.xcodeproj
    builtin-SwiftDriver -- /Applications/Xcode.app/Contents/Developer/Toolchains/XcodeDefault.xctoolchain/usr/bin/swiftc -module-name TutorConversation -O -whole-module-optimization @/Users/marcboyer/LogicAudioAssistant/.build/xcode-release-reviewfix/Build/Intermediates.noindex/LogicAudioAssistant.build/Release/TutorConversation.build/Objects-normal/arm64/TutorConversation.SwiftFileList -DSWIFT_PACKAGE -DSWIFT_MODULE_RESOURCE_BUNDLE_UNAVAILABLE -Xcc -fmodule-map-file\=/Users/marcboyer/LogicAudioAssistant/.build/xcode-release-reviewfix/Build/Intermediates.noindex/GeneratedModuleMaps/CAtomics.modulemap -DXcode -plugin-path /Applications/Xcode.app/Contents/Developer/Toolchains/XcodeDefault.xctoolchain/usr/lib/swift/host/plugins/testing -enable-experimental-feature DebugDescriptionMacro -sdk /Applications/Xcode.app/Contents/Developer/Platforms/MacOSX.platform/Developer/SDKs/MacOSX26.5.sdk -target arm64-apple-macos14.0 -g -module-cache-path /Users/marcboyer/LogicAudioAssistant/.build/xcode-release-reviewfix/ModuleCache.noindex -Xfrontend -serialize-debugging-options -swift-version 6 -I /Users/marcboyer/LogicAudioAssistant/.build/xcode-release-reviewfix/Build/Products/Release -Isystem /Applications/Xcode.app/Contents/Developer/Platforms/MacOSX.platform/Developer/usr/lib -F /Users/marcboyer/LogicAudioAssistant/.build/xcode-release-reviewfix/Build/Products/Release/PackageFrameworks -F /Users/marcboyer/LogicAudioAssistant/.build/xcode-release-reviewfix/Build/Products/Release/PackageFrameworks -F /Users/marcboyer/LogicAudioAssistant/.build/xcode-release-reviewfix/Build/Products/Release/PackageFrameworks -F /Users/marcboyer/LogicAudioAssistant/.build/xcode-release-reviewfix/Build/Products/Release/PackageFrameworks -F /Users/marcboyer/LogicAudioAssistant/.build/xcode-release-reviewfix/Build/Products/Release/PackageFrameworks -F /Users/marcboyer/LogicAudioAssistant/.build/xcode-release-reviewfix/Build/Products/Release/PackageFrameworks -F /Users/marcboyer/LogicAudioAssistant/.build/xcode-release-reviewfix/Build/Products/Release/PackageFrameworks -F /Users/marcboyer/LogicAudioAssistant/.build/xcode-release-reviewfix/Build/Products/Release/PackageFrameworks -F /Users/marcboyer/LogicAudioAssistant/.build/xcode-release-reviewfix/Build/Products/Release -F /Applications/Xcode.app/Contents/Developer/Platforms/MacOSX.platform/Developer/Library/Frameworks -c -num-threads 10 -Xcc -ivfsstatcache -Xcc /Users/marcboyer/LogicAudioAssistant/.build/xcode-release-reviewfix/SDKStatCaches.noindex/macosx26.5-25F70-e082c4a02f00227109f4ed75e425c832.sdkstatcache -output-file-map /Users/marcboyer/LogicAudioAssistant/.build/xcode-release-reviewfix/Build/Intermediates.noindex/LogicAudioAssistant.build/Release/TutorConversation.build/Objects-normal/arm64/TutorConversation-OutputFileMap.json -use-frontend-parseable-output -save-temps -no-color-diagnostics -explicit-module-build -module-cache-path /Users/marcboyer/LogicAudioAssistant/.build/xcode-release-reviewfix/Build/Intermediates.noindex/SwiftExplicitPrecompiledModules -clang-scanner-module-cache-path /Users/marcboyer/LogicAudioAssistant/.build/xcode-release-reviewfix/ModuleCache.noindex -sdk-module-cache-path /Users/marcboyer/LogicAudioAssistant/.build/xcode-release-reviewfix/ModuleCache.noindex -serialize-diagnostics -emit-dependencies -emit-module -emit-module-path /Users/marcboyer/LogicAudioAssistant/.build/xcode-release-reviewfix/Build/Intermediates.noindex/LogicAudioAssistant.build/Release/TutorConversation.build/Objects-normal/arm64/TutorConversation.swiftmodule -validate-clang-modules-once -clang-build-session-file /Users/marcboyer/LogicAudioAssistant/.build/xcode-release-reviewfix/ModuleCache.noindex/Session.modulevalidation -package-name logicaudioassistant -Xcc -I/Users/marcboyer/LogicAudioAssistant/.build/xcode-release-reviewfix/Build/Intermediates.noindex/LogicAudioAssistant.build/Release/TutorConversation.build/swift-overrides.hmap -emit-const-values -Xfrontend -const-gather-protocols-file -Xfrontend /Users/marcboyer/LogicAudioAssistant/.build/xcode-release-reviewfix/Build/Intermediates.noindex/LogicAudioAssistant.build/Release/TutorConversation.build/Objects-normal/arm64/TutorConversation_const_extract_protocols.json -Xcc -I/Users/marcboyer/LogicAudioAssistant/packages/CAtomics/include -Xcc -I/Users/marcboyer/LogicAudioAssistant/.build/xcode-release-reviewfix/Build/Products/Release/include -Xcc -I/Users/marcboyer/LogicAudioAssistant/.build/xcode-release-reviewfix/Build/Intermediates.noindex/LogicAudioAssistant.build/Release/TutorConversation.build/DerivedSources-normal/arm64 -Xcc -I/Users/marcboyer/LogicAudioAssistant/.build/xcode-release-reviewfix/Build/Intermediates.noindex/LogicAudioAssistant.build/Release/TutorConversation.build/DerivedSources/arm64 -Xcc -I/Users/marcboyer/LogicAudioAssistant/.build/xcode-release-reviewfix/Build/Intermediates.noindex/LogicAudioAssistant.build/Release/TutorConversation.build/DerivedSources -Xcc -DSWIFT_PACKAGE -emit-objc-header -emit-objc-header-path /Users/marcboyer/LogicAudioAssistant/.build/xcode-release-reviewfix/Build/Intermediates.noindex/LogicAudioAssistant.build/Release/TutorConversation.build/Objects-normal/arm64/TutorConversation-Swift.h -working-directory /Users/marcboyer/LogicAudioAssistant/LogicAudioAssistant.xcodeproj -no-emit-module-separately-wmo

ExtractAppIntentsMetadata (in target 'ProductionIntelligence' from project 'LogicAudioAssistant' at path '/Users/marcboyer/LogicAudioAssistant/Package.swift')
    cd /Users/marcboyer/LogicAudioAssistant
    /Applications/Xcode.app/Contents/Developer/Toolchains/XcodeDefault.xctoolchain/usr/bin/appintentsmetadataprocessor --toolchain-dir /Applications/Xcode.app/Contents/Developer/Toolchains/XcodeDefault.xctoolchain --module-name ProductionIntelligence --sdk-root /Applications/Xcode.app/Contents/Developer/Platforms/MacOSX.platform/Developer/SDKs/MacOSX26.5.sdk --xcode-version 17F113 --platform-family macOS --deployment-target 14.0 --bundle-identifier logicaudioassistant.ProductionIntelligence --output /Users/marcboyer/LogicAudioAssistant/.build/xcode-release-reviewfix/Build/Products/Release/ProductionIntelligence.appintents --target-triple arm64-apple-macos14.0 --binary-file /Users/marcboyer/LogicAudioAssistant/.build/xcode-release-reviewfix/Build/Products/Release/ProductionIntelligence.o --dependency-file /Users/marcboyer/LogicAudioAssistant/.build/xcode-release-reviewfix/Build/Intermediates.noindex/LogicAudioAssistant.build/Release/ProductionIntelligence.build/Objects-normal/arm64/ProductionIntelligence_dependency_info.dat --stringsdata-file /Users/marcboyer/LogicAudioAssistant/.build/xcode-release-reviewfix/Build/Intermediates.noindex/LogicAudioAssistant.build/Release/ProductionIntelligence.build/Objects-normal/arm64/ExtractedAppShortcutsMetadata.stringsdata --source-file-list /Users/marcboyer/LogicAudioAssistant/.build/xcode-release-reviewfix/Build/Intermediates.noindex/LogicAudioAssistant.build/Release/ProductionIntelligence.build/Objects-normal/arm64/ProductionIntelligence.SwiftFileList --metadata-file-list /Users/marcboyer/LogicAudioAssistant/.build/xcode-release-reviewfix/Build/Intermediates.noindex/LogicAudioAssistant.build/Release/ProductionIntelligence.build/ProductionIntelligence.DependencyMetadataFileList --static-metadata-file-list /Users/marcboyer/LogicAudioAssistant/.build/xcode-release-reviewfix/Build/Intermediates.noindex/LogicAudioAssistant.build/Release/ProductionIntelligence.build/ProductionIntelligence.DependencyStaticMetadataFileList --swift-const-vals-list /Users/marcboyer/LogicAudioAssistant/.build/xcode-release-reviewfix/Build/Intermediates.noindex/LogicAudioAssistant.build/Release/ProductionIntelligence.build/Objects-normal/arm64/ProductionIntelligence.SwiftConstValuesFileList --force --compile-time-extraction --deployment-aware-processing --validate-assistant-intents --no-app-shortcuts-localization
2026-08-14 14:53:51.531 appintentsmetadataprocessor[35589:3502166] Starting appintentsmetadataprocessor export
2026-08-14 14:53:51.542 appintentsmetadataprocessor[35589:3502166] Extracted no relevant App Intents symbols, skipping writing output

RegisterExecutionPolicyException /Users/marcboyer/LogicAudioAssistant/.build/xcode-release-reviewfix/Build/Products/Release/ProductionIntelligence.o (in target 'ProductionIntelligence' from project 'LogicAudioAssistant' at path '/Users/marcboyer/LogicAudioAssistant/Package.swift')
    cd /Users/marcboyer/LogicAudioAssistant
    builtin-RegisterExecutionPolicyException /Users/marcboyer/LogicAudioAssistant/.build/xcode-release-reviewfix/Build/Products/Release/ProductionIntelligence.o

SwiftDriver\ Compilation TutorConversation normal arm64 com.apple.xcode.tools.swift.compiler (in target 'TutorConversation' from project 'LogicAudioAssistant' at path '/Users/marcboyer/LogicAudioAssistant/Package.swift')
    cd /Users/marcboyer/LogicAudioAssistant/LogicAudioAssistant.xcodeproj
    builtin-Swift-Compilation -- /Applications/Xcode.app/Contents/Developer/Toolchains/XcodeDefault.xctoolchain/usr/bin/swiftc -module-name TutorConversation -O -whole-module-optimization @/Users/marcboyer/LogicAudioAssistant/.build/xcode-release-reviewfix/Build/Intermediates.noindex/LogicAudioAssistant.build/Release/TutorConversation.build/Objects-normal/arm64/TutorConversation.SwiftFileList -DSWIFT_PACKAGE -DSWIFT_MODULE_RESOURCE_BUNDLE_UNAVAILABLE -Xcc -fmodule-map-file\=/Users/marcboyer/LogicAudioAssistant/.build/xcode-release-reviewfix/Build/Intermediates.noindex/GeneratedModuleMaps/CAtomics.modulemap -DXcode -plugin-path /Applications/Xcode.app/Contents/Developer/Toolchains/XcodeDefault.xctoolchain/usr/lib/swift/host/plugins/testing -enable-experimental-feature DebugDescriptionMacro -sdk /Applications/Xcode.app/Contents/Developer/Platforms/MacOSX.platform/Developer/SDKs/MacOSX26.5.sdk -target arm64-apple-macos14.0 -g -module-cache-path /Users/marcboyer/LogicAudioAssistant/.build/xcode-release-reviewfix/ModuleCache.noindex -Xfrontend -serialize-debugging-options -swift-version 6 -I /Users/marcboyer/LogicAudioAssistant/.build/xcode-release-reviewfix/Build/Products/Release -Isystem /Applications/Xcode.app/Contents/Developer/Platforms/MacOSX.platform/Developer/usr/lib -F /Users/marcboyer/LogicAudioAssistant/.build/xcode-release-reviewfix/Build/Products/Release/PackageFrameworks -F /Users/marcboyer/LogicAudioAssistant/.build/xcode-release-reviewfix/Build/Products/Release/PackageFrameworks -F /Users/marcboyer/LogicAudioAssistant/.build/xcode-release-reviewfix/Build/Products/Release/PackageFrameworks -F /Users/marcboyer/LogicAudioAssistant/.build/xcode-release-reviewfix/Build/Products/Release/PackageFrameworks -F /Users/marcboyer/LogicAudioAssistant/.build/xcode-release-reviewfix/Build/Products/Release/PackageFrameworks -F /Users/marcboyer/LogicAudioAssistant/.build/xcode-release-reviewfix/Build/Products/Release/PackageFrameworks -F /Users/marcboyer/LogicAudioAssistant/.build/xcode-release-reviewfix/Build/Products/Release/PackageFrameworks -F /Users/marcboyer/LogicAudioAssistant/.build/xcode-release-reviewfix/Build/Products/Release/PackageFrameworks -F /Users/marcboyer/LogicAudioAssistant/.build/xcode-release-reviewfix/Build/Products/Release -F /Applications/Xcode.app/Contents/Developer/Platforms/MacOSX.platform/Developer/Library/Frameworks -c -num-threads 10 -Xcc -ivfsstatcache -Xcc /Users/marcboyer/LogicAudioAssistant/.build/xcode-release-reviewfix/SDKStatCaches.noindex/macosx26.5-25F70-e082c4a02f00227109f4ed75e425c832.sdkstatcache -output-file-map /Users/marcboyer/LogicAudioAssistant/.build/xcode-release-reviewfix/Build/Intermediates.noindex/LogicAudioAssistant.build/Release/TutorConversation.build/Objects-normal/arm64/TutorConversation-OutputFileMap.json -use-frontend-parseable-output -save-temps -no-color-diagnostics -explicit-module-build -module-cache-path /Users/marcboyer/LogicAudioAssistant/.build/xcode-release-reviewfix/Build/Intermediates.noindex/SwiftExplicitPrecompiledModules -clang-scanner-module-cache-path /Users/marcboyer/LogicAudioAssistant/.build/xcode-release-reviewfix/ModuleCache.noindex -sdk-module-cache-path /Users/marcboyer/LogicAudioAssistant/.build/xcode-release-reviewfix/ModuleCache.noindex -serialize-diagnostics -emit-dependencies -emit-module -emit-module-path /Users/marcboyer/LogicAudioAssistant/.build/xcode-release-reviewfix/Build/Intermediates.noindex/LogicAudioAssistant.build/Release/TutorConversation.build/Objects-normal/arm64/TutorConversation.swiftmodule -validate-clang-modules-once -clang-build-session-file /Users/marcboyer/LogicAudioAssistant/.build/xcode-release-reviewfix/ModuleCache.noindex/Session.modulevalidation -package-name logicaudioassistant -Xcc -I/Users/marcboyer/LogicAudioAssistant/.build/xcode-release-reviewfix/Build/Intermediates.noindex/LogicAudioAssistant.build/Release/TutorConversation.build/swift-overrides.hmap -emit-const-values -Xfrontend -const-gather-protocols-file -Xfrontend /Users/marcboyer/LogicAudioAssistant/.build/xcode-release-reviewfix/Build/Intermediates.noindex/LogicAudioAssistant.build/Release/TutorConversation.build/Objects-normal/arm64/TutorConversation_const_extract_protocols.json -Xcc -I/Users/marcboyer/LogicAudioAssistant/packages/CAtomics/include -Xcc -I/Users/marcboyer/LogicAudioAssistant/.build/xcode-release-reviewfix/Build/Products/Release/include -Xcc -I/Users/marcboyer/LogicAudioAssistant/.build/xcode-release-reviewfix/Build/Intermediates.noindex/LogicAudioAssistant.build/Release/TutorConversation.build/DerivedSources-normal/arm64 -Xcc -I/Users/marcboyer/LogicAudioAssistant/.build/xcode-release-reviewfix/Build/Intermediates.noindex/LogicAudioAssistant.build/Release/TutorConversation.build/DerivedSources/arm64 -Xcc -I/Users/marcboyer/LogicAudioAssistant/.build/xcode-release-reviewfix/Build/Intermediates.noindex/LogicAudioAssistant.build/Release/TutorConversation.build/DerivedSources -Xcc -DSWIFT_PACKAGE -emit-objc-header -emit-objc-header-path /Users/marcboyer/LogicAudioAssistant/.build/xcode-release-reviewfix/Build/Intermediates.noindex/LogicAudioAssistant.build/Release/TutorConversation.build/Objects-normal/arm64/TutorConversation-Swift.h -working-directory /Users/marcboyer/LogicAudioAssistant/LogicAudioAssistant.xcodeproj -no-emit-module-separately-wmo

SwiftCompile normal arm64 Compiling\ OfflineTutorProvider.swift,\ OpenAITutorAudioListener.swift,\ OpenAITutorProvider.swift,\ TutorAudioIntelligence.swift,\ TutorConversationEngine.swift,\ TutorConversationStore.swift,\ TutorModels.swift,\ TutorTools.swift /Users/marcboyer/LogicAudioAssistant/packages/TutorConversation/Sources/TutorConversation/OfflineTutorProvider.swift /Users/marcboyer/LogicAudioAssistant/packages/TutorConversation/Sources/TutorConversation/OpenAITutorAudioListener.swift /Users/marcboyer/LogicAudioAssistant/packages/TutorConversation/Sources/TutorConversation/OpenAITutorProvider.swift /Users/marcboyer/LogicAudioAssistant/packages/TutorConversation/Sources/TutorConversation/TutorAudioIntelligence.swift /Users/marcboyer/LogicAudioAssistant/packages/TutorConversation/Sources/TutorConversation/TutorConversationEngine.swift /Users/marcboyer/LogicAudioAssistant/packages/TutorConversation/Sources/TutorConversation/TutorConversationStore.swift /Users/marcboyer/LogicAudioAssistant/packages/TutorConversation/Sources/TutorConversation/TutorModels.swift /Users/marcboyer/LogicAudioAssistant/packages/TutorConversation/Sources/TutorConversation/TutorTools.swift /Applications/Xcode.app/Contents/Developer/Toolchains/XcodeDefault.xctoolchain/usr/lib/swift/macosx/prebuilt-modules/26.5/Dispatch.swiftmodule/arm64e-apple-macos.swiftmodule /Applications/Xcode.app/Contents/Developer/Toolchains/XcodeDefault.xctoolchain/usr/lib/swift/macosx/prebuilt-modules/26.5/IOKit.swiftmodule/arm64e-apple-macos.swiftmodule /Users/marcboyer/LogicAudioAssistant/.build/xcode-release-reviewfix/Build/Products/Release/AgentCore.swiftmodule/arm64-apple-macos.swiftmodule /Users/marcboyer/LogicAudioAssistant/.build/xcode-release-reviewfix/Build/Products/Release/ProductionTutor.swiftmodule/arm64-apple-macos.swiftmodule /Applications/Xcode.app/Contents/Developer/Toolchains/XcodeDefault.xctoolchain/usr/lib/swift/macosx/prebuilt-modules/26.5/_Concurrency.swiftmodule/arm64e-apple-macos.swiftmodule /Applications/Xcode.app/Contents/Developer/Toolchains/XcodeDefault.xctoolchain/usr/lib/swift/macosx/prebuilt-modules/26.5/ObjectiveC.swiftmodule/arm64e-apple-macos.swiftmodule /Applications/Xcode.app/Contents/Developer/Toolchains/XcodeDefault.xctoolchain/usr/lib/swift/macosx/prebuilt-modules/26.5/Swift.swiftmodule/arm64e-apple-macos.swiftmodule /Applications/Xcode.app/Contents/Developer/Toolchains/XcodeDefault.xctoolchain/usr/lib/swift/macosx/prebuilt-modules/26.5/_Builtin_float.swiftmodule/arm64e-apple-macos.swiftmodule /Applications/Xcode.app/Contents/Developer/Toolchains/XcodeDefault.xctoolchain/usr/lib/swift/macosx/prebuilt-modules/26.5/CoreGraphics.swiftmodule/arm64e-apple-macos.swiftmodule /Users/marcboyer/LogicAudioAssistant/.build/xcode-release-reviewfix/Build/Products/Release/ProductionIntelligence.swiftmodule/arm64-apple-macos.swiftmodule /Applications/Xcode.app/Contents/Developer/Toolchains/XcodeDefault.xctoolchain/usr/lib/swift/macosx/prebuilt-modules/26.5/XPC.swiftmodule/arm64e-apple-macos.swiftmodule /Applications/Xcode.app/Contents/Developer/Toolchains/XcodeDefault.xctoolchain/usr/lib/swift/macosx/prebuilt-modules/26.5/_DarwinFoundation3.swiftmodule/arm64e-apple-macos.swiftmodule /Applications/Xcode.app/Contents/Developer/Toolchains/XcodeDefault.xctoolchain/usr/lib/swift/macosx/prebuilt-modules/26.5/System.swiftmodule/arm64e-apple-macos.swiftmodule /Applications/Xcode.app/Contents/Developer/Toolchains/XcodeDefault.xctoolchain/usr/lib/swift/macosx/prebuilt-modules/26.5/_StringProcessing.swiftmodule/arm64e-apple-macos.swiftmodule /Users/marcboyer/LogicAudioAssistant/.build/xcode-release-reviewfix/Build/Products/Release/DSPCore.swiftmodule/arm64-apple-macos.swiftmodule /Applications/Xcode.app/Contents/Developer/Toolchains/XcodeDefault.xctoolchain/usr/lib/swift/macosx/prebuilt-modules/26.5/_DarwinFoundation1.swiftmodule/arm64e-apple-macos.swiftmodule /Applications/Xcode.app/Contents/Developer/Toolchains/XcodeDefault.xctoolchain/usr/lib/swift/macosx/prebuilt-modules/26.5/Observation.swiftmodule/arm64e-apple-macos.swiftmodule /Applications/Xcode.app/Contents/Developer/Toolchains/XcodeDefault.xctoolchain/usr/lib/swift/macosx/prebuilt-modules/26.5/FoundationModels.swiftmodule/arm64e-apple-macos.swiftmodule /Applications/Xcode.app/Contents/Developer/Toolchains/XcodeDefault.xctoolchain/usr/lib/swift/macosx/prebuilt-modules/26.5/Foundation.swiftmodule/arm64e-apple-macos.swiftmodule /Applications/Xcode.app/Contents/Developer/Toolchains/XcodeDefault.xctoolchain/usr/lib/swift/macosx/prebuilt-modules/26.5/LocalAuthentication.swiftmodule/arm64e-apple-macos.swiftmodule /Users/marcboyer/LogicAudioAssistant/.build/xcode-release-reviewfix/Build/Products/Release/PlanSchema.swiftmodule/arm64-apple-macos.swiftmodule /Users/marcboyer/LogicAudioAssistant/.build/xcode-release-reviewfix/Build/Products/Release/AudioAnalysis.swiftmodule/arm64-apple-macos.swiftmodule /Applications/Xcode.app/Contents/Developer/Toolchains/XcodeDefault.xctoolchain/usr/lib/swift/macosx/prebuilt-modules/26.5/CryptoKit.swiftmodule/arm64e-apple-macos.swiftmodule /Applications/Xcode.app/Contents/Developer/Toolchains/XcodeDefault.xctoolchain/usr/lib/swift/macosx/prebuilt-modules/26.5/_DarwinFoundation2.swiftmodule/arm64e-apple-macos.swiftmodule /Applications/Xcode.app/Contents/Developer/Toolchains/XcodeDefault.xctoolchain/usr/lib/swift/macosx/prebuilt-modules/26.5/Combine.swiftmodule/arm64e-apple-macos.swiftmodule /Applications/Xcode.app/Contents/Developer/Toolchains/XcodeDefault.xctoolchain/usr/lib/swift/macosx/prebuilt-modules/26.5/Darwin.swiftmodule/arm64e-apple-macos.swiftmodule /Applications/Xcode.app/Contents/Developer/Toolchains/XcodeDefault.xctoolchain/usr/lib/swift/macosx/prebuilt-modules/26.5/CoreFoundation.swiftmodule/arm64e-apple-macos.swiftmodule /Users/marcboyer/LogicAudioAssistant/.build/xcode-release-reviewfix/ModuleCache.noindex/Dispatch-CUQGM1TJMSISSLM5Z92C0XTXR.pcm /Users/marcboyer/LogicAudioAssistant/.build/xcode-release-reviewfix/Build/Intermediates.noindex/SwiftExplicitPrecompiledModules/CAtomics-DA9ZLSI8OU8OEPCK82XECC9UR.pcm /Users/marcboyer/LogicAudioAssistant/.build/xcode-release-reviewfix/ModuleCache.noindex/XPC-6P49AK1FVMZ0QLVI1FWJY8FUU.pcm /Users/marcboyer/LogicAudioAssistant/.build/xcode-release-reviewfix/ModuleCache.noindex/ObjectiveC-A4ASO8WBMH3J1EIDI52P3U0K7.pcm /Users/marcboyer/LogicAudioAssistant/.build/xcode-release-reviewfix/ModuleCache.noindex/_Builtin_limits-F4U81MW454IOIFK2P2N6IHEJZ.pcm /Users/marcboyer/LogicAudioAssistant/.build/xcode-release-reviewfix/ModuleCache.noindex/_DarwinFoundation1-CYEM2TCTCHPK037IGQ2AGJFID.pcm /Users/marcboyer/LogicAudioAssistant/.build/xcode-release-reviewfix/ModuleCache.noindex/_Builtin_stddef-48R31SFXF0EDU179M0TI36NZN.pcm /Users/marcboyer/LogicAudioAssistant/.build/xcode-release-reviewfix/ModuleCache.noindex/launch-BG9N65BE7P5Z2OTZDEFKS9Z9I.pcm /Users/marcboyer/LogicAudioAssistant/.build/xcode-release-reviewfix/ModuleCache.noindex/_AvailabilityInternal-7JY0KCW9ZRT98KGWHVERRF9OJ.pcm /Users/marcboyer/LogicAudioAssistant/.build/xcode-release-reviewfix/ModuleCache.noindex/Darwin-EOVFZ2A7A6Y7YSD0R2FZ6CDPQ.pcm /Users/marcboyer/LogicAudioAssistant/.build/xcode-release-reviewfix/ModuleCache.noindex/ptrauth-64OXNBF3VV5OQLDK24WP1L156.pcm /Users/marcboyer/LogicAudioAssistant/.build/xcode-release-reviewfix/ModuleCache.noindex/libDER-B1GNCKHYYP5XS5TPY4XS1BUV7.pcm /Users/marcboyer/LogicAudioAssistant/.build/xcode-release-reviewfix/ModuleCache.noindex/CoreGraphics-84X8IRL414PSX1JMRTMCWD8Y9.pcm /Users/marcboyer/LogicAudioAssistant/.build/xcode-release-reviewfix/ModuleCache.noindex/CFNetwork-DCOK03ZG7J5FK41HS656DYLAB.pcm /Users/marcboyer/LogicAudioAssistant/.build/xcode-release-reviewfix/ModuleCache.noindex/_DarwinFoundation2-1LSZKCO2UAG2QKRWA0VFHWGGX.pcm /Users/marcboyer/LogicAudioAssistant/.build/xcode-release-reviewfix/ModuleCache.noindex/_SwiftConcurrencyShims-4CTOMMMGO74XNGXANM54895KH.pcm /Users/marcboyer/LogicAudioAssistant/.build/xcode-release-reviewfix/ModuleCache.noindex/_Builtin_stdbool-EGVF9C21Q9GXEBEYUU0SJOSN7.pcm /Users/marcboyer/LogicAudioAssistant/.build/xcode-release-reviewfix/ModuleCache.noindex/_Builtin_stdarg-CWWWL82UT7IK5S1LU2O31362H.pcm /Users/marcboyer/LogicAudioAssistant/.build/xcode-release-reviewfix/ModuleCache.noindex/CoreFoundation-608YLRQF7KP9OP338B9BGET4L.pcm /Users/marcboyer/LogicAudioAssistant/.build/xcode-release-reviewfix/ModuleCache.noindex/DiskArbitration-F17P3FCPVJQI0VM03KID3J11B.pcm /Users/marcboyer/LogicAudioAssistant/.build/xcode-release-reviewfix/ModuleCache.noindex/libkern-AFKJN9UCJTLDVRE749AR52JNO.pcm /Users/marcboyer/LogicAudioAssistant/.build/xcode-release-reviewfix/ModuleCache.noindex/os_object-D5CL3IB6WSXWFIAROWRK10P2J.pcm /Users/marcboyer/LogicAudioAssistant/.build/xcode-release-reviewfix/ModuleCache.noindex/IOKit-32EHD05OB5G07QM5B2WIXNRGF.pcm /Users/marcboyer/LogicAudioAssistant/.build/xcode-release-reviewfix/ModuleCache.noindex/ptrcheck-47LT4S3L11YU6Q9VER2S68CGD.pcm /Users/marcboyer/LogicAudioAssistant/.build/xcode-release-reviewfix/ModuleCache.noindex/Foundation-488OCGQ676PGZMBG2B3RYVRGS.pcm /Users/marcboyer/LogicAudioAssistant/.build/xcode-release-reviewfix/ModuleCache.noindex/_Builtin_stdint-AHO2ZCLKYE3V6VNKY3AF2VI5S.pcm /Users/marcboyer/LogicAudioAssistant/.build/xcode-release-reviewfix/ModuleCache.noindex/_Builtin_inttypes-364ERU32814XYMNW9SAVWWGAK.pcm /Users/marcboyer/LogicAudioAssistant/.build/xcode-release-reviewfix/ModuleCache.noindex/MachO-1DVCBDOQTFP9F50B55M42QA85.pcm /Users/marcboyer/LogicAudioAssistant/.build/xcode-release-reviewfix/ModuleCache.noindex/SwiftShims-CUX3A0TB62NGY33ZT4Q0SO22J.pcm /Users/marcboyer/LogicAudioAssistant/.build/xcode-release-reviewfix/ModuleCache.noindex/os_workgroup-8BYCFEZ17OB5P95BFB4Z1QAYY.pcm /Users/marcboyer/LogicAudioAssistant/.build/xcode-release-reviewfix/ModuleCache.noindex/_DarwinFoundation3-6G3O5TG2GZYAT0U5YTIH7PTLY.pcm /Users/marcboyer/LogicAudioAssistant/.build/xcode-release-reviewfix/ModuleCache.noindex/LocalAuthentication-CC4IYRDEDZAUVZ0EIWGGFGFEY.pcm /Users/marcboyer/LogicAudioAssistant/.build/xcode-release-reviewfix/ModuleCache.noindex/_Builtin_float-5R2UINMN9L91RWGT6OT8ABUIQ.pcm /Users/marcboyer/LogicAudioAssistant/.build/xcode-release-reviewfix/ModuleCache.noindex/Security-2ZYGTAZHFO7YKSB8QH4RI46TN.pcm /Users/marcboyer/LogicAudioAssistant/.build/xcode-release-reviewfix/ModuleCache.noindex/sys_types-62X0RFAO1T07ID6H9QNK9FW4I.pcm /Users/marcboyer/LogicAudioAssistant/.build/xcode-release-reviewfix/ModuleCache.noindex/CoreServices-1M1WUIDAYFGL66MBP72IVLZOB.pcm /Users/marcboyer/LogicAudioAssistant/.build/xcode-release-reviewfix/Build/Intermediates.noindex/LogicAudioAssistant.build/Release/TutorConversation.build/Objects-normal/arm64/TutorConversation-dependencies-1.json (in target 'TutorConversation' from project 'LogicAudioAssistant' at path '/Users/marcboyer/LogicAudioAssistant/Package.swift')

CompileSwift normal arm64 (in target 'TutorConversation' from project 'LogicAudioAssistant' at path '/Users/marcboyer/LogicAudioAssistant/Package.swift')
    cd /Users/marcboyer/LogicAudioAssistant/LogicAudioAssistant.xcodeproj
    

SwiftDriverJobDiscovery normal arm64 Compiling OfflineTutorProvider.swift, OpenAITutorAudioListener.swift, OpenAITutorProvider.swift, TutorAudioIntelligence.swift, TutorConversationEngine.swift, TutorConversationStore.swift, TutorModels.swift, TutorTools.swift (in target 'TutorConversation' from project 'LogicAudioAssistant' at path '/Users/marcboyer/LogicAudioAssistant/Package.swift')

SwiftDriver\ Compilation\ Requirements TutorConversation normal arm64 com.apple.xcode.tools.swift.compiler (in target 'TutorConversation' from project 'LogicAudioAssistant' at path '/Users/marcboyer/LogicAudioAssistant/Package.swift')
    cd /Users/marcboyer/LogicAudioAssistant/LogicAudioAssistant.xcodeproj
    builtin-Swift-Compilation-Requirements -- /Applications/Xcode.app/Contents/Developer/Toolchains/XcodeDefault.xctoolchain/usr/bin/swiftc -module-name TutorConversation -O -whole-module-optimization @/Users/marcboyer/LogicAudioAssistant/.build/xcode-release-reviewfix/Build/Intermediates.noindex/LogicAudioAssistant.build/Release/TutorConversation.build/Objects-normal/arm64/TutorConversation.SwiftFileList -DSWIFT_PACKAGE -DSWIFT_MODULE_RESOURCE_BUNDLE_UNAVAILABLE -Xcc -fmodule-map-file\=/Users/marcboyer/LogicAudioAssistant/.build/xcode-release-reviewfix/Build/Intermediates.noindex/GeneratedModuleMaps/CAtomics.modulemap -DXcode -plugin-path /Applications/Xcode.app/Contents/Developer/Toolchains/XcodeDefault.xctoolchain/usr/lib/swift/host/plugins/testing -enable-experimental-feature DebugDescriptionMacro -sdk /Applications/Xcode.app/Contents/Developer/Platforms/MacOSX.platform/Developer/SDKs/MacOSX26.5.sdk -target arm64-apple-macos14.0 -g -module-cache-path /Users/marcboyer/LogicAudioAssistant/.build/xcode-release-reviewfix/ModuleCache.noindex -Xfrontend -serialize-debugging-options -swift-version 6 -I /Users/marcboyer/LogicAudioAssistant/.build/xcode-release-reviewfix/Build/Products/Release -Isystem /Applications/Xcode.app/Contents/Developer/Platforms/MacOSX.platform/Developer/usr/lib -F /Users/marcboyer/LogicAudioAssistant/.build/xcode-release-reviewfix/Build/Products/Release/PackageFrameworks -F /Users/marcboyer/LogicAudioAssistant/.build/xcode-release-reviewfix/Build/Products/Release/PackageFrameworks -F /Users/marcboyer/LogicAudioAssistant/.build/xcode-release-reviewfix/Build/Products/Release/PackageFrameworks -F /Users/marcboyer/LogicAudioAssistant/.build/xcode-release-reviewfix/Build/Products/Release/PackageFrameworks -F /Users/marcboyer/LogicAudioAssistant/.build/xcode-release-reviewfix/Build/Products/Release/PackageFrameworks -F /Users/marcboyer/LogicAudioAssistant/.build/xcode-release-reviewfix/Build/Products/Release/PackageFrameworks -F /Users/marcboyer/LogicAudioAssistant/.build/xcode-release-reviewfix/Build/Products/Release/PackageFrameworks -F /Users/marcboyer/LogicAudioAssistant/.build/xcode-release-reviewfix/Build/Products/Release/PackageFrameworks -F /Users/marcboyer/LogicAudioAssistant/.build/xcode-release-reviewfix/Build/Products/Release -F /Applications/Xcode.app/Contents/Developer/Platforms/MacOSX.platform/Developer/Library/Frameworks -c -num-threads 10 -Xcc -ivfsstatcache -Xcc /Users/marcboyer/LogicAudioAssistant/.build/xcode-release-reviewfix/SDKStatCaches.noindex/macosx26.5-25F70-e082c4a02f00227109f4ed75e425c832.sdkstatcache -output-file-map /Users/marcboyer/LogicAudioAssistant/.build/xcode-release-reviewfix/Build/Intermediates.noindex/LogicAudioAssistant.build/Release/TutorConversation.build/Objects-normal/arm64/TutorConversation-OutputFileMap.json -use-frontend-parseable-output -save-temps -no-color-diagnostics -explicit-module-build -module-cache-path /Users/marcboyer/LogicAudioAssistant/.build/xcode-release-reviewfix/Build/Intermediates.noindex/SwiftExplicitPrecompiledModules -clang-scanner-module-cache-path /Users/marcboyer/LogicAudioAssistant/.build/xcode-release-reviewfix/ModuleCache.noindex -sdk-module-cache-path /Users/marcboyer/LogicAudioAssistant/.build/xcode-release-reviewfix/ModuleCache.noindex -serialize-diagnostics -emit-dependencies -emit-module -emit-module-path /Users/marcboyer/LogicAudioAssistant/.build/xcode-release-reviewfix/Build/Intermediates.noindex/LogicAudioAssistant.build/Release/TutorConversation.build/Objects-normal/arm64/TutorConversation.swiftmodule -validate-clang-modules-once -clang-build-session-file /Users/marcboyer/LogicAudioAssistant/.build/xcode-release-reviewfix/ModuleCache.noindex/Session.modulevalidation -package-name logicaudioassistant -Xcc -I/Users/marcboyer/LogicAudioAssistant/.build/xcode-release-reviewfix/Build/Intermediates.noindex/LogicAudioAssistant.build/Release/TutorConversation.build/swift-overrides.hmap -emit-const-values -Xfrontend -const-gather-protocols-file -Xfrontend /Users/marcboyer/LogicAudioAssistant/.build/xcode-release-reviewfix/Build/Intermediates.noindex/LogicAudioAssistant.build/Release/TutorConversation.build/Objects-normal/arm64/TutorConversation_const_extract_protocols.json -Xcc -I/Users/marcboyer/LogicAudioAssistant/packages/CAtomics/include -Xcc -I/Users/marcboyer/LogicAudioAssistant/.build/xcode-release-reviewfix/Build/Products/Release/include -Xcc -I/Users/marcboyer/LogicAudioAssistant/.build/xcode-release-reviewfix/Build/Intermediates.noindex/LogicAudioAssistant.build/Release/TutorConversation.build/DerivedSources-normal/arm64 -Xcc -I/Users/marcboyer/LogicAudioAssistant/.build/xcode-release-reviewfix/Build/Intermediates.noindex/LogicAudioAssistant.build/Release/TutorConversation.build/DerivedSources/arm64 -Xcc -I/Users/marcboyer/LogicAudioAssistant/.build/xcode-release-reviewfix/Build/Intermediates.noindex/LogicAudioAssistant.build/Release/TutorConversation.build/DerivedSources -Xcc -DSWIFT_PACKAGE -emit-objc-header -emit-objc-header-path /Users/marcboyer/LogicAudioAssistant/.build/xcode-release-reviewfix/Build/Intermediates.noindex/LogicAudioAssistant.build/Release/TutorConversation.build/Objects-normal/arm64/TutorConversation-Swift.h -working-directory /Users/marcboyer/LogicAudioAssistant/LogicAudioAssistant.xcodeproj -no-emit-module-separately-wmo

SwiftMergeGeneratedHeaders /Users/marcboyer/LogicAudioAssistant/.build/xcode-release-reviewfix/Build/Intermediates.noindex/GeneratedModuleMaps/TutorConversation-Swift.h /Users/marcboyer/LogicAudioAssistant/.build/xcode-release-reviewfix/Build/Intermediates.noindex/LogicAudioAssistant.build/Release/TutorConversation.build/Objects-normal/arm64/TutorConversation-Swift.h (in target 'TutorConversation' from project 'LogicAudioAssistant' at path '/Users/marcboyer/LogicAudioAssistant/Package.swift')
    cd /Users/marcboyer/LogicAudioAssistant
    builtin-swiftHeaderTool -arch arm64 /Users/marcboyer/LogicAudioAssistant/.build/xcode-release-reviewfix/Build/Intermediates.noindex/LogicAudioAssistant.build/Release/TutorConversation.build/Objects-normal/arm64/TutorConversation-Swift.h -o /Users/marcboyer/LogicAudioAssistant/.build/xcode-release-reviewfix/Build/Intermediates.noindex/GeneratedModuleMaps/TutorConversation-Swift.h

Copy /Users/marcboyer/LogicAudioAssistant/.build/xcode-release-reviewfix/Build/Products/Release/TutorConversation.swiftmodule/arm64-apple-macos.swiftmodule /Users/marcboyer/LogicAudioAssistant/.build/xcode-release-reviewfix/Build/Intermediates.noindex/LogicAudioAssistant.build/Release/TutorConversation.build/Objects-normal/arm64/TutorConversation.swiftmodule (in target 'TutorConversation' from project 'LogicAudioAssistant' at path '/Users/marcboyer/LogicAudioAssistant/Package.swift')
    cd /Users/marcboyer/LogicAudioAssistant
    builtin-copy -exclude .DS_Store -exclude CVS -exclude .svn -exclude .git -exclude .hg -strip-unsigned-binaries -strip-deterministic -strip-tool /Applications/Xcode.app/Contents/Developer/Toolchains/XcodeDefault.xctoolchain/usr/bin/strip -resolve-src-symlinks -rename /Users/marcboyer/LogicAudioAssistant/.build/xcode-release-reviewfix/Build/Intermediates.noindex/LogicAudioAssistant.build/Release/TutorConversation.build/Objects-normal/arm64/TutorConversation.swiftmodule /Users/marcboyer/LogicAudioAssistant/.build/xcode-release-reviewfix/Build/Products/Release/TutorConversation.swiftmodule/arm64-apple-macos.swiftmodule

Copy /Users/marcboyer/LogicAudioAssistant/.build/xcode-release-reviewfix/Build/Products/Release/TutorConversation.swiftmodule/arm64-apple-macos.swiftdoc /Users/marcboyer/LogicAudioAssistant/.build/xcode-release-reviewfix/Build/Intermediates.noindex/LogicAudioAssistant.build/Release/TutorConversation.build/Objects-normal/arm64/TutorConversation.swiftdoc (in target 'TutorConversation' from project 'LogicAudioAssistant' at path '/Users/marcboyer/LogicAudioAssistant/Package.swift')
    cd /Users/marcboyer/LogicAudioAssistant
    builtin-copy -exclude .DS_Store -exclude CVS -exclude .svn -exclude .git -exclude .hg -strip-unsigned-binaries -strip-deterministic -strip-tool /Applications/Xcode.app/Contents/Developer/Toolchains/XcodeDefault.xctoolchain/usr/bin/strip -resolve-src-symlinks -rename /Users/marcboyer/LogicAudioAssistant/.build/xcode-release-reviewfix/Build/Intermediates.noindex/LogicAudioAssistant.build/Release/TutorConversation.build/Objects-normal/arm64/TutorConversation.swiftdoc /Users/marcboyer/LogicAudioAssistant/.build/xcode-release-reviewfix/Build/Products/Release/TutorConversation.swiftmodule/arm64-apple-macos.swiftdoc

Copy /Users/marcboyer/LogicAudioAssistant/.build/xcode-release-reviewfix/Build/Products/Release/TutorConversation.swiftmodule/arm64-apple-macos.abi.json /Users/marcboyer/LogicAudioAssistant/.build/xcode-release-reviewfix/Build/Intermediates.noindex/LogicAudioAssistant.build/Release/TutorConversation.build/Objects-normal/arm64/TutorConversation.abi.json (in target 'TutorConversation' from project 'LogicAudioAssistant' at path '/Users/marcboyer/LogicAudioAssistant/Package.swift')
    cd /Users/marcboyer/LogicAudioAssistant
    builtin-copy -exclude .DS_Store -exclude CVS -exclude .svn -exclude .git -exclude .hg -strip-unsigned-binaries -strip-deterministic -strip-tool /Applications/Xcode.app/Contents/Developer/Toolchains/XcodeDefault.xctoolchain/usr/bin/strip -resolve-src-symlinks -rename /Users/marcboyer/LogicAudioAssistant/.build/xcode-release-reviewfix/Build/Intermediates.noindex/LogicAudioAssistant.build/Release/TutorConversation.build/Objects-normal/arm64/TutorConversation.abi.json /Users/marcboyer/LogicAudioAssistant/.build/xcode-release-reviewfix/Build/Products/Release/TutorConversation.swiftmodule/arm64-apple-macos.abi.json

Copy /Users/marcboyer/LogicAudioAssistant/.build/xcode-release-reviewfix/Build/Products/Release/TutorConversation.swiftmodule/Project/arm64-apple-macos.swiftsourceinfo /Users/marcboyer/LogicAudioAssistant/.build/xcode-release-reviewfix/Build/Intermediates.noindex/LogicAudioAssistant.build/Release/TutorConversation.build/Objects-normal/arm64/TutorConversation.swiftsourceinfo (in target 'TutorConversation' from project 'LogicAudioAssistant' at path '/Users/marcboyer/LogicAudioAssistant/Package.swift')
    cd /Users/marcboyer/LogicAudioAssistant
    builtin-copy -exclude .DS_Store -exclude CVS -exclude .svn -exclude .git -exclude .hg -strip-unsigned-binaries -strip-deterministic -strip-tool /Applications/Xcode.app/Contents/Developer/Toolchains/XcodeDefault.xctoolchain/usr/bin/strip -resolve-src-symlinks -rename /Users/marcboyer/LogicAudioAssistant/.build/xcode-release-reviewfix/Build/Intermediates.noindex/LogicAudioAssistant.build/Release/TutorConversation.build/Objects-normal/arm64/TutorConversation.swiftsourceinfo /Users/marcboyer/LogicAudioAssistant/.build/xcode-release-reviewfix/Build/Products/Release/TutorConversation.swiftmodule/Project/arm64-apple-macos.swiftsourceinfo

Ld /Users/marcboyer/LogicAudioAssistant/.build/xcode-release-reviewfix/Build/Products/Release/TutorConversation.o normal (in target 'TutorConversation' from project 'LogicAudioAssistant' at path '/Users/marcboyer/LogicAudioAssistant/Package.swift')
    cd /Users/marcboyer/LogicAudioAssistant
    /Applications/Xcode.app/Contents/Developer/Toolchains/XcodeDefault.xctoolchain/usr/bin/clang -Xlinker -reproducible -target arm64-apple-macos14.0 -r -isysroot /Applications/Xcode.app/Contents/Developer/Platforms/MacOSX.platform/Developer/SDKs/MacOSX26.5.sdk -Os -F/Users/marcboyer/LogicAudioAssistant/.build/xcode-release-reviewfix/Build/Intermediates.noindex/EagerLinkingTBDs/Release -F/Users/marcboyer/LogicAudioAssistant/.build/xcode-release-reviewfix/Build/Products/Release/PackageFrameworks -F/Users/marcboyer/LogicAudioAssistant/.build/xcode-release-reviewfix/Build/Products/Release/PackageFrameworks -F/Users/marcboyer/LogicAudioAssistant/.build/xcode-release-reviewfix/Build/Products/Release/PackageFrameworks -F/Users/marcboyer/LogicAudioAssistant/.build/xcode-release-reviewfix/Build/Products/Release/PackageFrameworks -F/Users/marcboyer/LogicAudioAssistant/.build/xcode-release-reviewfix/Build/Products/Release/PackageFrameworks -F/Users/marcboyer/LogicAudioAssistant/.build/xcode-release-reviewfix/Build/Products/Release/PackageFrameworks -F/Users/marcboyer/LogicAudioAssistant/.build/xcode-release-reviewfix/Build/Products/Release/PackageFrameworks -F/Users/marcboyer/LogicAudioAssistant/.build/xcode-release-reviewfix/Build/Products/Release/PackageFrameworks -F/Users/marcboyer/LogicAudioAssistant/.build/xcode-release-reviewfix/Build/Products/Release -iframework /Applications/Xcode.app/Contents/Developer/Platforms/MacOSX.platform/Developer/Library/Frameworks -filelist /Users/marcboyer/LogicAudioAssistant/.build/xcode-release-reviewfix/Build/Intermediates.noindex/LogicAudioAssistant.build/Release/TutorConversation.build/Objects-normal/arm64/TutorConversation.LinkFileList -nostdlib -Xlinker -object_path_lto -Xlinker /Users/marcboyer/LogicAudioAssistant/.build/xcode-release-reviewfix/Build/Intermediates.noindex/LogicAudioAssistant.build/Release/TutorConversation.build/Objects-normal/arm64/TutorConversation_lto.o -Xlinker -dependency_info -Xlinker /Users/marcboyer/LogicAudioAssistant/.build/xcode-release-reviewfix/Build/Intermediates.noindex/LogicAudioAssistant.build/Release/TutorConversation.build/Objects-normal/arm64/TutorConversation_dependency_info.dat -fobjc-link-runtime -L/Applications/Xcode.app/Contents/Developer/Toolchains/XcodeDefault.xctoolchain/usr/lib/swift/macosx -L/usr/lib/swift -Xlinker -add_ast_path -Xlinker /Users/marcboyer/LogicAudioAssistant/.build/xcode-release-reviewfix/Build/Intermediates.noindex/LogicAudioAssistant.build/Release/TutorConversation.build/Objects-normal/arm64/TutorConversation.swiftmodule @/Users/marcboyer/LogicAudioAssistant/.build/xcode-release-reviewfix/Build/Intermediates.noindex/LogicAudioAssistant.build/Release/TutorConversation.build/Objects-normal/arm64/TutorConversation-linker-args.resp -o /Users/marcboyer/LogicAudioAssistant/.build/xcode-release-reviewfix/Build/Products/Release/TutorConversation.o

SwiftDriver TutorLogicObserver normal arm64 com.apple.xcode.tools.swift.compiler (in target 'TutorLogicObserver' from project 'LogicAudioAssistant' at path '/Users/marcboyer/LogicAudioAssistant/Package.swift')
    cd /Users/marcboyer/LogicAudioAssistant/LogicAudioAssistant.xcodeproj
    builtin-SwiftDriver -- /Applications/Xcode.app/Contents/Developer/Toolchains/XcodeDefault.xctoolchain/usr/bin/swiftc -module-name TutorLogicObserver -O -whole-module-optimization @/Users/marcboyer/LogicAudioAssistant/.build/xcode-release-reviewfix/Build/Intermediates.noindex/LogicAudioAssistant.build/Release/TutorLogicObserver.build/Objects-normal/arm64/TutorLogicObserver.SwiftFileList -DSWIFT_PACKAGE -DSWIFT_MODULE_RESOURCE_BUNDLE_UNAVAILABLE -Xcc -fmodule-map-file\=/Users/marcboyer/LogicAudioAssistant/.build/xcode-release-reviewfix/Build/Intermediates.noindex/GeneratedModuleMaps/CAtomics.modulemap -DXcode -plugin-path /Applications/Xcode.app/Contents/Developer/Toolchains/XcodeDefault.xctoolchain/usr/lib/swift/host/plugins/testing -enable-experimental-feature DebugDescriptionMacro -sdk /Applications/Xcode.app/Contents/Developer/Platforms/MacOSX.platform/Developer/SDKs/MacOSX26.5.sdk -target arm64-apple-macos14.0 -g -module-cache-path /Users/marcboyer/LogicAudioAssistant/.build/xcode-release-reviewfix/ModuleCache.noindex -Xfrontend -serialize-debugging-options -swift-version 6 -I /Users/marcboyer/LogicAudioAssistant/.build/xcode-release-reviewfix/Build/Products/Release -Isystem /Applications/Xcode.app/Contents/Developer/Platforms/MacOSX.platform/Developer/usr/lib -F /Users/marcboyer/LogicAudioAssistant/.build/xcode-release-reviewfix/Build/Products/Release/PackageFrameworks -F /Users/marcboyer/LogicAudioAssistant/.build/xcode-release-reviewfix/Build/Products/Release/PackageFrameworks -F /Users/marcboyer/LogicAudioAssistant/.build/xcode-release-reviewfix/Build/Products/Release/PackageFrameworks -F /Users/marcboyer/LogicAudioAssistant/.build/xcode-release-reviewfix/Build/Products/Release/PackageFrameworks -F /Users/marcboyer/LogicAudioAssistant/.build/xcode-release-reviewfix/Build/Products/Release/PackageFrameworks -F /Users/marcboyer/LogicAudioAssistant/.build/xcode-release-reviewfix/Build/Products/Release/PackageFrameworks -F /Users/marcboyer/LogicAudioAssistant/.build/xcode-release-reviewfix/Build/Products/Release/PackageFrameworks -F /Users/marcboyer/LogicAudioAssistant/.build/xcode-release-reviewfix/Build/Products/Release/PackageFrameworks -F /Users/marcboyer/LogicAudioAssistant/.build/xcode-release-reviewfix/Build/Products/Release/PackageFrameworks -F /Users/marcboyer/LogicAudioAssistant/.build/xcode-release-reviewfix/Build/Products/Release -F /Applications/Xcode.app/Contents/Developer/Platforms/MacOSX.platform/Developer/Library/Frameworks -parse-as-library -c -num-threads 10 -Xcc -ivfsstatcache -Xcc /Users/marcboyer/LogicAudioAssistant/.build/xcode-release-reviewfix/SDKStatCaches.noindex/macosx26.5-25F70-e082c4a02f00227109f4ed75e425c832.sdkstatcache -output-file-map /Users/marcboyer/LogicAudioAssistant/.build/xcode-release-reviewfix/Build/Intermediates.noindex/LogicAudioAssistant.build/Release/TutorLogicObserver.build/Objects-normal/arm64/TutorLogicObserver-OutputFileMap.json -use-frontend-parseable-output -save-temps -no-color-diagnostics -explicit-module-build -module-cache-path /Users/marcboyer/LogicAudioAssistant/.build/xcode-release-reviewfix/Build/Intermediates.noindex/SwiftExplicitPrecompiledModules -clang-scanner-module-cache-path /Users/marcboyer/LogicAudioAssistant/.build/xcode-release-reviewfix/ModuleCache.noindex -sdk-module-cache-path /Users/marcboyer/LogicAudioAssistant/.build/xcode-release-reviewfix/ModuleCache.noindex -serialize-diagnostics -emit-dependencies -emit-module -emit-module-path /Users/marcboyer/LogicAudioAssistant/.build/xcode-release-reviewfix/Build/Intermediates.noindex/LogicAudioAssistant.build/Release/TutorLogicObserver.build/Objects-normal/arm64/TutorLogicObserver.swiftmodule -validate-clang-modules-once -clang-build-session-file /Users/marcboyer/LogicAudioAssistant/.build/xcode-release-reviewfix/ModuleCache.noindex/Session.modulevalidation -package-name logicaudioassistant -Xcc -I/Users/marcboyer/LogicAudioAssistant/.build/xcode-release-reviewfix/Build/Intermediates.noindex/LogicAudioAssistant.build/Release/TutorLogicObserver.build/swift-overrides.hmap -emit-const-values -Xfrontend -const-gather-protocols-file -Xfrontend /Users/marcboyer/LogicAudioAssistant/.build/xcode-release-reviewfix/Build/Intermediates.noindex/LogicAudioAssistant.build/Release/TutorLogicObserver.build/Objects-normal/arm64/TutorLogicObserver_const_extract_protocols.json -Xcc -I/Users/marcboyer/LogicAudioAssistant/packages/CAtomics/include -Xcc -I/Users/marcboyer/LogicAudioAssistant/.build/xcode-release-reviewfix/Build/Products/Release/include -Xcc -I/Users/marcboyer/LogicAudioAssistant/.build/xcode-release-reviewfix/Build/Intermediates.noindex/LogicAudioAssistant.build/Release/TutorLogicObserver.build/DerivedSources-normal/arm64 -Xcc -I/Users/marcboyer/LogicAudioAssistant/.build/xcode-release-reviewfix/Build/Intermediates.noindex/LogicAudioAssistant.build/Release/TutorLogicObserver.build/DerivedSources/arm64 -Xcc -I/Users/marcboyer/LogicAudioAssistant/.build/xcode-release-reviewfix/Build/Intermediates.noindex/LogicAudioAssistant.build/Release/TutorLogicObserver.build/DerivedSources -Xcc -DSWIFT_PACKAGE -emit-objc-header -emit-objc-header-path /Users/marcboyer/LogicAudioAssistant/.build/xcode-release-reviewfix/Build/Intermediates.noindex/LogicAudioAssistant.build/Release/TutorLogicObserver.build/Objects-normal/arm64/TutorLogicObserver-Swift.h -working-directory /Users/marcboyer/LogicAudioAssistant/LogicAudioAssistant.xcodeproj -no-emit-module-separately-wmo

ExtractAppIntentsMetadata (in target 'TutorConversation' from project 'LogicAudioAssistant' at path '/Users/marcboyer/LogicAudioAssistant/Package.swift')
    cd /Users/marcboyer/LogicAudioAssistant
    /Applications/Xcode.app/Contents/Developer/Toolchains/XcodeDefault.xctoolchain/usr/bin/appintentsmetadataprocessor --toolchain-dir /Applications/Xcode.app/Contents/Developer/Toolchains/XcodeDefault.xctoolchain --module-name TutorConversation --sdk-root /Applications/Xcode.app/Contents/Developer/Platforms/MacOSX.platform/Developer/SDKs/MacOSX26.5.sdk --xcode-version 17F113 --platform-family macOS --deployment-target 14.0 --bundle-identifier logicaudioassistant.TutorConversation --output /Users/marcboyer/LogicAudioAssistant/.build/xcode-release-reviewfix/Build/Products/Release/TutorConversation.appintents --target-triple arm64-apple-macos14.0 --binary-file /Users/marcboyer/LogicAudioAssistant/.build/xcode-release-reviewfix/Build/Products/Release/TutorConversation.o --dependency-file /Users/marcboyer/LogicAudioAssistant/.build/xcode-release-reviewfix/Build/Intermediates.noindex/LogicAudioAssistant.build/Release/TutorConversation.build/Objects-normal/arm64/TutorConversation_dependency_info.dat --stringsdata-file /Users/marcboyer/LogicAudioAssistant/.build/xcode-release-reviewfix/Build/Intermediates.noindex/LogicAudioAssistant.build/Release/TutorConversation.build/Objects-normal/arm64/ExtractedAppShortcutsMetadata.stringsdata --source-file-list /Users/marcboyer/LogicAudioAssistant/.build/xcode-release-reviewfix/Build/Intermediates.noindex/LogicAudioAssistant.build/Release/TutorConversation.build/Objects-normal/arm64/TutorConversation.SwiftFileList --metadata-file-list /Users/marcboyer/LogicAudioAssistant/.build/xcode-release-reviewfix/Build/Intermediates.noindex/LogicAudioAssistant.build/Release/TutorConversation.build/TutorConversation.DependencyMetadataFileList --static-metadata-file-list /Users/marcboyer/LogicAudioAssistant/.build/xcode-release-reviewfix/Build/Intermediates.noindex/LogicAudioAssistant.build/Release/TutorConversation.build/TutorConversation.DependencyStaticMetadataFileList --swift-const-vals-list /Users/marcboyer/LogicAudioAssistant/.build/xcode-release-reviewfix/Build/Intermediates.noindex/LogicAudioAssistant.build/Release/TutorConversation.build/Objects-normal/arm64/TutorConversation.SwiftConstValuesFileList --force --compile-time-extraction --deployment-aware-processing --validate-assistant-intents --no-app-shortcuts-localization
2026-08-14 14:54:02.376 appintentsmetadataprocessor[35711:3502654] Starting appintentsmetadataprocessor export
2026-08-14 14:54:02.384 appintentsmetadataprocessor[35711:3502654] Extracted no relevant App Intents symbols, skipping writing output

RegisterExecutionPolicyException /Users/marcboyer/LogicAudioAssistant/.build/xcode-release-reviewfix/Build/Products/Release/TutorConversation.o (in target 'TutorConversation' from project 'LogicAudioAssistant' at path '/Users/marcboyer/LogicAudioAssistant/Package.swift')
    cd /Users/marcboyer/LogicAudioAssistant
    builtin-RegisterExecutionPolicyException /Users/marcboyer/LogicAudioAssistant/.build/xcode-release-reviewfix/Build/Products/Release/TutorConversation.o

SwiftDriver\ Compilation TutorLogicObserver normal arm64 com.apple.xcode.tools.swift.compiler (in target 'TutorLogicObserver' from project 'LogicAudioAssistant' at path '/Users/marcboyer/LogicAudioAssistant/Package.swift')
    cd /Users/marcboyer/LogicAudioAssistant/LogicAudioAssistant.xcodeproj
    builtin-Swift-Compilation -- /Applications/Xcode.app/Contents/Developer/Toolchains/XcodeDefault.xctoolchain/usr/bin/swiftc -module-name TutorLogicObserver -O -whole-module-optimization @/Users/marcboyer/LogicAudioAssistant/.build/xcode-release-reviewfix/Build/Intermediates.noindex/LogicAudioAssistant.build/Release/TutorLogicObserver.build/Objects-normal/arm64/TutorLogicObserver.SwiftFileList -DSWIFT_PACKAGE -DSWIFT_MODULE_RESOURCE_BUNDLE_UNAVAILABLE -Xcc -fmodule-map-file\=/Users/marcboyer/LogicAudioAssistant/.build/xcode-release-reviewfix/Build/Intermediates.noindex/GeneratedModuleMaps/CAtomics.modulemap -DXcode -plugin-path /Applications/Xcode.app/Contents/Developer/Toolchains/XcodeDefault.xctoolchain/usr/lib/swift/host/plugins/testing -enable-experimental-feature DebugDescriptionMacro -sdk /Applications/Xcode.app/Contents/Developer/Platforms/MacOSX.platform/Developer/SDKs/MacOSX26.5.sdk -target arm64-apple-macos14.0 -g -module-cache-path /Users/marcboyer/LogicAudioAssistant/.build/xcode-release-reviewfix/ModuleCache.noindex -Xfrontend -serialize-debugging-options -swift-version 6 -I /Users/marcboyer/LogicAudioAssistant/.build/xcode-release-reviewfix/Build/Products/Release -Isystem /Applications/Xcode.app/Contents/Developer/Platforms/MacOSX.platform/Developer/usr/lib -F /Users/marcboyer/LogicAudioAssistant/.build/xcode-release-reviewfix/Build/Products/Release/PackageFrameworks -F /Users/marcboyer/LogicAudioAssistant/.build/xcode-release-reviewfix/Build/Products/Release/PackageFrameworks -F /Users/marcboyer/LogicAudioAssistant/.build/xcode-release-reviewfix/Build/Products/Release/PackageFrameworks -F /Users/marcboyer/LogicAudioAssistant/.build/xcode-release-reviewfix/Build/Products/Release/PackageFrameworks -F /Users/marcboyer/LogicAudioAssistant/.build/xcode-release-reviewfix/Build/Products/Release/PackageFrameworks -F /Users/marcboyer/LogicAudioAssistant/.build/xcode-release-reviewfix/Build/Products/Release/PackageFrameworks -F /Users/marcboyer/LogicAudioAssistant/.build/xcode-release-reviewfix/Build/Products/Release/PackageFrameworks -F /Users/marcboyer/LogicAudioAssistant/.build/xcode-release-reviewfix/Build/Products/Release/PackageFrameworks -F /Users/marcboyer/LogicAudioAssistant/.build/xcode-release-reviewfix/Build/Products/Release/PackageFrameworks -F /Users/marcboyer/LogicAudioAssistant/.build/xcode-release-reviewfix/Build/Products/Release -F /Applications/Xcode.app/Contents/Developer/Platforms/MacOSX.platform/Developer/Library/Frameworks -parse-as-library -c -num-threads 10 -Xcc -ivfsstatcache -Xcc /Users/marcboyer/LogicAudioAssistant/.build/xcode-release-reviewfix/SDKStatCaches.noindex/macosx26.5-25F70-e082c4a02f00227109f4ed75e425c832.sdkstatcache -output-file-map /Users/marcboyer/LogicAudioAssistant/.build/xcode-release-reviewfix/Build/Intermediates.noindex/LogicAudioAssistant.build/Release/TutorLogicObserver.build/Objects-normal/arm64/TutorLogicObserver-OutputFileMap.json -use-frontend-parseable-output -save-temps -no-color-diagnostics -explicit-module-build -module-cache-path /Users/marcboyer/LogicAudioAssistant/.build/xcode-release-reviewfix/Build/Intermediates.noindex/SwiftExplicitPrecompiledModules -clang-scanner-module-cache-path /Users/marcboyer/LogicAudioAssistant/.build/xcode-release-reviewfix/ModuleCache.noindex -sdk-module-cache-path /Users/marcboyer/LogicAudioAssistant/.build/xcode-release-reviewfix/ModuleCache.noindex -serialize-diagnostics -emit-dependencies -emit-module -emit-module-path /Users/marcboyer/LogicAudioAssistant/.build/xcode-release-reviewfix/Build/Intermediates.noindex/LogicAudioAssistant.build/Release/TutorLogicObserver.build/Objects-normal/arm64/TutorLogicObserver.swiftmodule -validate-clang-modules-once -clang-build-session-file /Users/marcboyer/LogicAudioAssistant/.build/xcode-release-reviewfix/ModuleCache.noindex/Session.modulevalidation -package-name logicaudioassistant -Xcc -I/Users/marcboyer/LogicAudioAssistant/.build/xcode-release-reviewfix/Build/Intermediates.noindex/LogicAudioAssistant.build/Release/TutorLogicObserver.build/swift-overrides.hmap -emit-const-values -Xfrontend -const-gather-protocols-file -Xfrontend /Users/marcboyer/LogicAudioAssistant/.build/xcode-release-reviewfix/Build/Intermediates.noindex/LogicAudioAssistant.build/Release/TutorLogicObserver.build/Objects-normal/arm64/TutorLogicObserver_const_extract_protocols.json -Xcc -I/Users/marcboyer/LogicAudioAssistant/packages/CAtomics/include -Xcc -I/Users/marcboyer/LogicAudioAssistant/.build/xcode-release-reviewfix/Build/Products/Release/include -Xcc -I/Users/marcboyer/LogicAudioAssistant/.build/xcode-release-reviewfix/Build/Intermediates.noindex/LogicAudioAssistant.build/Release/TutorLogicObserver.build/DerivedSources-normal/arm64 -Xcc -I/Users/marcboyer/LogicAudioAssistant/.build/xcode-release-reviewfix/Build/Intermediates.noindex/LogicAudioAssistant.build/Release/TutorLogicObserver.build/DerivedSources/arm64 -Xcc -I/Users/marcboyer/LogicAudioAssistant/.build/xcode-release-reviewfix/Build/Intermediates.noindex/LogicAudioAssistant.build/Release/TutorLogicObserver.build/DerivedSources -Xcc -DSWIFT_PACKAGE -emit-objc-header -emit-objc-header-path /Users/marcboyer/LogicAudioAssistant/.build/xcode-release-reviewfix/Build/Intermediates.noindex/LogicAudioAssistant.build/Release/TutorLogicObserver.build/Objects-normal/arm64/TutorLogicObserver-Swift.h -working-directory /Users/marcboyer/LogicAudioAssistant/LogicAudioAssistant.xcodeproj -no-emit-module-separately-wmo

SwiftExplicitDependencyGeneratePcm arm64 /Users/marcboyer/LogicAudioAssistant/.build/xcode-release-reviewfix/ModuleCache.noindex/Spatial-8PBJW62WS774VP9FAHDNK3QME.pcm

SwiftExplicitDependencyGeneratePcm arm64 /Users/marcboyer/LogicAudioAssistant/.build/xcode-release-reviewfix/ModuleCache.noindex/SwiftUICore-5E1UJ6ZZBONSW787MB3B1LMZM.pcm

SwiftExplicitDependencyGeneratePcm arm64 /Users/marcboyer/LogicAudioAssistant/.build/xcode-release-reviewfix/ModuleCache.noindex/DeveloperToolsSupport-53170F0OHV82BN13CD5RA2MLS.pcm

SwiftExplicitDependencyGeneratePcm arm64 /Users/marcboyer/LogicAudioAssistant/.build/xcode-release-reviewfix/ModuleCache.noindex/CoreData-EFSQP503TTSWC9ATHXCM79VX8.pcm

SwiftExplicitDependencyGeneratePcm arm64 /Users/marcboyer/LogicAudioAssistant/.build/xcode-release-reviewfix/ModuleCache.noindex/CoreTransferable-CGX7WDLPI1ANVP3J0UQJIFAZ7.pcm

SwiftExplicitDependencyGeneratePcm arm64 /Users/marcboyer/LogicAudioAssistant/.build/xcode-release-reviewfix/ModuleCache.noindex/Accessibility-E54HEQ4FR0WLPQLFYEZ6OP009.pcm

SwiftExplicitDependencyGeneratePcm arm64 /Users/marcboyer/LogicAudioAssistant/.build/xcode-release-reviewfix/ModuleCache.noindex/_Builtin_stdatomic-8S1F6VMDM118TPYJ7KFJV0MPC.pcm

SwiftExplicitDependencyGeneratePcm arm64 /Users/marcboyer/LogicAudioAssistant/.build/xcode-release-reviewfix/ModuleCache.noindex/Symbols-A7HSGR9ZWXBM72CMNMACIALXH.pcm

SwiftExplicitDependencyGeneratePcm arm64 /Users/marcboyer/LogicAudioAssistant/.build/xcode-release-reviewfix/ModuleCache.noindex/DataDetection-CE70ODGXPQ1Z1U9K3IRC3MJRP.pcm

SwiftExplicitDependencyGeneratePcm arm64 /Users/marcboyer/LogicAudioAssistant/.build/xcode-release-reviewfix/ModuleCache.noindex/os-9E63SLKOKO0JM7JT9VS7T9SGB.pcm

SwiftExplicitDependencyGeneratePcm arm64 /Users/marcboyer/LogicAudioAssistant/.build/xcode-release-reviewfix/ModuleCache.noindex/AppKit-3NPMBT5GFBWTB58JM61Z8HEAW.pcm

SwiftExplicitDependencyGeneratePcm arm64 /Users/marcboyer/LogicAudioAssistant/.build/xcode-release-reviewfix/ModuleCache.noindex/OSLog-6EER0KP492JDO2OMI56O0BO2W.pcm

SwiftCompile normal arm64 Compiling\ LogicReadOnlyObserver.swift /Users/marcboyer/LogicAudioAssistant/packages/TutorLogicObserver/Sources/TutorLogicObserver/LogicReadOnlyObserver.swift /Applications/Xcode.app/Contents/Developer/Toolchains/XcodeDefault.xctoolchain/usr/lib/swift/macosx/prebuilt-modules/26.5/QuartzCore.swiftmodule/arm64e-apple-macos.swiftmodule /Applications/Xcode.app/Contents/Developer/Toolchains/XcodeDefault.xctoolchain/usr/lib/swift/macosx/prebuilt-modules/26.5/FoundationModels.swiftmodule/arm64e-apple-macos.swiftmodule /Applications/Xcode.app/Contents/Developer/Toolchains/XcodeDefault.xctoolchain/usr/lib/swift/macosx/prebuilt-modules/26.5/System.swiftmodule/arm64e-apple-macos.swiftmodule /Applications/Xcode.app/Contents/Developer/Toolchains/XcodeDefault.xctoolchain/usr/lib/swift/macosx/prebuilt-modules/26.5/os.swiftmodule/arm64e-apple-macos.swiftmodule /Applications/Xcode.app/Contents/Developer/Toolchains/XcodeDefault.xctoolchain/usr/lib/swift/macosx/prebuilt-modules/26.5/CoreText.swiftmodule/arm64e-apple-macos.swiftmodule /Applications/Xcode.app/Contents/Developer/Toolchains/XcodeDefault.xctoolchain/usr/lib/swift/macosx/prebuilt-modules/26.5/_Builtin_float.swiftmodule/arm64e-apple-macos.swiftmodule /Users/marcboyer/LogicAudioAssistant/.build/xcode-release-reviewfix/Build/Products/Release/ProductionTutor.swiftmodule/arm64-apple-macos.swiftmodule /Applications/Xcode.app/Contents/Developer/Toolchains/XcodeDefault.xctoolchain/usr/lib/swift/macosx/prebuilt-modules/26.5/Accessibility.swiftmodule/arm64e-apple-macos.swiftmodule /Applications/Xcode.app/Contents/Developer/Toolchains/XcodeDefault.xctoolchain/usr/lib/swift/macosx/prebuilt-modules/26.5/Foundation.swiftmodule/arm64e-apple-macos.swiftmodule /Applications/Xcode.app/Contents/Developer/Toolchains/XcodeDefault.xctoolchain/usr/lib/swift/macosx/prebuilt-modules/26.5/CryptoKit.swiftmodule/arm64e-apple-macos.swiftmodule /Applications/Xcode.app/Contents/Developer/Toolchains/XcodeDefault.xctoolchain/usr/lib/swift/macosx/prebuilt-modules/26.5/Spatial.swiftmodule/arm64e-apple-macos.swiftmodule /Applications/Xcode.app/Contents/Developer/Toolchains/XcodeDefault.xctoolchain/usr/lib/swift/macosx/prebuilt-modules/26.5/ObjectiveC.swiftmodule/arm64e-apple-macos.swiftmodule /Applications/Xcode.app/Contents/Developer/Toolchains/XcodeDefault.xctoolchain/usr/lib/swift/macosx/prebuilt-modules/26.5/OSLog.swiftmodule/arm64e-apple-macos.swiftmodule /Users/marcboyer/LogicAudioAssistant/.build/xcode-release-reviewfix/Build/Products/Release/ProductionIntelligence.swiftmodule/arm64-apple-macos.swiftmodule /Applications/Xcode.app/Contents/Developer/Toolchains/XcodeDefault.xctoolchain/usr/lib/swift/macosx/prebuilt-modules/26.5/XPC.swiftmodule/arm64e-apple-macos.swiftmodule /Applications/Xcode.app/Contents/Developer/Toolchains/XcodeDefault.xctoolchain/usr/lib/swift/macosx/prebuilt-modules/26.5/_DarwinFoundation1.swiftmodule/arm64e-apple-macos.swiftmodule /Applications/Xcode.app/Contents/Developer/Toolchains/XcodeDefault.xctoolchain/usr/lib/swift/macosx/prebuilt-modules/26.5/LocalAuthentication.swiftmodule/arm64e-apple-macos.swiftmodule /Applications/Xcode.app/Contents/Developer/Toolchains/XcodeDefault.xctoolchain/usr/lib/swift/macosx/prebuilt-modules/26.5/CoreTransferable.swiftmodule/arm64e-apple-macos.swiftmodule /Applications/Xcode.app/Contents/Developer/Toolchains/XcodeDefault.xctoolchain/usr/lib/swift/macosx/prebuilt-modules/26.5/IOKit.swiftmodule/arm64e-apple-macos.swiftmodule /Applications/Xcode.app/Contents/Developer/Toolchains/XcodeDefault.xctoolchain/usr/lib/swift/macosx/prebuilt-modules/26.5/_StringProcessing.swiftmodule/arm64e-apple-macos.swiftmodule /Applications/Xcode.app/Contents/Developer/Toolchains/XcodeDefault.xctoolchain/usr/lib/swift/macosx/prebuilt-modules/26.5/CoreVideo.swiftmodule/arm64e-apple-macos.swiftmodule /Applications/Xcode.app/Contents/Developer/Toolchains/XcodeDefault.xctoolchain/usr/lib/swift/macosx/prebuilt-modules/26.5/Metal.swiftmodule/arm64e-apple-macos.swiftmodule /Applications/Xcode.app/Contents/Developer/Toolchains/XcodeDefault.xctoolchain/usr/lib/swift/macosx/prebuilt-modules/26.5/DeveloperToolsSupport.swiftmodule/arm64e-apple-macos.swiftmodule /Users/marcboyer/LogicAudioAssistant/.build/xcode-release-reviewfix/Build/Products/Release/AudioAnalysis.swiftmodule/arm64-apple-macos.swiftmodule /Applications/Xcode.app/Contents/Developer/Toolchains/XcodeDefault.xctoolchain/usr/lib/swift/macosx/prebuilt-modules/26.5/simd.swiftmodule/arm64e-apple-macos.swiftmodule /Applications/Xcode.app/Contents/Developer/Toolchains/XcodeDefault.xctoolchain/usr/lib/swift/macosx/prebuilt-modules/26.5/Darwin.swiftmodule/arm64e-apple-macos.swiftmodule /Applications/Xcode.app/Contents/Developer/Toolchains/XcodeDefault.xctoolchain/usr/lib/swift/macosx/prebuilt-modules/26.5/Observation.swiftmodule/arm64e-apple-macos.swiftmodule /Users/marcboyer/LogicAudioAssistant/.build/xcode-release-reviewfix/Build/Products/Release/AgentCore.swiftmodule/arm64-apple-macos.swiftmodule /Applications/Xcode.app/Contents/Developer/Toolchains/XcodeDefault.xctoolchain/usr/lib/swift/macosx/prebuilt-modules/26.5/Combine.swiftmodule/arm64e-apple-macos.swiftmodule /Applications/Xcode.app/Contents/Developer/Toolchains/XcodeDefault.xctoolchain/usr/lib/swift/macosx/prebuilt-modules/26.5/_DarwinFoundation2.swiftmodule/arm64e-apple-macos.swiftmodule /Applications/Xcode.app/Contents/Developer/Toolchains/XcodeDefault.xctoolchain/usr/lib/swift/macosx/prebuilt-modules/26.5/Dispatch.swiftmodule/arm64e-apple-macos.swiftmodule /Users/marcboyer/LogicAudioAssistant/.build/xcode-release-reviewfix/Build/Products/Release/PlanSchema.swiftmodule/arm64-apple-macos.swiftmodule /Applications/Xcode.app/Contents/Developer/Toolchains/XcodeDefault.xctoolchain/usr/lib/swift/macosx/prebuilt-modules/26.5/AppKit.swiftmodule/arm64e-apple-macos.swiftmodule /Applications/Xcode.app/Contents/Developer/Toolchains/XcodeDefault.xctoolchain/usr/lib/swift/macosx/prebuilt-modules/26.5/CoreImage.swiftmodule/arm64e-apple-macos.swiftmodule /Applications/Xcode.app/Contents/Developer/Toolchains/XcodeDefault.xctoolchain/usr/lib/swift/macosx/prebuilt-modules/26.5/DataDetection.swiftmodule/arm64e-apple-macos.swiftmodule /Applications/Xcode.app/Contents/Developer/Toolchains/XcodeDefault.xctoolchain/usr/lib/swift/macosx/prebuilt-modules/26.5/_DarwinFoundation3.swiftmodule/arm64e-apple-macos.swiftmodule /Users/marcboyer/LogicAudioAssistant/.build/xcode-release-reviewfix/Build/Products/Release/DSPCore.swiftmodule/arm64-apple-macos.swiftmodule /Applications/Xcode.app/Contents/Developer/Toolchains/XcodeDefault.xctoolchain/usr/lib/swift/macosx/prebuilt-modules/26.5/Swift.swiftmodule/arm64e-apple-macos.swiftmodule /Applications/Xcode.app/Contents/Developer/Toolchains/XcodeDefault.xctoolchain/usr/lib/swift/macosx/prebuilt-modules/26.5/_Concurrency.swiftmodule/arm64e-apple-macos.swiftmodule /Applications/Xcode.app/Contents/Developer/Toolchains/XcodeDefault.xctoolchain/usr/lib/swift/macosx/prebuilt-modules/26.5/SwiftUICore.swiftmodule/arm64e-apple-macos.swiftmodule /Applications/Xcode.app/Contents/Developer/Toolchains/XcodeDefault.xctoolchain/usr/lib/swift/macosx/prebuilt-modules/26.5/CoreData.swiftmodule/arm64e-apple-macos.swiftmodule /Applications/Xcode.app/Contents/Developer/Toolchains/XcodeDefault.xctoolchain/usr/lib/swift/macosx/prebuilt-modules/26.5/UniformTypeIdentifiers.swiftmodule/arm64e-apple-macos.swiftmodule /Users/marcboyer/LogicAudioAssistant/.build/xcode-release-reviewfix/Build/Products/Release/TutorConversation.swiftmodule/arm64-apple-macos.swiftmodule /Applications/Xcode.app/Contents/Developer/Toolchains/XcodeDefault.xctoolchain/usr/lib/swift/macosx/prebuilt-modules/26.5/CoreGraphics.swiftmodule/arm64e-apple-macos.swiftmodule /Applications/Xcode.app/Contents/Developer/Toolchains/XcodeDefault.xctoolchain/usr/lib/swift/macosx/prebuilt-modules/26.5/CoreFoundation.swiftmodule/arm64e-apple-macos.swiftmodule /Applications/Xcode.app/Contents/Developer/Toolchains/XcodeDefault.xctoolchain/usr/lib/swift/macosx/prebuilt-modules/26.5/Symbols.swiftmodule/arm64e-apple-macos.swiftmodule /Users/marcboyer/LogicAudioAssistant/.build/xcode-release-reviewfix/ModuleCache.noindex/_AvailabilityInternal-7JY0KCW9ZRT98KGWHVERRF9OJ.pcm /Users/marcboyer/LogicAudioAssistant/.build/xcode-release-reviewfix/ModuleCache.noindex/DataDetection-CE70ODGXPQ1Z1U9K3IRC3MJRP.pcm /Users/marcboyer/LogicAudioAssistant/.build/xcode-release-reviewfix/ModuleCache.noindex/SwiftUICore-5E1UJ6ZZBONSW787MB3B1LMZM.pcm /Users/marcboyer/LogicAudioAssistant/.build/xcode-release-reviewfix/ModuleCache.noindex/_DarwinFoundation2-1LSZKCO2UAG2QKRWA0VFHWGGX.pcm /Users/marcboyer/LogicAudioAssistant/.build/xcode-release-reviewfix/ModuleCache.noindex/CUPS-CZICZCB4P1B1BVH1MXGCQPVOH.pcm /Users/marcboyer/LogicAudioAssistant/.build/xcode-release-reviewfix/ModuleCache.noindex/DeveloperToolsSupport-53170F0OHV82BN13CD5RA2MLS.pcm /Users/marcboyer/LogicAudioAssistant/.build/xcode-release-reviewfix/ModuleCache.noindex/_Builtin_stdint-AHO2ZCLKYE3V6VNKY3AF2VI5S.pcm /Users/marcboyer/LogicAudioAssistant/.build/xcode-release-reviewfix/ModuleCache.noindex/ptrcheck-47LT4S3L11YU6Q9VER2S68CGD.pcm /Users/marcboyer/LogicAudioAssistant/.build/xcode-release-reviewfix/ModuleCache.noindex/_Builtin_limits-F4U81MW454IOIFK2P2N6IHEJZ.pcm /Users/marcboyer/LogicAudioAssistant/.build/xcode-release-reviewfix/ModuleCache.noindex/Accessibility-E54HEQ4FR0WLPQLFYEZ6OP009.pcm /Users/marcboyer/LogicAudioAssistant/.build/xcode-release-reviewfix/ModuleCache.noindex/libkern-AFKJN9UCJTLDVRE749AR52JNO.pcm /Users/marcboyer/LogicAudioAssistant/.build/xcode-release-reviewfix/ModuleCache.noindex/Foundation-488OCGQ676PGZMBG2B3RYVRGS.pcm /Users/marcboyer/LogicAudioAssistant/.build/xcode-release-reviewfix/ModuleCache.noindex/os-9E63SLKOKO0JM7JT9VS7T9SGB.pcm /Users/marcboyer/LogicAudioAssistant/.build/xcode-release-reviewfix/ModuleCache.noindex/_SwiftConcurrencyShims-4CTOMMMGO74XNGXANM54895KH.pcm /Users/marcboyer/LogicAudioAssistant/.build/xcode-release-reviewfix/ModuleCache.noindex/libDER-B1GNCKHYYP5XS5TPY4XS1BUV7.pcm /Users/marcboyer/LogicAudioAssistant/.build/xcode-release-reviewfix/ModuleCache.noindex/CoreFoundation-608YLRQF7KP9OP338B9BGET4L.pcm /Users/marcboyer/LogicAudioAssistant/.build/xcode-release-reviewfix/ModuleCache.noindex/os_object-D5CL3IB6WSXWFIAROWRK10P2J.pcm /Users/marcboyer/LogicAudioAssistant/.build/xcode-release-reviewfix/ModuleCache.noindex/Metal-C3YG91B7VN6YPOEWBKKBJBKWU.pcm /Users/marcboyer/LogicAudioAssistant/.build/xcode-release-reviewfix/ModuleCache.noindex/CoreTransferable-CGX7WDLPI1ANVP3J0UQJIFAZ7.pcm /Users/marcboyer/LogicAudioAssistant/.build/xcode-release-reviewfix/ModuleCache.noindex/CoreGraphics-84X8IRL414PSX1JMRTMCWD8Y9.pcm /Users/marcboyer/LogicAudioAssistant/.build/xcode-release-reviewfix/ModuleCache.noindex/LocalAuthentication-CC4IYRDEDZAUVZ0EIWGGFGFEY.pcm /Users/marcboyer/LogicAudioAssistant/.build/xcode-release-reviewfix/ModuleCache.noindex/SwiftShims-CUX3A0TB62NGY33ZT4Q0SO22J.pcm /Users/marcboyer/LogicAudioAssistant/.build/xcode-release-reviewfix/ModuleCache.noindex/CoreServices-1M1WUIDAYFGL66MBP72IVLZOB.pcm /Users/marcboyer/LogicAudioAssistant/.build/xcode-release-reviewfix/ModuleCache.noindex/Spatial-8PBJW62WS774VP9FAHDNK3QME.pcm /Users/marcboyer/LogicAudioAssistant/.build/xcode-release-reviewfix/ModuleCache.noindex/_Builtin_float-5R2UINMN9L91RWGT6OT8ABUIQ.pcm /Users/marcboyer/LogicAudioAssistant/.build/xcode-release-reviewfix/ModuleCache.noindex/sys_types-62X0RFAO1T07ID6H9QNK9FW4I.pcm /Users/marcboyer/LogicAudioAssistant/.build/xcode-release-reviewfix/ModuleCache.noindex/ObjectiveC-A4ASO8WBMH3J1EIDI52P3U0K7.pcm /Users/marcboyer/LogicAudioAssistant/.build/xcode-release-reviewfix/ModuleCache.noindex/_Builtin_stddef-48R31SFXF0EDU179M0TI36NZN.pcm /Users/marcboyer/LogicAudioAssistant/.build/xcode-release-reviewfix/ModuleCache.noindex/XPC-6P49AK1FVMZ0QLVI1FWJY8FUU.pcm /Users/marcboyer/LogicAudioAssistant/.build/xcode-release-reviewfix/ModuleCache.noindex/_Builtin_tgmath-1AKCRC26GU0IX0D1B1LCIA5KR.pcm /Users/marcboyer/LogicAudioAssistant/.build/xcode-release-reviewfix/Build/Intermediates.noindex/SwiftExplicitPrecompiledModules/CAtomics-DA9ZLSI8OU8OEPCK82XECC9UR.pcm /Users/marcboyer/LogicAudioAssistant/.build/xcode-release-reviewfix/ModuleCache.noindex/ColorSync-34RIUJ9MTLINKKOHEKB2WU8YA.pcm /Users/marcboyer/LogicAudioAssistant/.build/xcode-release-reviewfix/ModuleCache.noindex/CFNetwork-DCOK03ZG7J5FK41HS656DYLAB.pcm /Users/marcboyer/LogicAudioAssistant/.build/xcode-release-reviewfix/ModuleCache.noindex/Security-2ZYGTAZHFO7YKSB8QH4RI46TN.pcm /Users/marcboyer/LogicAudioAssistant/.build/xcode-release-reviewfix/ModuleCache.noindex/_DarwinFoundation1-CYEM2TCTCHPK037IGQ2AGJFID.pcm /Users/marcboyer/LogicAudioAssistant/.build/xcode-release-reviewfix/ModuleCache.noindex/_Builtin_stdatomic-8S1F6VMDM118TPYJ7KFJV0MPC.pcm /Users/marcboyer/LogicAudioAssistant/.build/xcode-release-reviewfix/ModuleCache.noindex/CoreData-EFSQP503TTSWC9ATHXCM79VX8.pcm /Users/marcboyer/LogicAudioAssistant/.build/xcode-release-reviewfix/ModuleCache.noindex/Dispatch-CUQGM1TJMSISSLM5Z92C0XTXR.pcm /Users/marcboyer/LogicAudioAssistant/.build/xcode-release-reviewfix/ModuleCache.noindex/_Builtin_inttypes-364ERU32814XYMNW9SAVWWGAK.pcm /Users/marcboyer/LogicAudioAssistant/.build/xcode-release-reviewfix/ModuleCache.noindex/CoreVideo-1GE610X4AXGA98R46MBTOU186.pcm /Users/marcboyer/LogicAudioAssistant/.build/xcode-release-reviewfix/ModuleCache.noindex/CoreImage-F20H4G0ON77W27RZQYBZSEBN9.pcm /Users/marcboyer/LogicAudioAssistant/.build/xcode-release-reviewfix/ModuleCache.noindex/_Builtin_stdarg-CWWWL82UT7IK5S1LU2O31362H.pcm /Users/marcboyer/LogicAudioAssistant/.build/xcode-release-reviewfix/ModuleCache.noindex/_Builtin_stdbool-EGVF9C21Q9GXEBEYUU0SJOSN7.pcm /Users/marcboyer/LogicAudioAssistant/.build/xcode-release-reviewfix/ModuleCache.noindex/DiskArbitration-F17P3FCPVJQI0VM03KID3J11B.pcm /Users/marcboyer/LogicAudioAssistant/.build/xcode-release-reviewfix/ModuleCache.noindex/_DarwinFoundation3-6G3O5TG2GZYAT0U5YTIH7PTLY.pcm /Users/marcboyer/LogicAudioAssistant/.build/xcode-release-reviewfix/ModuleCache.noindex/AppKit-3NPMBT5GFBWTB58JM61Z8HEAW.pcm /Users/marcboyer/LogicAudioAssistant/.build/xcode-release-reviewfix/ModuleCache.noindex/Darwin-EOVFZ2A7A6Y7YSD0R2FZ6CDPQ.pcm /Users/marcboyer/LogicAudioAssistant/.build/xcode-release-reviewfix/ModuleCache.noindex/Symbols-A7HSGR9ZWXBM72CMNMACIALXH.pcm /Users/marcboyer/LogicAudioAssistant/.build/xcode-release-reviewfix/ModuleCache.noindex/OSLog-6EER0KP492JDO2OMI56O0BO2W.pcm /Users/marcboyer/LogicAudioAssistant/.build/xcode-release-reviewfix/ModuleCache.noindex/ImageIO-EB7KMCTICAN7KG1VPMUW2BDM8.pcm /Users/marcboyer/LogicAudioAssistant/.build/xcode-release-reviewfix/ModuleCache.noindex/ptrauth-64OXNBF3VV5OQLDK24WP1L156.pcm /Users/marcboyer/LogicAudioAssistant/.build/xcode-release-reviewfix/ModuleCache.noindex/os_workgroup-8BYCFEZ17OB5P95BFB4Z1QAYY.pcm /Users/marcboyer/LogicAudioAssistant/.build/xcode-release-reviewfix/ModuleCache.noindex/QuartzCore-4Q4TMQ5VRIIRVGQYJWG0L6QL6.pcm /Users/marcboyer/LogicAudioAssistant/.build/xcode-release-reviewfix/ModuleCache.noindex/OpenGL-AB6YCG9WNC92FWDYAA39CDKT1.pcm /Users/marcboyer/LogicAudioAssistant/.build/xcode-release-reviewfix/ModuleCache.noindex/simd-49C6YTZ3W9JGSKISTVDQHTSLU.pcm /Users/marcboyer/LogicAudioAssistant/.build/xcode-release-reviewfix/ModuleCache.noindex/UniformTypeIdentifiers-9KU6S3Z4MLE1MRSRBYDANDXXR.pcm /Users/marcboyer/LogicAudioAssistant/.build/xcode-release-reviewfix/ModuleCache.noindex/CoreText-1YKQF735S54OEFLXIQI1I7JGB.pcm /Users/marcboyer/LogicAudioAssistant/.build/xcode-release-reviewfix/ModuleCache.noindex/MachO-1DVCBDOQTFP9F50B55M42QA85.pcm /Users/marcboyer/LogicAudioAssistant/.build/xcode-release-reviewfix/ModuleCache.noindex/ApplicationServices-DE8A07JHMTHSTBAEK4A10G6AM.pcm /Users/marcboyer/LogicAudioAssistant/.build/xcode-release-reviewfix/ModuleCache.noindex/IOKit-32EHD05OB5G07QM5B2WIXNRGF.pcm /Users/marcboyer/LogicAudioAssistant/.build/xcode-release-reviewfix/ModuleCache.noindex/_Builtin_intrinsics-7JS8OFA6JWHNKQFYIZ24VIIMD.pcm /Users/marcboyer/LogicAudioAssistant/.build/xcode-release-reviewfix/ModuleCache.noindex/launch-BG9N65BE7P5Z2OTZDEFKS9Z9I.pcm /Users/marcboyer/LogicAudioAssistant/.build/xcode-release-reviewfix/ModuleCache.noindex/IOSurface-4F7O0Q4UPR5ZN4XE0D5D21QGI.pcm /Users/marcboyer/LogicAudioAssistant/.build/xcode-release-reviewfix/Build/Intermediates.noindex/LogicAudioAssistant.build/Release/TutorLogicObserver.build/Objects-normal/arm64/TutorLogicObserver-dependencies-1.json (in target 'TutorLogicObserver' from project 'LogicAudioAssistant' at path '/Users/marcboyer/LogicAudioAssistant/Package.swift')

SwiftCompile normal arm64 /Users/marcboyer/LogicAudioAssistant/packages/TutorLogicObserver/Sources/TutorLogicObserver/LogicReadOnlyObserver.swift (in target 'TutorLogicObserver' from project 'LogicAudioAssistant' at path '/Users/marcboyer/LogicAudioAssistant/Package.swift')
    cd /Users/marcboyer/LogicAudioAssistant/LogicAudioAssistant.xcodeproj
    

SwiftDriverJobDiscovery normal arm64 Compiling LogicReadOnlyObserver.swift (in target 'TutorLogicObserver' from project 'LogicAudioAssistant' at path '/Users/marcboyer/LogicAudioAssistant/Package.swift')

SwiftDriver\ Compilation\ Requirements TutorLogicObserver normal arm64 com.apple.xcode.tools.swift.compiler (in target 'TutorLogicObserver' from project 'LogicAudioAssistant' at path '/Users/marcboyer/LogicAudioAssistant/Package.swift')
    cd /Users/marcboyer/LogicAudioAssistant/LogicAudioAssistant.xcodeproj
    builtin-Swift-Compilation-Requirements -- /Applications/Xcode.app/Contents/Developer/Toolchains/XcodeDefault.xctoolchain/usr/bin/swiftc -module-name TutorLogicObserver -O -whole-module-optimization @/Users/marcboyer/LogicAudioAssistant/.build/xcode-release-reviewfix/Build/Intermediates.noindex/LogicAudioAssistant.build/Release/TutorLogicObserver.build/Objects-normal/arm64/TutorLogicObserver.SwiftFileList -DSWIFT_PACKAGE -DSWIFT_MODULE_RESOURCE_BUNDLE_UNAVAILABLE -Xcc -fmodule-map-file\=/Users/marcboyer/LogicAudioAssistant/.build/xcode-release-reviewfix/Build/Intermediates.noindex/GeneratedModuleMaps/CAtomics.modulemap -DXcode -plugin-path /Applications/Xcode.app/Contents/Developer/Toolchains/XcodeDefault.xctoolchain/usr/lib/swift/host/plugins/testing -enable-experimental-feature DebugDescriptionMacro -sdk /Applications/Xcode.app/Contents/Developer/Platforms/MacOSX.platform/Developer/SDKs/MacOSX26.5.sdk -target arm64-apple-macos14.0 -g -module-cache-path /Users/marcboyer/LogicAudioAssistant/.build/xcode-release-reviewfix/ModuleCache.noindex -Xfrontend -serialize-debugging-options -swift-version 6 -I /Users/marcboyer/LogicAudioAssistant/.build/xcode-release-reviewfix/Build/Products/Release -Isystem /Applications/Xcode.app/Contents/Developer/Platforms/MacOSX.platform/Developer/usr/lib -F /Users/marcboyer/LogicAudioAssistant/.build/xcode-release-reviewfix/Build/Products/Release/PackageFrameworks -F /Users/marcboyer/LogicAudioAssistant/.build/xcode-release-reviewfix/Build/Products/Release/PackageFrameworks -F /Users/marcboyer/LogicAudioAssistant/.build/xcode-release-reviewfix/Build/Products/Release/PackageFrameworks -F /Users/marcboyer/LogicAudioAssistant/.build/xcode-release-reviewfix/Build/Products/Release/PackageFrameworks -F /Users/marcboyer/LogicAudioAssistant/.build/xcode-release-reviewfix/Build/Products/Release/PackageFrameworks -F /Users/marcboyer/LogicAudioAssistant/.build/xcode-release-reviewfix/Build/Products/Release/PackageFrameworks -F /Users/marcboyer/LogicAudioAssistant/.build/xcode-release-reviewfix/Build/Products/Release/PackageFrameworks -F /Users/marcboyer/LogicAudioAssistant/.build/xcode-release-reviewfix/Build/Products/Release/PackageFrameworks -F /Users/marcboyer/LogicAudioAssistant/.build/xcode-release-reviewfix/Build/Products/Release/PackageFrameworks -F /Users/marcboyer/LogicAudioAssistant/.build/xcode-release-reviewfix/Build/Products/Release -F /Applications/Xcode.app/Contents/Developer/Platforms/MacOSX.platform/Developer/Library/Frameworks -parse-as-library -c -num-threads 10 -Xcc -ivfsstatcache -Xcc /Users/marcboyer/LogicAudioAssistant/.build/xcode-release-reviewfix/SDKStatCaches.noindex/macosx26.5-25F70-e082c4a02f00227109f4ed75e425c832.sdkstatcache -output-file-map /Users/marcboyer/LogicAudioAssistant/.build/xcode-release-reviewfix/Build/Intermediates.noindex/LogicAudioAssistant.build/Release/TutorLogicObserver.build/Objects-normal/arm64/TutorLogicObserver-OutputFileMap.json -use-frontend-parseable-output -save-temps -no-color-diagnostics -explicit-module-build -module-cache-path /Users/marcboyer/LogicAudioAssistant/.build/xcode-release-reviewfix/Build/Intermediates.noindex/SwiftExplicitPrecompiledModules -clang-scanner-module-cache-path /Users/marcboyer/LogicAudioAssistant/.build/xcode-release-reviewfix/ModuleCache.noindex -sdk-module-cache-path /Users/marcboyer/LogicAudioAssistant/.build/xcode-release-reviewfix/ModuleCache.noindex -serialize-diagnostics -emit-dependencies -emit-module -emit-module-path /Users/marcboyer/LogicAudioAssistant/.build/xcode-release-reviewfix/Build/Intermediates.noindex/LogicAudioAssistant.build/Release/TutorLogicObserver.build/Objects-normal/arm64/TutorLogicObserver.swiftmodule -validate-clang-modules-once -clang-build-session-file /Users/marcboyer/LogicAudioAssistant/.build/xcode-release-reviewfix/ModuleCache.noindex/Session.modulevalidation -package-name logicaudioassistant -Xcc -I/Users/marcboyer/LogicAudioAssistant/.build/xcode-release-reviewfix/Build/Intermediates.noindex/LogicAudioAssistant.build/Release/TutorLogicObserver.build/swift-overrides.hmap -emit-const-values -Xfrontend -const-gather-protocols-file -Xfrontend /Users/marcboyer/LogicAudioAssistant/.build/xcode-release-reviewfix/Build/Intermediates.noindex/LogicAudioAssistant.build/Release/TutorLogicObserver.build/Objects-normal/arm64/TutorLogicObserver_const_extract_protocols.json -Xcc -I/Users/marcboyer/LogicAudioAssistant/packages/CAtomics/include -Xcc -I/Users/marcboyer/LogicAudioAssistant/.build/xcode-release-reviewfix/Build/Products/Release/include -Xcc -I/Users/marcboyer/LogicAudioAssistant/.build/xcode-release-reviewfix/Build/Intermediates.noindex/LogicAudioAssistant.build/Release/TutorLogicObserver.build/DerivedSources-normal/arm64 -Xcc -I/Users/marcboyer/LogicAudioAssistant/.build/xcode-release-reviewfix/Build/Intermediates.noindex/LogicAudioAssistant.build/Release/TutorLogicObserver.build/DerivedSources/arm64 -Xcc -I/Users/marcboyer/LogicAudioAssistant/.build/xcode-release-reviewfix/Build/Intermediates.noindex/LogicAudioAssistant.build/Release/TutorLogicObserver.build/DerivedSources -Xcc -DSWIFT_PACKAGE -emit-objc-header -emit-objc-header-path /Users/marcboyer/LogicAudioAssistant/.build/xcode-release-reviewfix/Build/Intermediates.noindex/LogicAudioAssistant.build/Release/TutorLogicObserver.build/Objects-normal/arm64/TutorLogicObserver-Swift.h -working-directory /Users/marcboyer/LogicAudioAssistant/LogicAudioAssistant.xcodeproj -no-emit-module-separately-wmo

SwiftMergeGeneratedHeaders /Users/marcboyer/LogicAudioAssistant/.build/xcode-release-reviewfix/Build/Intermediates.noindex/GeneratedModuleMaps/TutorLogicObserver-Swift.h /Users/marcboyer/LogicAudioAssistant/.build/xcode-release-reviewfix/Build/Intermediates.noindex/LogicAudioAssistant.build/Release/TutorLogicObserver.build/Objects-normal/arm64/TutorLogicObserver-Swift.h (in target 'TutorLogicObserver' from project 'LogicAudioAssistant' at path '/Users/marcboyer/LogicAudioAssistant/Package.swift')
    cd /Users/marcboyer/LogicAudioAssistant
    builtin-swiftHeaderTool -arch arm64 /Users/marcboyer/LogicAudioAssistant/.build/xcode-release-reviewfix/Build/Intermediates.noindex/LogicAudioAssistant.build/Release/TutorLogicObserver.build/Objects-normal/arm64/TutorLogicObserver-Swift.h -o /Users/marcboyer/LogicAudioAssistant/.build/xcode-release-reviewfix/Build/Intermediates.noindex/GeneratedModuleMaps/TutorLogicObserver-Swift.h

Copy /Users/marcboyer/LogicAudioAssistant/.build/xcode-release-reviewfix/Build/Products/Release/TutorLogicObserver.swiftmodule/arm64-apple-macos.swiftmodule /Users/marcboyer/LogicAudioAssistant/.build/xcode-release-reviewfix/Build/Intermediates.noindex/LogicAudioAssistant.build/Release/TutorLogicObserver.build/Objects-normal/arm64/TutorLogicObserver.swiftmodule (in target 'TutorLogicObserver' from project 'LogicAudioAssistant' at path '/Users/marcboyer/LogicAudioAssistant/Package.swift')
    cd /Users/marcboyer/LogicAudioAssistant
    builtin-copy -exclude .DS_Store -exclude CVS -exclude .svn -exclude .git -exclude .hg -strip-unsigned-binaries -strip-deterministic -strip-tool /Applications/Xcode.app/Contents/Developer/Toolchains/XcodeDefault.xctoolchain/usr/bin/strip -resolve-src-symlinks -rename /Users/marcboyer/LogicAudioAssistant/.build/xcode-release-reviewfix/Build/Intermediates.noindex/LogicAudioAssistant.build/Release/TutorLogicObserver.build/Objects-normal/arm64/TutorLogicObserver.swiftmodule /Users/marcboyer/LogicAudioAssistant/.build/xcode-release-reviewfix/Build/Products/Release/TutorLogicObserver.swiftmodule/arm64-apple-macos.swiftmodule

Copy /Users/marcboyer/LogicAudioAssistant/.build/xcode-release-reviewfix/Build/Products/Release/TutorLogicObserver.swiftmodule/arm64-apple-macos.abi.json /Users/marcboyer/LogicAudioAssistant/.build/xcode-release-reviewfix/Build/Intermediates.noindex/LogicAudioAssistant.build/Release/TutorLogicObserver.build/Objects-normal/arm64/TutorLogicObserver.abi.json (in target 'TutorLogicObserver' from project 'LogicAudioAssistant' at path '/Users/marcboyer/LogicAudioAssistant/Package.swift')
    cd /Users/marcboyer/LogicAudioAssistant
    builtin-copy -exclude .DS_Store -exclude CVS -exclude .svn -exclude .git -exclude .hg -strip-unsigned-binaries -strip-deterministic -strip-tool /Applications/Xcode.app/Contents/Developer/Toolchains/XcodeDefault.xctoolchain/usr/bin/strip -resolve-src-symlinks -rename /Users/marcboyer/LogicAudioAssistant/.build/xcode-release-reviewfix/Build/Intermediates.noindex/LogicAudioAssistant.build/Release/TutorLogicObserver.build/Objects-normal/arm64/TutorLogicObserver.abi.json /Users/marcboyer/LogicAudioAssistant/.build/xcode-release-reviewfix/Build/Products/Release/TutorLogicObserver.swiftmodule/arm64-apple-macos.abi.json

Copy /Users/marcboyer/LogicAudioAssistant/.build/xcode-release-reviewfix/Build/Products/Release/TutorLogicObserver.swiftmodule/arm64-apple-macos.swiftdoc /Users/marcboyer/LogicAudioAssistant/.build/xcode-release-reviewfix/Build/Intermediates.noindex/LogicAudioAssistant.build/Release/TutorLogicObserver.build/Objects-normal/arm64/TutorLogicObserver.swiftdoc (in target 'TutorLogicObserver' from project 'LogicAudioAssistant' at path '/Users/marcboyer/LogicAudioAssistant/Package.swift')
    cd /Users/marcboyer/LogicAudioAssistant
    builtin-copy -exclude .DS_Store -exclude CVS -exclude .svn -exclude .git -exclude .hg -strip-unsigned-binaries -strip-deterministic -strip-tool /Applications/Xcode.app/Contents/Developer/Toolchains/XcodeDefault.xctoolchain/usr/bin/strip -resolve-src-symlinks -rename /Users/marcboyer/LogicAudioAssistant/.build/xcode-release-reviewfix/Build/Intermediates.noindex/LogicAudioAssistant.build/Release/TutorLogicObserver.build/Objects-normal/arm64/TutorLogicObserver.swiftdoc /Users/marcboyer/LogicAudioAssistant/.build/xcode-release-reviewfix/Build/Products/Release/TutorLogicObserver.swiftmodule/arm64-apple-macos.swiftdoc

Copy /Users/marcboyer/LogicAudioAssistant/.build/xcode-release-reviewfix/Build/Products/Release/TutorLogicObserver.swiftmodule/Project/arm64-apple-macos.swiftsourceinfo /Users/marcboyer/LogicAudioAssistant/.build/xcode-release-reviewfix/Build/Intermediates.noindex/LogicAudioAssistant.build/Release/TutorLogicObserver.build/Objects-normal/arm64/TutorLogicObserver.swiftsourceinfo (in target 'TutorLogicObserver' from project 'LogicAudioAssistant' at path '/Users/marcboyer/LogicAudioAssistant/Package.swift')
    cd /Users/marcboyer/LogicAudioAssistant
    builtin-copy -exclude .DS_Store -exclude CVS -exclude .svn -exclude .git -exclude .hg -strip-unsigned-binaries -strip-deterministic -strip-tool /Applications/Xcode.app/Contents/Developer/Toolchains/XcodeDefault.xctoolchain/usr/bin/strip -resolve-src-symlinks -rename /Users/marcboyer/LogicAudioAssistant/.build/xcode-release-reviewfix/Build/Intermediates.noindex/LogicAudioAssistant.build/Release/TutorLogicObserver.build/Objects-normal/arm64/TutorLogicObserver.swiftsourceinfo /Users/marcboyer/LogicAudioAssistant/.build/xcode-release-reviewfix/Build/Products/Release/TutorLogicObserver.swiftmodule/Project/arm64-apple-macos.swiftsourceinfo

Ld /Users/marcboyer/LogicAudioAssistant/.build/xcode-release-reviewfix/Build/Products/Release/TutorLogicObserver.o normal (in target 'TutorLogicObserver' from project 'LogicAudioAssistant' at path '/Users/marcboyer/LogicAudioAssistant/Package.swift')
    cd /Users/marcboyer/LogicAudioAssistant
    /Applications/Xcode.app/Contents/Developer/Toolchains/XcodeDefault.xctoolchain/usr/bin/clang -Xlinker -reproducible -target arm64-apple-macos14.0 -r -isysroot /Applications/Xcode.app/Contents/Developer/Platforms/MacOSX.platform/Developer/SDKs/MacOSX26.5.sdk -Os -F/Users/marcboyer/LogicAudioAssistant/.build/xcode-release-reviewfix/Build/Intermediates.noindex/EagerLinkingTBDs/Release -F/Users/marcboyer/LogicAudioAssistant/.build/xcode-release-reviewfix/Build/Products/Release/PackageFrameworks -F/Users/marcboyer/LogicAudioAssistant/.build/xcode-release-reviewfix/Build/Products/Release/PackageFrameworks -F/Users/marcboyer/LogicAudioAssistant/.build/xcode-release-reviewfix/Build/Products/Release/PackageFrameworks -F/Users/marcboyer/LogicAudioAssistant/.build/xcode-release-reviewfix/Build/Products/Release/PackageFrameworks -F/Users/marcboyer/LogicAudioAssistant/.build/xcode-release-reviewfix/Build/Products/Release/PackageFrameworks -F/Users/marcboyer/LogicAudioAssistant/.build/xcode-release-reviewfix/Build/Products/Release/PackageFrameworks -F/Users/marcboyer/LogicAudioAssistant/.build/xcode-release-reviewfix/Build/Products/Release/PackageFrameworks -F/Users/marcboyer/LogicAudioAssistant/.build/xcode-release-reviewfix/Build/Products/Release/PackageFrameworks -F/Users/marcboyer/LogicAudioAssistant/.build/xcode-release-reviewfix/Build/Products/Release/PackageFrameworks -F/Users/marcboyer/LogicAudioAssistant/.build/xcode-release-reviewfix/Build/Products/Release -iframework /Applications/Xcode.app/Contents/Developer/Platforms/MacOSX.platform/Developer/Library/Frameworks -filelist /Users/marcboyer/LogicAudioAssistant/.build/xcode-release-reviewfix/Build/Intermediates.noindex/LogicAudioAssistant.build/Release/TutorLogicObserver.build/Objects-normal/arm64/TutorLogicObserver.LinkFileList -nostdlib -Xlinker -object_path_lto -Xlinker /Users/marcboyer/LogicAudioAssistant/.build/xcode-release-reviewfix/Build/Intermediates.noindex/LogicAudioAssistant.build/Release/TutorLogicObserver.build/Objects-normal/arm64/TutorLogicObserver_lto.o -Xlinker -dependency_info -Xlinker /Users/marcboyer/LogicAudioAssistant/.build/xcode-release-reviewfix/Build/Intermediates.noindex/LogicAudioAssistant.build/Release/TutorLogicObserver.build/Objects-normal/arm64/TutorLogicObserver_dependency_info.dat -fobjc-link-runtime -L/Applications/Xcode.app/Contents/Developer/Toolchains/XcodeDefault.xctoolchain/usr/lib/swift/macosx -L/usr/lib/swift -Xlinker -add_ast_path -Xlinker /Users/marcboyer/LogicAudioAssistant/.build/xcode-release-reviewfix/Build/Intermediates.noindex/LogicAudioAssistant.build/Release/TutorLogicObserver.build/Objects-normal/arm64/TutorLogicObserver.swiftmodule @/Users/marcboyer/LogicAudioAssistant/.build/xcode-release-reviewfix/Build/Intermediates.noindex/LogicAudioAssistant.build/Release/TutorLogicObserver.build/Objects-normal/arm64/TutorLogicObserver-linker-args.resp -o /Users/marcboyer/LogicAudioAssistant/.build/xcode-release-reviewfix/Build/Products/Release/TutorLogicObserver.o

MkDir /Users/marcboyer/LogicAudioAssistant/.build/xcode-release-reviewfix/Build/Intermediates.noindex/LogicAudioAssistant.build/Release/CompanionMacApp.build/assetcatalog_output/thinned (in target 'CompanionMacApp' from project 'LogicAudioAssistant' at path '/Users/marcboyer/LogicAudioAssistant/LogicAudioAssistant.xcodeproj')
    cd /Users/marcboyer/LogicAudioAssistant
    /bin/mkdir -p /Users/marcboyer/LogicAudioAssistant/.build/xcode-release-reviewfix/Build/Intermediates.noindex/LogicAudioAssistant.build/Release/CompanionMacApp.build/assetcatalog_output/thinned

MkDir /Users/marcboyer/LogicAudioAssistant/.build/xcode-release-reviewfix/Build/Intermediates.noindex/LogicAudioAssistant.build/Release/CompanionMacApp.build/assetcatalog_output/unthinned (in target 'CompanionMacApp' from project 'LogicAudioAssistant' at path '/Users/marcboyer/LogicAudioAssistant/LogicAudioAssistant.xcodeproj')
    cd /Users/marcboyer/LogicAudioAssistant
    /bin/mkdir -p /Users/marcboyer/LogicAudioAssistant/.build/xcode-release-reviewfix/Build/Intermediates.noindex/LogicAudioAssistant.build/Release/CompanionMacApp.build/assetcatalog_output/unthinned

GenerateAssetSymbols /Users/marcboyer/LogicAudioAssistant/apps/CompanionMacApp/Assets.xcassets (in target 'CompanionMacApp' from project 'LogicAudioAssistant' at path '/Users/marcboyer/LogicAudioAssistant/LogicAudioAssistant.xcodeproj')
    cd /Users/marcboyer/LogicAudioAssistant
    /Applications/Xcode.app/Contents/Developer/usr/bin/actool /Users/marcboyer/LogicAudioAssistant/apps/CompanionMacApp/Assets.xcassets --compile /Users/marcboyer/LogicAudioAssistant/.build/xcode-release-reviewfix/Build/Products/Release/Logic\ Audio\ Assistant.app/Contents/Resources --output-format human-readable-text --notices --warnings --export-dependency-info /Users/marcboyer/LogicAudioAssistant/.build/xcode-release-reviewfix/Build/Intermediates.noindex/LogicAudioAssistant.build/Release/CompanionMacApp.build/assetcatalog_dependencies --output-partial-info-plist /Users/marcboyer/LogicAudioAssistant/.build/xcode-release-reviewfix/Build/Intermediates.noindex/LogicAudioAssistant.build/Release/CompanionMacApp.build/assetcatalog_generated_info.plist --app-icon AppIcon --enable-on-demand-resources NO --development-region en --target-device mac --minimum-deployment-target 14.0 --platform macosx --bundle-identifier com.marcboyer.logicaudioassistant --generate-swift-asset-symbol-extensions NO --generate-swift-asset-symbols /Users/marcboyer/LogicAudioAssistant/.build/xcode-release-reviewfix/Build/Intermediates.noindex/LogicAudioAssistant.build/Release/CompanionMacApp.build/DerivedSources/GeneratedAssetSymbols.swift --generate-objc-asset-symbols /Users/marcboyer/LogicAudioAssistant/.build/xcode-release-reviewfix/Build/Intermediates.noindex/LogicAudioAssistant.build/Release/CompanionMacApp.build/DerivedSources/GeneratedAssetSymbols.h --generate-asset-symbol-index /Users/marcboyer/LogicAudioAssistant/.build/xcode-release-reviewfix/Build/Intermediates.noindex/LogicAudioAssistant.build/Release/CompanionMacApp.build/DerivedSources/GeneratedAssetSymbols-Index.plist
/* com.apple.actool.compilation-results */
/Users/marcboyer/LogicAudioAssistant/.build/xcode-release-reviewfix/Build/Intermediates.noindex/LogicAudioAssistant.build/Release/CompanionMacApp.build/DerivedSources/GeneratedAssetSymbols-Index.plist
/Users/marcboyer/LogicAudioAssistant/.build/xcode-release-reviewfix/Build/Intermediates.noindex/LogicAudioAssistant.build/Release/CompanionMacApp.build/DerivedSources/GeneratedAssetSymbols.h
/Users/marcboyer/LogicAudioAssistant/.build/xcode-release-reviewfix/Build/Intermediates.noindex/LogicAudioAssistant.build/Release/CompanionMacApp.build/DerivedSources/GeneratedAssetSymbols.swift


CompileAssetCatalogVariant thinned /Users/marcboyer/LogicAudioAssistant/.build/xcode-release-reviewfix/Build/Products/Release/Logic\ Audio\ Assistant.app/Contents/Resources /Users/marcboyer/LogicAudioAssistant/apps/CompanionMacApp/Assets.xcassets (in target 'CompanionMacApp' from project 'LogicAudioAssistant' at path '/Users/marcboyer/LogicAudioAssistant/LogicAudioAssistant.xcodeproj')
    cd /Users/marcboyer/LogicAudioAssistant
    /Applications/Xcode.app/Contents/Developer/usr/bin/actool /Users/marcboyer/LogicAudioAssistant/apps/CompanionMacApp/Assets.xcassets --compile /Users/marcboyer/LogicAudioAssistant/.build/xcode-release-reviewfix/Build/Intermediates.noindex/LogicAudioAssistant.build/Release/CompanionMacApp.build/assetcatalog_output/thinned --output-format human-readable-text --notices --warnings --export-dependency-info /Users/marcboyer/LogicAudioAssistant/.build/xcode-release-reviewfix/Build/Intermediates.noindex/LogicAudioAssistant.build/Release/CompanionMacApp.build/assetcatalog_dependencies_thinned --output-partial-info-plist /Users/marcboyer/LogicAudioAssistant/.build/xcode-release-reviewfix/Build/Intermediates.noindex/LogicAudioAssistant.build/Release/CompanionMacApp.build/assetcatalog_generated_info.plist_thinned --app-icon AppIcon --enable-on-demand-resources NO --development-region en --target-device mac --minimum-deployment-target 14.0 --platform macosx
/* com.apple.actool.compilation-results */
/Users/marcboyer/LogicAudioAssistant/.build/xcode-release-reviewfix/Build/Intermediates.noindex/LogicAudioAssistant.build/Release/CompanionMacApp.build/assetcatalog_generated_info.plist_thinned
/Users/marcboyer/LogicAudioAssistant/.build/xcode-release-reviewfix/Build/Intermediates.noindex/LogicAudioAssistant.build/Release/CompanionMacApp.build/assetcatalog_output/thinned/AppIcon.icns
/Users/marcboyer/LogicAudioAssistant/.build/xcode-release-reviewfix/Build/Intermediates.noindex/LogicAudioAssistant.build/Release/CompanionMacApp.build/assetcatalog_output/thinned/Assets.car


SwiftDriver CompanionMacApp normal arm64 com.apple.xcode.tools.swift.compiler (in target 'CompanionMacApp' from project 'LogicAudioAssistant' at path '/Users/marcboyer/LogicAudioAssistant/LogicAudioAssistant.xcodeproj')
    cd /Users/marcboyer/LogicAudioAssistant
    builtin-SwiftDriver -- /Applications/Xcode.app/Contents/Developer/Toolchains/XcodeDefault.xctoolchain/usr/bin/swiftc -module-name Logic_Audio_Assistant -O -whole-module-optimization @/Users/marcboyer/LogicAudioAssistant/.build/xcode-release-reviewfix/Build/Intermediates.noindex/LogicAudioAssistant.build/Release/CompanionMacApp.build/Objects-normal/arm64/Logic\ Audio\ Assistant.SwiftFileList -Xcc -fmodule-map-file\=/Users/marcboyer/LogicAudioAssistant/.build/xcode-release-reviewfix/Build/Intermediates.noindex/GeneratedModuleMaps/CAtomics.modulemap -enable-experimental-feature DebugDescriptionMacro -sdk /Applications/Xcode.app/Contents/Developer/Platforms/MacOSX.platform/Developer/SDKs/MacOSX26.5.sdk -target arm64-apple-macos14.0 -g -module-cache-path /Users/marcboyer/LogicAudioAssistant/.build/xcode-release-reviewfix/ModuleCache.noindex -Xfrontend -serialize-debugging-options -swift-version 6 -I /Users/marcboyer/LogicAudioAssistant/.build/xcode-release-reviewfix/Build/Products/Release -F /Users/marcboyer/LogicAudioAssistant/.build/xcode-release-reviewfix/Build/Products/Release/PackageFrameworks -F /Users/marcboyer/LogicAudioAssistant/.build/xcode-release-reviewfix/Build/Products/Release/PackageFrameworks -F /Users/marcboyer/LogicAudioAssistant/.build/xcode-release-reviewfix/Build/Products/Release/PackageFrameworks -F /Users/marcboyer/LogicAudioAssistant/.build/xcode-release-reviewfix/Build/Products/Release/PackageFrameworks -F /Users/marcboyer/LogicAudioAssistant/.build/xcode-release-reviewfix/Build/Products/Release/PackageFrameworks -F /Users/marcboyer/LogicAudioAssistant/.build/xcode-release-reviewfix/Build/Products/Release/PackageFrameworks -F /Users/marcboyer/LogicAudioAssistant/.build/xcode-release-reviewfix/Build/Products/Release/PackageFrameworks -F /Users/marcboyer/LogicAudioAssistant/.build/xcode-release-reviewfix/Build/Products/Release/PackageFrameworks -F /Users/marcboyer/LogicAudioAssistant/.build/xcode-release-reviewfix/Build/Products/Release/PackageFrameworks -F /Users/marcboyer/LogicAudioAssistant/.build/xcode-release-reviewfix/Build/Products/Release/PackageFrameworks -F /Users/marcboyer/LogicAudioAssistant/.build/xcode-release-reviewfix/Build/Products/Release/PackageFrameworks -F /Users/marcboyer/LogicAudioAssistant/.build/xcode-release-reviewfix/Build/Products/Release/PackageFrameworks -F /Users/marcboyer/LogicAudioAssistant/.build/xcode-release-reviewfix/Build/Products/Release/PackageFrameworks -F /Users/marcboyer/LogicAudioAssistant/.build/xcode-release-reviewfix/Build/Products/Release/PackageFrameworks -F /Users/marcboyer/LogicAudioAssistant/.build/xcode-release-reviewfix/Build/Products/Release/PackageFrameworks -F /Users/marcboyer/LogicAudioAssistant/.build/xcode-release-reviewfix/Build/Products/Release/PackageFrameworks -F /Users/marcboyer/LogicAudioAssistant/.build/xcode-release-reviewfix/Build/Products/Release -c -num-threads 10 -Xcc -ivfsstatcache -Xcc /Users/marcboyer/LogicAudioAssistant/.build/xcode-release-reviewfix/SDKStatCaches.noindex/macosx26.5-25F70-e082c4a02f00227109f4ed75e425c832.sdkstatcache -output-file-map /Users/marcboyer/LogicAudioAssistant/.build/xcode-release-reviewfix/Build/Intermediates.noindex/LogicAudioAssistant.build/Release/CompanionMacApp.build/Objects-normal/arm64/CompanionMacApp-OutputFileMap.json -use-frontend-parseable-output -save-temps -no-color-diagnostics -explicit-module-build -module-cache-path /Users/marcboyer/LogicAudioAssistant/.build/xcode-release-reviewfix/Build/Intermediates.noindex/SwiftExplicitPrecompiledModules -clang-scanner-module-cache-path /Users/marcboyer/LogicAudioAssistant/.build/xcode-release-reviewfix/ModuleCache.noindex -sdk-module-cache-path /Users/marcboyer/LogicAudioAssistant/.build/xcode-release-reviewfix/ModuleCache.noindex -serialize-diagnostics -emit-dependencies -emit-module -emit-module-path /Users/marcboyer/LogicAudioAssistant/.build/xcode-release-reviewfix/Build/Intermediates.noindex/LogicAudioAssistant.build/Release/CompanionMacApp.build/Objects-normal/arm64/Logic_Audio_Assistant.swiftmodule -validate-clang-modules-once -clang-build-session-file /Users/marcboyer/LogicAudioAssistant/.build/xcode-release-reviewfix/ModuleCache.noindex/Session.modulevalidation -Xcc -I/Users/marcboyer/LogicAudioAssistant/.build/xcode-release-reviewfix/Build/Intermediates.noindex/LogicAudioAssistant.build/Release/CompanionMacApp.build/swift-overrides.hmap -emit-const-values -Xfrontend -const-gather-protocols-file -Xfrontend /Users/marcboyer/LogicAudioAssistant/.build/xcode-release-reviewfix/Build/Intermediates.noindex/LogicAudioAssistant.build/Release/CompanionMacApp.build/Objects-normal/arm64/CompanionMacApp_const_extract_protocols.json -Xcc -iquote -Xcc /Users/marcboyer/LogicAudioAssistant/.build/xcode-release-reviewfix/Build/Intermediates.noindex/LogicAudioAssistant.build/Release/CompanionMacApp.build/Logic\ Audio\ Assistant-generated-files.hmap -Xcc -I/Users/marcboyer/LogicAudioAssistant/.build/xcode-release-reviewfix/Build/Intermediates.noindex/LogicAudioAssistant.build/Release/CompanionMacApp.build/Logic\ Audio\ Assistant-own-target-headers.hmap -Xcc -I/Users/marcboyer/LogicAudioAssistant/.build/xcode-release-reviewfix/Build/Intermediates.noindex/LogicAudioAssistant.build/Release/CompanionMacApp.build/Logic\ Audio\ Assistant-all-non-framework-target-headers.hmap -Xcc -ivfsoverlay -Xcc /Users/marcboyer/LogicAudioAssistant/.build/xcode-release-reviewfix/Build/Intermediates.noindex/LogicAudioAssistant.build/Release/LogicAudioAssistant-ad80f5d6a5c2eb78a281f1b37698cd26-VFS/all-product-headers.yaml -Xcc -iquote -Xcc /Users/marcboyer/LogicAudioAssistant/.build/xcode-release-reviewfix/Build/Intermediates.noindex/LogicAudioAssistant.build/Release/CompanionMacApp.build/Logic\ Audio\ Assistant-project-headers.hmap -Xcc -I/Users/marcboyer/LogicAudioAssistant/packages/CAtomics/include -Xcc -I/Users/marcboyer/LogicAudioAssistant/.build/xcode-release-reviewfix/Build/Products/Release/include -Xcc -I/Users/marcboyer/LogicAudioAssistant/.build/xcode-release-reviewfix/Build/Intermediates.noindex/LogicAudioAssistant.build/Release/CompanionMacApp.build/DerivedSources-normal/arm64 -Xcc -I/Users/marcboyer/LogicAudioAssistant/.build/xcode-release-reviewfix/Build/Intermediates.noindex/LogicAudioAssistant.build/Release/CompanionMacApp.build/DerivedSources/arm64 -Xcc -I/Users/marcboyer/LogicAudioAssistant/.build/xcode-release-reviewfix/Build/Intermediates.noindex/LogicAudioAssistant.build/Release/CompanionMacApp.build/DerivedSources -emit-objc-header -emit-objc-header-path /Users/marcboyer/LogicAudioAssistant/.build/xcode-release-reviewfix/Build/Intermediates.noindex/LogicAudioAssistant.build/Release/CompanionMacApp.build/Objects-normal/arm64/Logic_Audio_Assistant-Swift.h -working-directory /Users/marcboyer/LogicAudioAssistant -no-emit-module-separately-wmo

ExtractAppIntentsMetadata (in target 'TutorLogicObserver' from project 'LogicAudioAssistant' at path '/Users/marcboyer/LogicAudioAssistant/Package.swift')
    cd /Users/marcboyer/LogicAudioAssistant
    /Applications/Xcode.app/Contents/Developer/Toolchains/XcodeDefault.xctoolchain/usr/bin/appintentsmetadataprocessor --toolchain-dir /Applications/Xcode.app/Contents/Developer/Toolchains/XcodeDefault.xctoolchain --module-name TutorLogicObserver --sdk-root /Applications/Xcode.app/Contents/Developer/Platforms/MacOSX.platform/Developer/SDKs/MacOSX26.5.sdk --xcode-version 17F113 --platform-family macOS --deployment-target 14.0 --bundle-identifier logicaudioassistant.TutorLogicObserver --output /Users/marcboyer/LogicAudioAssistant/.build/xcode-release-reviewfix/Build/Products/Release/TutorLogicObserver.appintents --target-triple arm64-apple-macos14.0 --binary-file /Users/marcboyer/LogicAudioAssistant/.build/xcode-release-reviewfix/Build/Products/Release/TutorLogicObserver.o --dependency-file /Users/marcboyer/LogicAudioAssistant/.build/xcode-release-reviewfix/Build/Intermediates.noindex/LogicAudioAssistant.build/Release/TutorLogicObserver.build/Objects-normal/arm64/TutorLogicObserver_dependency_info.dat --stringsdata-file /Users/marcboyer/LogicAudioAssistant/.build/xcode-release-reviewfix/Build/Intermediates.noindex/LogicAudioAssistant.build/Release/TutorLogicObserver.build/Objects-normal/arm64/ExtractedAppShortcutsMetadata.stringsdata --source-file-list /Users/marcboyer/LogicAudioAssistant/.build/xcode-release-reviewfix/Build/Intermediates.noindex/LogicAudioAssistant.build/Release/TutorLogicObserver.build/Objects-normal/arm64/TutorLogicObserver.SwiftFileList --metadata-file-list /Users/marcboyer/LogicAudioAssistant/.build/xcode-release-reviewfix/Build/Intermediates.noindex/LogicAudioAssistant.build/Release/TutorLogicObserver.build/TutorLogicObserver.DependencyMetadataFileList --static-metadata-file-list /Users/marcboyer/LogicAudioAssistant/.build/xcode-release-reviewfix/Build/Intermediates.noindex/LogicAudioAssistant.build/Release/TutorLogicObserver.build/TutorLogicObserver.DependencyStaticMetadataFileList --swift-const-vals-list /Users/marcboyer/LogicAudioAssistant/.build/xcode-release-reviewfix/Build/Intermediates.noindex/LogicAudioAssistant.build/Release/TutorLogicObserver.build/Objects-normal/arm64/TutorLogicObserver.SwiftConstValuesFileList --force --compile-time-extraction --deployment-aware-processing --validate-assistant-intents --no-app-shortcuts-localization
2026-08-14 14:54:05.110 appintentsmetadataprocessor[35757:3502887] Starting appintentsmetadataprocessor export
2026-08-14 14:54:05.118 appintentsmetadataprocessor[35757:3502887] Extracted no relevant App Intents symbols, skipping writing output

RegisterExecutionPolicyException /Users/marcboyer/LogicAudioAssistant/.build/xcode-release-reviewfix/Build/Products/Release/TutorLogicObserver.o (in target 'TutorLogicObserver' from project 'LogicAudioAssistant' at path '/Users/marcboyer/LogicAudioAssistant/Package.swift')
    cd /Users/marcboyer/LogicAudioAssistant
    builtin-RegisterExecutionPolicyException /Users/marcboyer/LogicAudioAssistant/.build/xcode-release-reviewfix/Build/Products/Release/TutorLogicObserver.o

Copy /Users/marcboyer/LogicAudioAssistant/.build/xcode-release-reviewfix/Build/Products/Release/Logic\ Audio\ Assistant.app/Contents/Resources/LogicAudioAssistant_ProductionTutor.bundle /Users/marcboyer/LogicAudioAssistant/.build/xcode-release-reviewfix/Build/Products/Release/LogicAudioAssistant_ProductionTutor.bundle (in target 'CompanionMacApp' from project 'LogicAudioAssistant' at path '/Users/marcboyer/LogicAudioAssistant/LogicAudioAssistant.xcodeproj')
    cd /Users/marcboyer/LogicAudioAssistant
    builtin-copy -exclude .DS_Store -exclude CVS -exclude .svn -exclude .git -exclude .hg -resolve-src-symlinks /Users/marcboyer/LogicAudioAssistant/.build/xcode-release-reviewfix/Build/Products/Release/LogicAudioAssistant_ProductionTutor.bundle /Users/marcboyer/LogicAudioAssistant/.build/xcode-release-reviewfix/Build/Products/Release/Logic\ Audio\ Assistant.app/Contents/Resources

SwiftDriver\ Compilation CompanionMacApp normal arm64 com.apple.xcode.tools.swift.compiler (in target 'CompanionMacApp' from project 'LogicAudioAssistant' at path '/Users/marcboyer/LogicAudioAssistant/LogicAudioAssistant.xcodeproj')
    cd /Users/marcboyer/LogicAudioAssistant
    builtin-Swift-Compilation -- /Applications/Xcode.app/Contents/Developer/Toolchains/XcodeDefault.xctoolchain/usr/bin/swiftc -module-name Logic_Audio_Assistant -O -whole-module-optimization @/Users/marcboyer/LogicAudioAssistant/.build/xcode-release-reviewfix/Build/Intermediates.noindex/LogicAudioAssistant.build/Release/CompanionMacApp.build/Objects-normal/arm64/Logic\ Audio\ Assistant.SwiftFileList -Xcc -fmodule-map-file\=/Users/marcboyer/LogicAudioAssistant/.build/xcode-release-reviewfix/Build/Intermediates.noindex/GeneratedModuleMaps/CAtomics.modulemap -enable-experimental-feature DebugDescriptionMacro -sdk /Applications/Xcode.app/Contents/Developer/Platforms/MacOSX.platform/Developer/SDKs/MacOSX26.5.sdk -target arm64-apple-macos14.0 -g -module-cache-path /Users/marcboyer/LogicAudioAssistant/.build/xcode-release-reviewfix/ModuleCache.noindex -Xfrontend -serialize-debugging-options -swift-version 6 -I /Users/marcboyer/LogicAudioAssistant/.build/xcode-release-reviewfix/Build/Products/Release -F /Users/marcboyer/LogicAudioAssistant/.build/xcode-release-reviewfix/Build/Products/Release/PackageFrameworks -F /Users/marcboyer/LogicAudioAssistant/.build/xcode-release-reviewfix/Build/Products/Release/PackageFrameworks -F /Users/marcboyer/LogicAudioAssistant/.build/xcode-release-reviewfix/Build/Products/Release/PackageFrameworks -F /Users/marcboyer/LogicAudioAssistant/.build/xcode-release-reviewfix/Build/Products/Release/PackageFrameworks -F /Users/marcboyer/LogicAudioAssistant/.build/xcode-release-reviewfix/Build/Products/Release/PackageFrameworks -F /Users/marcboyer/LogicAudioAssistant/.build/xcode-release-reviewfix/Build/Products/Release/PackageFrameworks -F /Users/marcboyer/LogicAudioAssistant/.build/xcode-release-reviewfix/Build/Products/Release/PackageFrameworks -F /Users/marcboyer/LogicAudioAssistant/.build/xcode-release-reviewfix/Build/Products/Release/PackageFrameworks -F /Users/marcboyer/LogicAudioAssistant/.build/xcode-release-reviewfix/Build/Products/Release/PackageFrameworks -F /Users/marcboyer/LogicAudioAssistant/.build/xcode-release-reviewfix/Build/Products/Release/PackageFrameworks -F /Users/marcboyer/LogicAudioAssistant/.build/xcode-release-reviewfix/Build/Products/Release/PackageFrameworks -F /Users/marcboyer/LogicAudioAssistant/.build/xcode-release-reviewfix/Build/Products/Release/PackageFrameworks -F /Users/marcboyer/LogicAudioAssistant/.build/xcode-release-reviewfix/Build/Products/Release/PackageFrameworks -F /Users/marcboyer/LogicAudioAssistant/.build/xcode-release-reviewfix/Build/Products/Release/PackageFrameworks -F /Users/marcboyer/LogicAudioAssistant/.build/xcode-release-reviewfix/Build/Products/Release/PackageFrameworks -F /Users/marcboyer/LogicAudioAssistant/.build/xcode-release-reviewfix/Build/Products/Release/PackageFrameworks -F /Users/marcboyer/LogicAudioAssistant/.build/xcode-release-reviewfix/Build/Products/Release -c -num-threads 10 -Xcc -ivfsstatcache -Xcc /Users/marcboyer/LogicAudioAssistant/.build/xcode-release-reviewfix/SDKStatCaches.noindex/macosx26.5-25F70-e082c4a02f00227109f4ed75e425c832.sdkstatcache -output-file-map /Users/marcboyer/LogicAudioAssistant/.build/xcode-release-reviewfix/Build/Intermediates.noindex/LogicAudioAssistant.build/Release/CompanionMacApp.build/Objects-normal/arm64/CompanionMacApp-OutputFileMap.json -use-frontend-parseable-output -save-temps -no-color-diagnostics -explicit-module-build -module-cache-path /Users/marcboyer/LogicAudioAssistant/.build/xcode-release-reviewfix/Build/Intermediates.noindex/SwiftExplicitPrecompiledModules -clang-scanner-module-cache-path /Users/marcboyer/LogicAudioAssistant/.build/xcode-release-reviewfix/ModuleCache.noindex -sdk-module-cache-path /Users/marcboyer/LogicAudioAssistant/.build/xcode-release-reviewfix/ModuleCache.noindex -serialize-diagnostics -emit-dependencies -emit-module -emit-module-path /Users/marcboyer/LogicAudioAssistant/.build/xcode-release-reviewfix/Build/Intermediates.noindex/LogicAudioAssistant.build/Release/CompanionMacApp.build/Objects-normal/arm64/Logic_Audio_Assistant.swiftmodule -validate-clang-modules-once -clang-build-session-file /Users/marcboyer/LogicAudioAssistant/.build/xcode-release-reviewfix/ModuleCache.noindex/Session.modulevalidation -Xcc -I/Users/marcboyer/LogicAudioAssistant/.build/xcode-release-reviewfix/Build/Intermediates.noindex/LogicAudioAssistant.build/Release/CompanionMacApp.build/swift-overrides.hmap -emit-const-values -Xfrontend -const-gather-protocols-file -Xfrontend /Users/marcboyer/LogicAudioAssistant/.build/xcode-release-reviewfix/Build/Intermediates.noindex/LogicAudioAssistant.build/Release/CompanionMacApp.build/Objects-normal/arm64/CompanionMacApp_const_extract_protocols.json -Xcc -iquote -Xcc /Users/marcboyer/LogicAudioAssistant/.build/xcode-release-reviewfix/Build/Intermediates.noindex/LogicAudioAssistant.build/Release/CompanionMacApp.build/Logic\ Audio\ Assistant-generated-files.hmap -Xcc -I/Users/marcboyer/LogicAudioAssistant/.build/xcode-release-reviewfix/Build/Intermediates.noindex/LogicAudioAssistant.build/Release/CompanionMacApp.build/Logic\ Audio\ Assistant-own-target-headers.hmap -Xcc -I/Users/marcboyer/LogicAudioAssistant/.build/xcode-release-reviewfix/Build/Intermediates.noindex/LogicAudioAssistant.build/Release/CompanionMacApp.build/Logic\ Audio\ Assistant-all-non-framework-target-headers.hmap -Xcc -ivfsoverlay -Xcc /Users/marcboyer/LogicAudioAssistant/.build/xcode-release-reviewfix/Build/Intermediates.noindex/LogicAudioAssistant.build/Release/LogicAudioAssistant-ad80f5d6a5c2eb78a281f1b37698cd26-VFS/all-product-headers.yaml -Xcc -iquote -Xcc /Users/marcboyer/LogicAudioAssistant/.build/xcode-release-reviewfix/Build/Intermediates.noindex/LogicAudioAssistant.build/Release/CompanionMacApp.build/Logic\ Audio\ Assistant-project-headers.hmap -Xcc -I/Users/marcboyer/LogicAudioAssistant/packages/CAtomics/include -Xcc -I/Users/marcboyer/LogicAudioAssistant/.build/xcode-release-reviewfix/Build/Products/Release/include -Xcc -I/Users/marcboyer/LogicAudioAssistant/.build/xcode-release-reviewfix/Build/Intermediates.noindex/LogicAudioAssistant.build/Release/CompanionMacApp.build/DerivedSources-normal/arm64 -Xcc -I/Users/marcboyer/LogicAudioAssistant/.build/xcode-release-reviewfix/Build/Intermediates.noindex/LogicAudioAssistant.build/Release/CompanionMacApp.build/DerivedSources/arm64 -Xcc -I/Users/marcboyer/LogicAudioAssistant/.build/xcode-release-reviewfix/Build/Intermediates.noindex/LogicAudioAssistant.build/Release/CompanionMacApp.build/DerivedSources -emit-objc-header -emit-objc-header-path /Users/marcboyer/LogicAudioAssistant/.build/xcode-release-reviewfix/Build/Intermediates.noindex/LogicAudioAssistant.build/Release/CompanionMacApp.build/Objects-normal/arm64/Logic_Audio_Assistant-Swift.h -working-directory /Users/marcboyer/LogicAudioAssistant -no-emit-module-separately-wmo

SwiftExplicitDependencyGeneratePcm arm64 /Users/marcboyer/LogicAudioAssistant/.build/xcode-release-reviewfix/ModuleCache.noindex/_Builtin_stdarg-BXNW713VEG7S9Z633LH9EEZEH.pcm

SwiftExplicitDependencyGeneratePcm arm64 /Users/marcboyer/LogicAudioAssistant/.build/xcode-release-reviewfix/ModuleCache.noindex/_AvailabilityInternal-9JR9DZWX629J1O544PXOI8OBK.pcm

SwiftExplicitDependencyGeneratePcm arm64 /Users/marcboyer/LogicAudioAssistant/.build/xcode-release-reviewfix/ModuleCache.noindex/_SwiftConcurrencyShims-34HGP3GGMWYUXCUGC4N5212A4.pcm

SwiftExplicitDependencyGeneratePcm arm64 /Users/marcboyer/LogicAudioAssistant/.build/xcode-release-reviewfix/ModuleCache.noindex/_Builtin_float-42ONBQFLSY779HZUKFROF732Z.pcm

SwiftExplicitDependencyGeneratePcm arm64 /Users/marcboyer/LogicAudioAssistant/.build/xcode-release-reviewfix/ModuleCache.noindex/DeveloperToolsSupport-1QZP4MB167OF3PG5OFB45N3TF.pcm

SwiftExplicitDependencyGeneratePcm arm64 /Users/marcboyer/LogicAudioAssistant/.build/xcode-release-reviewfix/ModuleCache.noindex/SwiftShims-B50EDA5ZTH7WL85IT11BWX92R.pcm

SwiftExplicitDependencyGeneratePcm arm64 /Users/marcboyer/LogicAudioAssistant/.build/xcode-release-reviewfix/ModuleCache.noindex/_Builtin_stdbool-6PK4V8AHCRXMN7FPVKGZ8ZXKV.pcm

SwiftExplicitDependencyGeneratePcm arm64 /Users/marcboyer/LogicAudioAssistant/.build/xcode-release-reviewfix/ModuleCache.noindex/_Builtin_stddef-Y9DJYQW6SEE94SPDH7U9NOJ4.pcm

SwiftExplicitDependencyGeneratePcm arm64 /Users/marcboyer/LogicAudioAssistant/.build/xcode-release-reviewfix/ModuleCache.noindex/ptrauth-9T3M01N3WUXIN783NVNCQ2IXL.pcm

SwiftExplicitDependencyGeneratePcm arm64 /Users/marcboyer/LogicAudioAssistant/.build/xcode-release-reviewfix/ModuleCache.noindex/ptrcheck-9TENN5Q307YO4FW3BXBFB6WEH.pcm

SwiftExplicitDependencyGeneratePcm arm64 /Users/marcboyer/LogicAudioAssistant/.build/xcode-release-reviewfix/ModuleCache.noindex/_DarwinFoundation1-ACTP8G5AUK7EBT9Z2198PW1FD.pcm

SwiftExplicitDependencyGeneratePcm arm64 /Users/marcboyer/LogicAudioAssistant/.build/xcode-release-reviewfix/ModuleCache.noindex/_Builtin_limits-4YBOULG5Y45MD0QUIFU8ZKLTM.pcm

SwiftExplicitDependencyGeneratePcm arm64 /Users/marcboyer/LogicAudioAssistant/.build/xcode-release-reviewfix/ModuleCache.noindex/_DarwinFoundation2-4M7RW1D98LKBS5WZKRZJO47CF.pcm

SwiftExplicitDependencyGeneratePcm arm64 /Users/marcboyer/LogicAudioAssistant/.build/xcode-release-reviewfix/ModuleCache.noindex/sys_types-91AKA72EUP1OJRDVQT9GU8JA0.pcm

SwiftExplicitDependencyGeneratePcm arm64 /Users/marcboyer/LogicAudioAssistant/.build/xcode-release-reviewfix/ModuleCache.noindex/_Builtin_tgmath-2JW12TRDV7NEMWWXU6XY8MPA8.pcm

SwiftExplicitDependencyGeneratePcm arm64 /Users/marcboyer/LogicAudioAssistant/.build/xcode-release-reviewfix/ModuleCache.noindex/_Builtin_stdint-DQS5EX68ZVTM2J8OH8QM1AAO.pcm

SwiftExplicitDependencyGeneratePcm arm64 /Users/marcboyer/LogicAudioAssistant/.build/xcode-release-reviewfix/ModuleCache.noindex/_Builtin_intrinsics-2W6IGUY4OT9F3Y6S3MR8ULBEN.pcm

SwiftExplicitDependencyGeneratePcm arm64 /Users/marcboyer/LogicAudioAssistant/.build/xcode-release-reviewfix/ModuleCache.noindex/_DarwinFoundation3-E7Y01O3NZA0H46WVETE5SXQ8V.pcm

SwiftExplicitDependencyGeneratePcm arm64 /Users/marcboyer/LogicAudioAssistant/.build/xcode-release-reviewfix/ModuleCache.noindex/libDER-7NPX896OIADLJ9BWEMYIMJF33.pcm

SwiftExplicitDependencyGeneratePcm arm64 /Users/marcboyer/LogicAudioAssistant/.build/xcode-release-reviewfix/Build/Intermediates.noindex/SwiftExplicitPrecompiledModules/CAtomics-59E823100TKDUXLSKLVCHQU5L.pcm

SwiftExplicitDependencyGeneratePcm arm64 /Users/marcboyer/LogicAudioAssistant/.build/xcode-release-reviewfix/ModuleCache.noindex/_Builtin_stdatomic-71EPNG3NEFJFFOBKLT6UXXF58.pcm

SwiftExplicitDependencyGeneratePcm arm64 /Users/marcboyer/LogicAudioAssistant/.build/xcode-release-reviewfix/ModuleCache.noindex/OpenGL-1NTHLG8O5F60KNFWWBB47OQVY.pcm

SwiftExplicitDependencyGeneratePcm arm64 /Users/marcboyer/LogicAudioAssistant/.build/xcode-release-reviewfix/ModuleCache.noindex/_Builtin_inttypes-284VGLP8MWP8N5PRPOOEN6FM4.pcm

SwiftExplicitDependencyGeneratePcm arm64 /Users/marcboyer/LogicAudioAssistant/.build/xcode-release-reviewfix/ModuleCache.noindex/Darwin-5JIHWR34Z7SSYGG4Z40QAEPWH.pcm

SwiftExplicitDependencyGeneratePcm arm64 /Users/marcboyer/LogicAudioAssistant/.build/xcode-release-reviewfix/ModuleCache.noindex/simd-9JU7GMZ35BTZWO35YD93KUJ43.pcm

SwiftExplicitDependencyGeneratePcm arm64 /Users/marcboyer/LogicAudioAssistant/.build/xcode-release-reviewfix/ModuleCache.noindex/libkern-3LB2BLRTCLJ3JLZLHKDU8V8M4.pcm

SwiftExplicitDependencyGeneratePcm arm64 /Users/marcboyer/LogicAudioAssistant/.build/xcode-release-reviewfix/ModuleCache.noindex/CUPS-CPG4L70IH5OQHBW8HW0A4L8VJ.pcm

SwiftExplicitDependencyGeneratePcm arm64 /Users/marcboyer/LogicAudioAssistant/.build/xcode-release-reviewfix/ModuleCache.noindex/launch-1A42R3LNG23MEEKW4MMSWRYFG.pcm

SwiftExplicitDependencyGeneratePcm arm64 /Users/marcboyer/LogicAudioAssistant/.build/xcode-release-reviewfix/ModuleCache.noindex/MachO-CHI4ZXPIIGAQOAOG9II4F8QU3.pcm

SwiftExplicitDependencyGeneratePcm arm64 /Users/marcboyer/LogicAudioAssistant/.build/xcode-release-reviewfix/ModuleCache.noindex/ObjectiveC-48ONX0DSF3ODNJ0MV0ZM7KYHN.pcm

SwiftExplicitDependencyGeneratePcm arm64 /Users/marcboyer/LogicAudioAssistant/.build/xcode-release-reviewfix/ModuleCache.noindex/Spatial-D4XF8KAA26TJ66BYWT5CHDMT8.pcm

SwiftExplicitDependencyGeneratePcm arm64 /Users/marcboyer/LogicAudioAssistant/.build/xcode-release-reviewfix/ModuleCache.noindex/os_object-5OUH71ORWNT0WDXEKSPFWWQBW.pcm

SwiftExplicitDependencyGeneratePcm arm64 /Users/marcboyer/LogicAudioAssistant/.build/xcode-release-reviewfix/ModuleCache.noindex/os_workgroup-1NSPZD1Y7DRRRF0MUFCSYXYQ3.pcm

SwiftExplicitDependencyGeneratePcm arm64 /Users/marcboyer/LogicAudioAssistant/.build/xcode-release-reviewfix/ModuleCache.noindex/Dispatch-9T9MLGE5EDZF1UFSTRDD8D0QP.pcm

SwiftExplicitDependencyGeneratePcm arm64 /Users/marcboyer/LogicAudioAssistant/.build/xcode-release-reviewfix/ModuleCache.noindex/CoreFoundation-59DHY35PD1T4VQY7IM7QE92KK.pcm

SwiftExplicitDependencyGeneratePcm arm64 /Users/marcboyer/LogicAudioAssistant/.build/xcode-release-reviewfix/ModuleCache.noindex/XPC-EEVK29HKW69Y7X2OKQLFXFGNM.pcm

LinkAssetCatalog /Users/marcboyer/LogicAudioAssistant/apps/CompanionMacApp/Assets.xcassets (in target 'CompanionMacApp' from project 'LogicAudioAssistant' at path '/Users/marcboyer/LogicAudioAssistant/LogicAudioAssistant.xcodeproj')
    cd /Users/marcboyer/LogicAudioAssistant
    builtin-linkAssetCatalog --thinned /Users/marcboyer/LogicAudioAssistant/.build/xcode-release-reviewfix/Build/Intermediates.noindex/LogicAudioAssistant.build/Release/CompanionMacApp.build/assetcatalog_output/thinned --thinned-dependencies /Users/marcboyer/LogicAudioAssistant/.build/xcode-release-reviewfix/Build/Intermediates.noindex/LogicAudioAssistant.build/Release/CompanionMacApp.build/assetcatalog_dependencies_thinned --thinned-info-plist-content /Users/marcboyer/LogicAudioAssistant/.build/xcode-release-reviewfix/Build/Intermediates.noindex/LogicAudioAssistant.build/Release/CompanionMacApp.build/assetcatalog_generated_info.plist_thinned --unthinned /Users/marcboyer/LogicAudioAssistant/.build/xcode-release-reviewfix/Build/Intermediates.noindex/LogicAudioAssistant.build/Release/CompanionMacApp.build/assetcatalog_output/unthinned --unthinned-dependencies /Users/marcboyer/LogicAudioAssistant/.build/xcode-release-reviewfix/Build/Intermediates.noindex/LogicAudioAssistant.build/Release/CompanionMacApp.build/assetcatalog_dependencies_unthinned --unthinned-info-plist-content /Users/marcboyer/LogicAudioAssistant/.build/xcode-release-reviewfix/Build/Intermediates.noindex/LogicAudioAssistant.build/Release/CompanionMacApp.build/assetcatalog_generated_info.plist_unthinned --output /Users/marcboyer/LogicAudioAssistant/.build/xcode-release-reviewfix/Build/Products/Release/Logic\ Audio\ Assistant.app/Contents/Resources --plist-output /Users/marcboyer/LogicAudioAssistant/.build/xcode-release-reviewfix/Build/Intermediates.noindex/LogicAudioAssistant.build/Release/CompanionMacApp.build/assetcatalog_generated_info.plist
note: Emplaced /Users/marcboyer/LogicAudioAssistant/.build/xcode-release-reviewfix/Build/Products/Release/Logic Audio Assistant.app/Contents/Resources/AppIcon.icns (in target 'CompanionMacApp' from project 'LogicAudioAssistant' at path '/Users/marcboyer/LogicAudioAssistant/LogicAudioAssistant.xcodeproj')
note: Emplaced /Users/marcboyer/LogicAudioAssistant/.build/xcode-release-reviewfix/Build/Products/Release/Logic Audio Assistant.app/Contents/Resources/Assets.car (in target 'CompanionMacApp' from project 'LogicAudioAssistant' at path '/Users/marcboyer/LogicAudioAssistant/LogicAudioAssistant.xcodeproj')

SwiftExplicitDependencyGeneratePcm arm64 /Users/marcboyer/LogicAudioAssistant/.build/xcode-release-reviewfix/ModuleCache.noindex/os-CGG7Z6IZDI96NN0GALXVJGN6U.pcm

SwiftExplicitDependencyGeneratePcm arm64 /Users/marcboyer/LogicAudioAssistant/.build/xcode-release-reviewfix/ModuleCache.noindex/IOKit-2KHBW2VHQH2XNZ0H5E4OQ5JP4.pcm

SwiftExplicitDependencyGeneratePcm arm64 /Users/marcboyer/LogicAudioAssistant/.build/xcode-release-reviewfix/ModuleCache.noindex/ColorSync-222MFHXVPNJ83Y39L0K8VX218.pcm

SwiftExplicitDependencyGeneratePcm arm64 /Users/marcboyer/LogicAudioAssistant/.build/xcode-release-reviewfix/ModuleCache.noindex/CFNetwork-EFAPZVHBXR57E33G920VV29BN.pcm

SwiftExplicitDependencyGeneratePcm arm64 /Users/marcboyer/LogicAudioAssistant/.build/xcode-release-reviewfix/ModuleCache.noindex/Security-8EBZEZLF5EWMWKY7EA2NWYTFR.pcm

SwiftExplicitDependencyGeneratePcm arm64 /Users/marcboyer/LogicAudioAssistant/.build/xcode-release-reviewfix/ModuleCache.noindex/CoreAudioTypes-4RRYFTZD3F5ASTCCWG4ES6UI6.pcm

SwiftExplicitDependencyGeneratePcm arm64 /Users/marcboyer/LogicAudioAssistant/.build/xcode-release-reviewfix/ModuleCache.noindex/DiskArbitration-1SINT7AUI7X29H5ES1Q12A0JQ.pcm

SwiftExplicitDependencyGeneratePcm arm64 /Users/marcboyer/LogicAudioAssistant/.build/xcode-release-reviewfix/ModuleCache.noindex/CoreGraphics-9FCRRPT8RQJJQ7MJRB66DRRIJ.pcm

SwiftExplicitDependencyGeneratePcm arm64 /Users/marcboyer/LogicAudioAssistant/.build/xcode-release-reviewfix/ModuleCache.noindex/CoreServices-9D5S8YJMNF5A7VMMK1PYF20UL.pcm

SwiftExplicitDependencyGeneratePcm arm64 /Users/marcboyer/LogicAudioAssistant/.build/xcode-release-reviewfix/ModuleCache.noindex/ImageIO-4PT3M6X7LCRJI70NA1LDWCT15.pcm

SwiftExplicitDependencyGeneratePcm arm64 /Users/marcboyer/LogicAudioAssistant/.build/xcode-release-reviewfix/ModuleCache.noindex/CoreText-3GUIX6CTLCPFIHSFWQE5KLOJF.pcm

SwiftExplicitDependencyGeneratePcm arm64 /Users/marcboyer/LogicAudioAssistant/.build/xcode-release-reviewfix/ModuleCache.noindex/Foundation-9QFPKDOHPNXL1KMN5RXXRKDQL.pcm

SwiftExplicitDependencyGeneratePcm arm64 /Users/marcboyer/LogicAudioAssistant/.build/xcode-release-reviewfix/ModuleCache.noindex/CoreAudio-5XUYL07Z0EZVF9EEXFFDSPZ99.pcm

SwiftExplicitDependencyGeneratePcm arm64 /Users/marcboyer/LogicAudioAssistant/.build/xcode-release-reviewfix/ModuleCache.noindex/Accessibility-5RMFZSF2R6D67FQSFGZ9SBZAT.pcm

SwiftExplicitDependencyGeneratePcm arm64 /Users/marcboyer/LogicAudioAssistant/.build/xcode-release-reviewfix/ModuleCache.noindex/IOSurface-DX8Y6FFHN9TYNIQATK6QCVWYL.pcm

SwiftExplicitDependencyGeneratePcm arm64 /Users/marcboyer/LogicAudioAssistant/.build/xcode-release-reviewfix/ModuleCache.noindex/LocalAuthentication-7EC34UM1UZ08FQWJ9IZZDLW02.pcm

SwiftExplicitDependencyGeneratePcm arm64 /Users/marcboyer/LogicAudioAssistant/.build/xcode-release-reviewfix/ModuleCache.noindex/CoreData-8E2HD07F9GOHWA6Z4L9DPZ1YR.pcm

SwiftExplicitDependencyGeneratePcm arm64 /Users/marcboyer/LogicAudioAssistant/.build/xcode-release-reviewfix/ModuleCache.noindex/Symbols-8952S3NKJXHG4HKIL4R1R963N.pcm

SwiftExplicitDependencyGeneratePcm arm64 /Users/marcboyer/LogicAudioAssistant/.build/xcode-release-reviewfix/ModuleCache.noindex/DataDetection-63SNBT1ZLWMP8RZ22TZCQCUC4.pcm

SwiftExplicitDependencyGeneratePcm arm64 /Users/marcboyer/LogicAudioAssistant/.build/xcode-release-reviewfix/ModuleCache.noindex/ApplicationServices-B43OQBLPMXQ0Q5MREBQA1ALK4.pcm

SwiftExplicitDependencyGeneratePcm arm64 /Users/marcboyer/LogicAudioAssistant/.build/xcode-release-reviewfix/ModuleCache.noindex/CoreTransferable-7YFUEE5K3U6SEMBJKZB7CCMAV.pcm

SwiftExplicitDependencyGeneratePcm arm64 /Users/marcboyer/LogicAudioAssistant/.build/xcode-release-reviewfix/ModuleCache.noindex/OSLog-4X2VXC2UVGPGEPEWJ27S4PTHW.pcm

SwiftExplicitDependencyGeneratePcm arm64 /Users/marcboyer/LogicAudioAssistant/.build/xcode-release-reviewfix/ModuleCache.noindex/CoreMIDI-2CYU23VVCQ9MJJDBUQ88IL271.pcm

SwiftExplicitDependencyGeneratePcm arm64 /Users/marcboyer/LogicAudioAssistant/.build/xcode-release-reviewfix/ModuleCache.noindex/UniformTypeIdentifiers-3BPOM6V8PUEC1EFL5C76IMJ2B.pcm

SwiftExplicitDependencyGeneratePcm arm64 /Users/marcboyer/LogicAudioAssistant/.build/xcode-release-reviewfix/ModuleCache.noindex/Metal-8B5VZCNQ0QYC068HDBTV80QUJ.pcm

SwiftExplicitDependencyGeneratePcm arm64 /Users/marcboyer/LogicAudioAssistant/.build/xcode-release-reviewfix/ModuleCache.noindex/Carbon-6NXUEOK4XVWGCWPI6K025LAV5.pcm

SwiftExplicitDependencyGeneratePcm arm64 /Users/marcboyer/LogicAudioAssistant/.build/xcode-release-reviewfix/ModuleCache.noindex/CoreVideo-6FKCXNG6W3RFQGA3M08N99MZ2.pcm

SwiftExplicitDependencyGeneratePcm arm64 /Users/marcboyer/LogicAudioAssistant/.build/xcode-release-reviewfix/ModuleCache.noindex/AudioToolbox-AFOEZFNW25GXCN6W39KY03HE4.pcm

SwiftExplicitDependencyGeneratePcm arm64 /Users/marcboyer/LogicAudioAssistant/.build/xcode-release-reviewfix/ModuleCache.noindex/QuartzCore-9SA8SH4FG5AE0R3CFQ6BNX9I5.pcm

SwiftExplicitDependencyGeneratePcm arm64 /Users/marcboyer/LogicAudioAssistant/.build/xcode-release-reviewfix/ModuleCache.noindex/CoreMedia-EMN2HMAH05ANKS45NCI7NQQ3.pcm

SwiftExplicitDependencyGeneratePcm arm64 /Users/marcboyer/LogicAudioAssistant/.build/xcode-release-reviewfix/ModuleCache.noindex/CoreImage-9JNCUQPQKEG1Y8FDN2ZFZ7Q4B.pcm

SwiftExplicitDependencyGeneratePcm arm64 /Users/marcboyer/LogicAudioAssistant/.build/xcode-release-reviewfix/ModuleCache.noindex/SwiftUICore-40IYH14V7DBXJOY6EPU7R4GQS.pcm

SwiftExplicitDependencyGeneratePcm arm64 /Users/marcboyer/LogicAudioAssistant/.build/xcode-release-reviewfix/ModuleCache.noindex/MediaToolbox-9CMKZN07JA4I0FZTYLH3MA7WU.pcm

SwiftExplicitDependencyGeneratePcm arm64 /Users/marcboyer/LogicAudioAssistant/.build/xcode-release-reviewfix/ModuleCache.noindex/AVFAudio-36NUWGN3LE6W5LT4GI2DIZGVZ.pcm

SwiftExplicitDependencyGeneratePcm arm64 /Users/marcboyer/LogicAudioAssistant/.build/xcode-release-reviewfix/ModuleCache.noindex/AppKit-BPOFF35EFM800BFGTK97SKJDY.pcm

SwiftExplicitDependencyGeneratePcm arm64 /Users/marcboyer/LogicAudioAssistant/.build/xcode-release-reviewfix/ModuleCache.noindex/AVFoundation-2YPKGP33K7WALZ4B5WBI5SRCP.pcm

SwiftExplicitDependencyGeneratePcm arm64 /Users/marcboyer/LogicAudioAssistant/.build/xcode-release-reviewfix/ModuleCache.noindex/SwiftUI-9ELP74EYIQGKYS4DUO8VWDLH5.pcm

SwiftCompile normal arm64 Compiling\ ActionBarView.swift,\ Badge.swift,\ CapturePanelView.swift,\ Card.swift,\ ChainPanelView.swift,\ ChangeCard.swift,\ ChangeStackView.swift,\ ClarificationCardView.swift,\ CompanionMacApp.swift,\ CompanionSessionModel.swift,\ ContradictionSectionView.swift,\ DetailDisclosuresView.swift,\ DirectAnswerCardView.swift,\ EvidenceBannerView.swift,\ EvidenceFooterView.swift,\ FeedbackBarView.swift,\ FirstMoveCardView.swift,\ GeneralAnswerView.swift,\ HypothesesPanelView.swift,\ InstrumentSurface.swift,\ InterpretationHeaderView.swift,\ Labels.swift,\ LessonContentView.swift,\ MemoryControlsView.swift,\ PreviewCard.swift,\ PreviewPanelView.swift,\ PromptPanelView.swift,\ ProviderStatusRowView.swift,\ RequestPanelView.swift,\ ResearchControlView.swift,\ RevisionPanelView.swift,\ SettingsView.swift,\ SortedUniqueBulletsView.swift,\ SourceRowView.swift,\ StatusHeaderView.swift,\ StepCardView.swift,\ StrategyCardView.swift,\ StrategySectionView.swift,\ SummaryCardView.swift,\ Theme.swift,\ TutorConversationSessionModel.swift,\ TutorConversationView.swift,\ TutorGuideView.swift,\ TutorSessionModel.swift,\ UnsupportedCardView.swift,\ VocalAnalysisFeedbackView.swift,\ VocalCaptureBriefEditorView.swift,\ VocalCaptureBriefView.swift,\ VocalCaptureInterpretationsView.swift,\ VocalCreativeCandidatesView.swift,\ VocalCreativeIntentView.swift,\ VocalGuideCreateHandoffView.swift,\ VocalWorkspaceComponents.swift,\ VocalWorkspaceModel.swift,\ VocalWorkspacePersistenceCoordinator.swift,\ VocalWorkspacePresentation.swift,\ VocalWorkspaceView.swift,\ WaveformView.swift,\ GeneratedAssetSymbols.swift /Users/marcboyer/LogicAudioAssistant/apps/CompanionMacApp/Views/ActionBarView.swift /Users/marcboyer/LogicAudioAssistant/apps/CompanionMacApp/DesignSystem/Badge.swift /Users/marcboyer/LogicAudioAssistant/apps/CompanionMacApp/Views/CapturePanelView.swift /Users/marcboyer/LogicAudioAssistant/apps/CompanionMacApp/DesignSystem/Card.swift /Users/marcboyer/LogicAudioAssistant/apps/CompanionMacApp/Views/ChainPanelView.swift /Users/marcboyer/LogicAudioAssistant/apps/CompanionMacApp/Views/ChangeCard.swift /Users/marcboyer/LogicAudioAssistant/apps/CompanionMacApp/Views/ChangeStackView.swift /Users/marcboyer/LogicAudioAssistant/apps/CompanionMacApp/Views/ClarificationCardView.swift /Users/marcboyer/LogicAudioAssistant/apps/CompanionMacApp/CompanionMacApp.swift /Users/marcboyer/LogicAudioAssistant/apps/CompanionMacApp/CompanionSessionModel.swift /Users/marcboyer/LogicAudioAssistant/apps/CompanionMacApp/Views/ContradictionSectionView.swift /Users/marcboyer/LogicAudioAssistant/apps/CompanionMacApp/Views/DetailDisclosuresView.swift /Users/marcboyer/LogicAudioAssistant/apps/CompanionMacApp/Views/DirectAnswerCardView.swift /Users/marcboyer/LogicAudioAssistant/apps/CompanionMacApp/Views/EvidenceBannerView.swift /Users/marcboyer/LogicAudioAssistant/apps/CompanionMacApp/Views/EvidenceFooterView.swift /Users/marcboyer/LogicAudioAssistant/apps/CompanionMacApp/Views/FeedbackBarView.swift /Users/marcboyer/LogicAudioAssistant/apps/CompanionMacApp/Views/FirstMoveCardView.swift /Users/marcboyer/LogicAudioAssistant/apps/CompanionMacApp/GeneralAnswerView.swift /Users/marcboyer/LogicAudioAssistant/apps/CompanionMacApp/Views/HypothesesPanelView.swift /Users/marcboyer/LogicAudioAssistant/apps/CompanionMacApp/DesignSystem/InstrumentSurface.swift /Users/marcboyer/LogicAudioAssistant/apps/CompanionMacApp/Views/InterpretationHeaderView.swift /Users/marcboyer/LogicAudioAssistant/apps/CompanionMacApp/Labels.swift /Users/marcboyer/LogicAudioAssistant/apps/CompanionMacApp/Views/LessonContentView.swift /Users/marcboyer/LogicAudioAssistant/apps/CompanionMacApp/Views/MemoryControlsView.swift /Users/marcboyer/LogicAudioAssistant/apps/CompanionMacApp/Views/PreviewCard.swift /Users/marcboyer/LogicAudioAssistant/apps/CompanionMacApp/Views/PreviewPanelView.swift /Users/marcboyer/LogicAudioAssistant/apps/CompanionMacApp/Views/PromptPanelView.swift /Users/marcboyer/LogicAudioAssistant/apps/CompanionMacApp/Views/ProviderStatusRowView.swift /Users/marcboyer/LogicAudioAssistant/apps/CompanionMacApp/Views/RequestPanelView.swift /Users/marcboyer/LogicAudioAssistant/apps/CompanionMacApp/Views/ResearchControlView.swift /Users/marcboyer/LogicAudioAssistant/apps/CompanionMacApp/Views/RevisionPanelView.swift /Users/marcboyer/LogicAudioAssistant/apps/CompanionMacApp/SettingsView.swift /Users/marcboyer/LogicAudioAssistant/apps/CompanionMacApp/Views/SortedUniqueBulletsView.swift /Users/marcboyer/LogicAudioAssistant/apps/CompanionMacApp/Views/SourceRowView.swift /Users/marcboyer/LogicAudioAssistant/apps/CompanionMacApp/Views/StatusHeaderView.swift /Users/marcboyer/LogicAudioAssistant/apps/CompanionMacApp/Views/StepCardView.swift /Users/marcboyer/LogicAudioAssistant/apps/CompanionMacApp/Views/StrategyCardView.swift /Users/marcboyer/LogicAudioAssistant/apps/CompanionMacApp/Views/StrategySectionView.swift /Users/marcboyer/LogicAudioAssistant/apps/CompanionMacApp/Views/SummaryCardView.swift /Users/marcboyer/LogicAudioAssistant/apps/CompanionMacApp/DesignSystem/Theme.swift /Users/marcboyer/LogicAudioAssistant/apps/CompanionMacApp/TutorConversationSessionModel.swift /Users/marcboyer/LogicAudioAssistant/apps/CompanionMacApp/TutorConversationView.swift /Users/marcboyer/LogicAudioAssistant/apps/CompanionMacApp/TutorGuideView.swift /Users/marcboyer/LogicAudioAssistant/apps/CompanionMacApp/TutorSessionModel.swift /Users/marcboyer/LogicAudioAssistant/apps/CompanionMacApp/Views/UnsupportedCardView.swift /Users/marcboyer/LogicAudioAssistant/apps/CompanionMacApp/Vocal/VocalAnalysisFeedbackView.swift /Users/marcboyer/LogicAudioAssistant/apps/CompanionMacApp/Vocal/VocalCaptureBriefEditorView.swift /Users/marcboyer/LogicAudioAssistant/apps/CompanionMacApp/Vocal/VocalCaptureBriefView.swift /Users/marcboyer/LogicAudioAssistant/apps/CompanionMacApp/Vocal/VocalCaptureInterpretationsView.swift /Users/marcboyer/LogicAudioAssistant/apps/CompanionMacApp/Vocal/VocalCreativeCandidatesView.swift /Users/marcboyer/LogicAudioAssistant/apps/CompanionMacApp/Vocal/VocalCreativeIntentView.swift /Users/marcboyer/LogicAudioAssistant/apps/CompanionMacApp/Vocal/VocalGuideCreateHandoffView.swift /Users/marcboyer/LogicAudioAssistant/apps/CompanionMacApp/Vocal/VocalWorkspaceComponents.swift /Users/marcboyer/LogicAudioAssistant/apps/CompanionMacApp/Vocal/VocalWorkspaceModel.swift /Users/marcboyer/LogicAudioAssistant/apps/CompanionMacApp/Vocal/VocalWorkspacePersistenceCoordinator.swift /Users/marcboyer/LogicAudioAssistant/apps/CompanionMacApp/Vocal/VocalWorkspacePresentation.swift /Users/marcboyer/LogicAudioAssistant/apps/CompanionMacApp/Vocal/VocalWorkspaceView.swift /Users/marcboyer/LogicAudioAssistant/apps/CompanionMacApp/Views/WaveformView.swift /Users/marcboyer/LogicAudioAssistant/.build/xcode-release-reviewfix/Build/Intermediates.noindex/LogicAudioAssistant.build/Release/CompanionMacApp.build/DerivedSources/GeneratedAssetSymbols.swift /Applications/Xcode.app/Contents/Developer/Toolchains/XcodeDefault.xctoolchain/usr/lib/swift/macosx/prebuilt-modules/26.5/CoreMIDI.swiftmodule/arm64e-apple-macos.swiftmodule /Applications/Xcode.app/Contents/Developer/Toolchains/XcodeDefault.xctoolchain/usr/lib/swift/macosx/prebuilt-modules/26.5/LocalAuthentication.swiftmodule/arm64e-apple-macos.swiftmodule /Applications/Xcode.app/Contents/Developer/Toolchains/XcodeDefault.xctoolchain/usr/lib/swift/macosx/prebuilt-modules/26.5/AVFoundation.swiftmodule/arm64e-apple-macos.swiftmodule /Applications/Xcode.app/Contents/Developer/Toolchains/XcodeDefault.xctoolchain/usr/lib/swift/macosx/prebuilt-modules/26.5/FoundationModels.swiftmodule/arm64e-apple-macos.swiftmodule /Applications/Xcode.app/Contents/Developer/Toolchains/XcodeDefault.xctoolchain/usr/lib/swift/macosx/prebuilt-modules/26.5/CoreText.swiftmodule/arm64e-apple-macos.swiftmodule /Applications/Xcode.app/Contents/Developer/Toolchains/XcodeDefault.xctoolchain/usr/lib/swift/macosx/prebuilt-modules/26.5/simd.swiftmodule/arm64e-apple-macos.swiftmodule /Users/marcboyer/LogicAudioAssistant/.build/xcode-release-reviewfix/Build/Products/Release/TutorLogicObserver.swiftmodule/arm64-apple-macos.swiftmodule /Applications/Xcode.app/Contents/Developer/Toolchains/XcodeDefault.xctoolchain/usr/lib/swift/macosx/prebuilt-modules/26.5/CoreVideo.swiftmodule/arm64e-apple-macos.swiftmodule /Users/marcboyer/LogicAudioAssistant/.build/xcode-release-reviewfix/Build/Products/Release/AgentCore.swiftmodule/arm64-apple-macos.swiftmodule /Users/marcboyer/LogicAudioAssistant/.build/xcode-release-reviewfix/Build/Products/Release/PreviewAudition.swiftmodule/arm64-apple-macos.swiftmodule /Applications/Xcode.app/Contents/Developer/Toolchains/XcodeDefault.xctoolchain/usr/lib/swift/macosx/prebuilt-modules/26.5/_DarwinFoundation2.swiftmodule/arm64e-apple-macos.swiftmodule /Applications/Xcode.app/Contents/Developer/Toolchains/XcodeDefault.xctoolchain/usr/lib/swift/macosx/prebuilt-modules/26.5/_Builtin_float.swiftmodule/arm64e-apple-macos.swiftmodule /Users/marcboyer/LogicAudioAssistant/.build/xcode-release-reviewfix/Build/Products/Release/VocalProduction.swiftmodule/arm64-apple-macos.swiftmodule /Applications/Xcode.app/Contents/Developer/Toolchains/XcodeDefault.xctoolchain/usr/lib/swift/macosx/prebuilt-modules/26.5/System.swiftmodule/arm64e-apple-macos.swiftmodule /Applications/Xcode.app/Contents/Developer/Toolchains/XcodeDefault.xctoolchain/usr/lib/swift/macosx/prebuilt-modules/26.5/CoreGraphics.swiftmodule/arm64e-apple-macos.swiftmodule /Users/marcboyer/LogicAudioAssistant/.build/xcode-release-reviewfix/Build/Products/Release/AudioAnalysis.swiftmodule/arm64-apple-macos.swiftmodule /Applications/Xcode.app/Contents/Developer/Toolchains/XcodeDefault.xctoolchain/usr/lib/swift/macosx/prebuilt-modules/26.5/SwiftUI.swiftmodule/arm64e-apple-macos.swiftmodule /Applications/Xcode.app/Contents/Developer/Toolchains/XcodeDefault.xctoolchain/usr/lib/swift/macosx/prebuilt-modules/26.5/Swift.swiftmodule/arm64e-apple-macos.swiftmodule /Users/marcboyer/LogicAudioAssistant/.build/xcode-release-reviewfix/Build/Products/Release/PreviewRenderer.swiftmodule/arm64-apple-macos.swiftmodule /Applications/Xcode.app/Contents/Developer/Toolchains/XcodeDefault.xctoolchain/usr/lib/swift/macosx/prebuilt-modules/26.5/Synchronization.swiftmodule/arm64e-apple-macos.swiftmodule /Applications/Xcode.app/Contents/Developer/Toolchains/XcodeDefault.xctoolchain/usr/lib/swift/macosx/prebuilt-modules/26.5/Metal.swiftmodule/arm64e-apple-macos.swiftmodule /Applications/Xcode.app/Contents/Developer/Toolchains/XcodeDefault.xctoolchain/usr/lib/swift/macosx/prebuilt-modules/26.5/os.swiftmodule/arm64e-apple-macos.swiftmodule /Applications/Xcode.app/Contents/Developer/Toolchains/XcodeDefault.xctoolchain/usr/lib/swift/macosx/prebuilt-modules/26.5/XPC.swiftmodule/arm64e-apple-macos.swiftmodule /Applications/Xcode.app/Contents/Developer/Toolchains/XcodeDefault.xctoolchain/usr/lib/swift/macosx/prebuilt-modules/26.5/CoreAudio.swiftmodule/arm64e-apple-macos.swiftmodule /Applications/Xcode.app/Contents/Developer/Toolchains/XcodeDefault.xctoolchain/usr/lib/swift/macosx/prebuilt-modules/26.5/_DarwinFoundation1.swiftmodule/arm64e-apple-macos.swiftmodule /Applications/Xcode.app/Contents/Developer/Toolchains/XcodeDefault.xctoolchain/usr/lib/swift/macosx/prebuilt-modules/26.5/CryptoKit.swiftmodule/arm64e-apple-macos.swiftmodule /Users/marcboyer/LogicAudioAssistant/.build/xcode-release-reviewfix/Build/Products/Release/SharedIPC.swiftmodule/arm64-apple-macos.swiftmodule /Applications/Xcode.app/Contents/Developer/Toolchains/XcodeDefault.xctoolchain/usr/lib/swift/macosx/prebuilt-modules/26.5/Symbols.swiftmodule/arm64e-apple-macos.swiftmodule /Users/marcboyer/LogicAudioAssistant/.build/xcode-release-reviewfix/Build/Products/Release/TutorConversation.swiftmodule/arm64-apple-macos.swiftmodule /Applications/Xcode.app/Contents/Developer/Toolchains/XcodeDefault.xctoolchain/usr/lib/swift/macosx/prebuilt-modules/26.5/OSLog.swiftmodule/arm64e-apple-macos.swiftmodule /Applications/Xcode.app/Contents/Developer/Toolchains/XcodeDefault.xctoolchain/usr/lib/swift/macosx/prebuilt-modules/26.5/_StringProcessing.swiftmodule/arm64e-apple-macos.swiftmodule /Applications/Xcode.app/Contents/Developer/Toolchains/XcodeDefault.xctoolchain/usr/lib/swift/macosx/prebuilt-modules/26.5/DeveloperToolsSupport.swiftmodule/arm64e-apple-macos.swiftmodule /Applications/Xcode.app/Contents/Developer/Toolchains/XcodeDefault.xctoolchain/usr/lib/swift/macosx/prebuilt-modules/26.5/CoreFoundation.swiftmodule/arm64e-apple-macos.swiftmodule /Applications/Xcode.app/Contents/Developer/Toolchains/XcodeDefault.xctoolchain/usr/lib/swift/macosx/prebuilt-modules/26.5/_DarwinFoundation3.swiftmodule/arm64e-apple-macos.swiftmodule /Applications/Xcode.app/Contents/Developer/Toolchains/XcodeDefault.xctoolchain/usr/lib/swift/macosx/prebuilt-modules/26.5/SwiftUICore.swiftmodule/arm64e-apple-macos.swiftmodule /Applications/Xcode.app/Contents/Developer/Toolchains/XcodeDefault.xctoolchain/usr/lib/swift/macosx/prebuilt-modules/26.5/Combine.swiftmodule/arm64e-apple-macos.swiftmodule /Applications/Xcode.app/Contents/Developer/Toolchains/XcodeDefault.xctoolchain/usr/lib/swift/macosx/prebuilt-modules/26.5/ObjectiveC.swiftmodule/arm64e-apple-macos.swiftmodule /Applications/Xcode.app/Contents/Developer/Toolchains/XcodeDefault.xctoolchain/usr/lib/swift/macosx/prebuilt-modules/26.5/Observation.swiftmodule/arm64e-apple-macos.swiftmodule /Users/marcboyer/LogicAudioAssistant/.build/xcode-release-reviewfix/Build/Products/Release/PreviewWorkflow.swiftmodule/arm64-apple-macos.swiftmodule /Applications/Xcode.app/Contents/Developer/Toolchains/XcodeDefault.xctoolchain/usr/lib/swift/macosx/prebuilt-modules/26.5/DataDetection.swiftmodule/arm64e-apple-macos.swiftmodule /Applications/Xcode.app/Contents/Developer/Toolchains/XcodeDefault.xctoolchain/usr/lib/swift/macosx/prebuilt-modules/26.5/Spatial.swiftmodule/arm64e-apple-macos.swiftmodule /Applications/Xcode.app/Contents/Developer/Toolchains/XcodeDefault.xctoolchain/usr/lib/swift/macosx/prebuilt-modules/26.5/AudioToolbox.swiftmodule/arm64e-apple-macos.swiftmodule /Applications/Xcode.app/Contents/Developer/Toolchains/XcodeDefault.xctoolchain/usr/lib/swift/macosx/prebuilt-modules/26.5/CoreData.swiftmodule/arm64e-apple-macos.swiftmodule /Users/marcboyer/LogicAudioAssistant/.build/xcode-release-reviewfix/Build/Products/Release/SessionCore.swiftmodule/arm64-apple-macos.swiftmodule /Applications/Xcode.app/Contents/Developer/Toolchains/XcodeDefault.xctoolchain/usr/lib/swift/macosx/prebuilt-modules/26.5/CoreTransferable.swiftmodule/arm64e-apple-macos.swiftmodule /Users/marcboyer/LogicAudioAssistant/.build/xcode-release-reviewfix/Build/Products/Release/DSPCore.swiftmodule/arm64-apple-macos.swiftmodule /Users/marcboyer/LogicAudioAssistant/.build/xcode-release-reviewfix/Build/Products/Release/ProductionIntelligence.swiftmodule/arm64-apple-macos.swiftmodule /Applications/Xcode.app/Contents/Developer/Toolchains/XcodeDefault.xctoolchain/usr/lib/swift/macosx/prebuilt-modules/26.5/QuartzCore.swiftmodule/arm64e-apple-macos.swiftmodule /Applications/Xcode.app/Contents/Developer/Toolchains/XcodeDefault.xctoolchain/usr/lib/swift/macosx/prebuilt-modules/26.5/Darwin.swiftmodule/arm64e-apple-macos.swiftmodule /Users/marcboyer/LogicAudioAssistant/.build/xcode-release-reviewfix/Build/Products/Release/PlanSchema.swiftmodule/arm64-apple-macos.swiftmodule /Applications/Xcode.app/Contents/Developer/Toolchains/XcodeDefault.xctoolchain/usr/lib/swift/macosx/prebuilt-modules/26.5/Accessibility.swiftmodule/arm64e-apple-macos.swiftmodule /Users/marcboyer/LogicAudioAssistant/.build/xcode-release-reviewfix/Build/Products/Release/ProductionTutor.swiftmodule/arm64-apple-macos.swiftmodule /Applications/Xcode.app/Contents/Developer/Toolchains/XcodeDefault.xctoolchain/usr/lib/swift/macosx/prebuilt-modules/26.5/Dispatch.swiftmodule/arm64e-apple-macos.swiftmodule /Applications/Xcode.app/Contents/Developer/Toolchains/XcodeDefault.xctoolchain/usr/lib/swift/macosx/prebuilt-modules/26.5/AppKit.swiftmodule/arm64e-apple-macos.swiftmodule /Applications/Xcode.app/Contents/Developer/Toolchains/XcodeDefault.xctoolchain/usr/lib/swift/macosx/prebuilt-modules/26.5/CoreMedia.swiftmodule/arm64e-apple-macos.swiftmodule /Applications/Xcode.app/Contents/Developer/Toolchains/XcodeDefault.xctoolchain/usr/lib/swift/macosx/prebuilt-modules/26.5/Foundation.swiftmodule/arm64e-apple-macos.swiftmodule /Applications/Xcode.app/Contents/Developer/Toolchains/XcodeDefault.xctoolchain/usr/lib/swift/macosx/prebuilt-modules/26.5/AVFAudio.swiftmodule/arm64e-apple-macos.swiftmodule /Applications/Xcode.app/Contents/Developer/Toolchains/XcodeDefault.xctoolchain/usr/lib/swift/macosx/prebuilt-modules/26.5/CoreImage.swiftmodule/arm64e-apple-macos.swiftmodule /Applications/Xcode.app/Contents/Developer/Toolchains/XcodeDefault.xctoolchain/usr/lib/swift/macosx/prebuilt-modules/26.5/_Concurrency.swiftmodule/arm64e-apple-macos.swiftmodule /Applications/Xcode.app/Contents/Developer/Toolchains/XcodeDefault.xctoolchain/usr/lib/swift/macosx/prebuilt-modules/26.5/UniformTypeIdentifiers.swiftmodule/arm64e-apple-macos.swiftmodule /Applications/Xcode.app/Contents/Developer/Toolchains/XcodeDefault.xctoolchain/usr/lib/swift/macosx/prebuilt-modules/26.5/IOKit.swiftmodule/arm64e-apple-macos.swiftmodule /Users/marcboyer/LogicAudioAssistant/.build/xcode-release-reviewfix/ModuleCache.noindex/launch-1A42R3LNG23MEEKW4MMSWRYFG.pcm /Users/marcboyer/LogicAudioAssistant/.build/xcode-release-reviewfix/ModuleCache.noindex/os_object-5OUH71ORWNT0WDXEKSPFWWQBW.pcm /Users/marcboyer/LogicAudioAssistant/.build/xcode-release-reviewfix/ModuleCache.noindex/CoreTransferable-7YFUEE5K3U6SEMBJKZB7CCMAV.pcm /Users/marcboyer/LogicAudioAssistant/.build/xcode-release-reviewfix/ModuleCache.noindex/UniformTypeIdentifiers-3BPOM6V8PUEC1EFL5C76IMJ2B.pcm /Users/marcboyer/LogicAudioAssistant/.build/xcode-release-reviewfix/ModuleCache.noindex/AudioToolbox-AFOEZFNW25GXCN6W39KY03HE4.pcm /Users/marcboyer/LogicAudioAssistant/.build/xcode-release-reviewfix/ModuleCache.noindex/CoreAudio-5XUYL07Z0EZVF9EEXFFDSPZ99.pcm /Users/marcboyer/LogicAudioAssistant/.build/xcode-release-reviewfix/ModuleCache.noindex/ptrauth-9T3M01N3WUXIN783NVNCQ2IXL.pcm /Users/marcboyer/LogicAudioAssistant/.build/xcode-release-reviewfix/ModuleCache.noindex/ObjectiveC-48ONX0DSF3ODNJ0MV0ZM7KYHN.pcm /Users/marcboyer/LogicAudioAssistant/.build/xcode-release-reviewfix/ModuleCache.noindex/ptrcheck-9TENN5Q307YO4FW3BXBFB6WEH.pcm /Users/marcboyer/LogicAudioAssistant/.build/xcode-release-reviewfix/ModuleCache.noindex/IOKit-2KHBW2VHQH2XNZ0H5E4OQ5JP4.pcm /Users/marcboyer/LogicAudioAssistant/.build/xcode-release-reviewfix/ModuleCache.noindex/CoreImage-9JNCUQPQKEG1Y8FDN2ZFZ7Q4B.pcm /Users/marcboyer/LogicAudioAssistant/.build/xcode-release-reviewfix/ModuleCache.noindex/LocalAuthentication-7EC34UM1UZ08FQWJ9IZZDLW02.pcm /Users/marcboyer/LogicAudioAssistant/.build/xcode-release-reviewfix/ModuleCache.noindex/os_workgroup-1NSPZD1Y7DRRRF0MUFCSYXYQ3.pcm /Users/marcboyer/LogicAudioAssistant/.build/xcode-release-reviewfix/ModuleCache.noindex/MachO-CHI4ZXPIIGAQOAOG9II4F8QU3.pcm /Users/marcboyer/LogicAudioAssistant/.build/xcode-release-reviewfix/ModuleCache.noindex/CFNetwork-EFAPZVHBXR57E33G920VV29BN.pcm /Users/marcboyer/LogicAudioAssistant/.build/xcode-release-reviewfix/ModuleCache.noindex/XPC-EEVK29HKW69Y7X2OKQLFXFGNM.pcm /Users/marcboyer/LogicAudioAssistant/.build/xcode-release-reviewfix/ModuleCache.noindex/CoreAudioTypes-4RRYFTZD3F5ASTCCWG4ES6UI6.pcm /Users/marcboyer/LogicAudioAssistant/.build/xcode-release-reviewfix/ModuleCache.noindex/AVFoundation-2YPKGP33K7WALZ4B5WBI5SRCP.pcm /Users/marcboyer/LogicAudioAssistant/.build/xcode-release-reviewfix/ModuleCache.noindex/_Builtin_limits-4YBOULG5Y45MD0QUIFU8ZKLTM.pcm /Users/marcboyer/LogicAudioAssistant/.build/xcode-release-reviewfix/ModuleCache.noindex/os-CGG7Z6IZDI96NN0GALXVJGN6U.pcm /Users/marcboyer/LogicAudioAssistant/.build/xcode-release-reviewfix/ModuleCache.noindex/_DarwinFoundation1-ACTP8G5AUK7EBT9Z2198PW1FD.pcm /Users/marcboyer/LogicAudioAssistant/.build/xcode-release-reviewfix/ModuleCache.noindex/CoreServices-9D5S8YJMNF5A7VMMK1PYF20UL.pcm /Users/marcboyer/LogicAudioAssistant/.build/xcode-release-reviewfix/ModuleCache.noindex/_Builtin_float-42ONBQFLSY779HZUKFROF732Z.pcm /Users/marcboyer/LogicAudioAssistant/.build/xcode-release-reviewfix/ModuleCache.noindex/DataDetection-63SNBT1ZLWMP8RZ22TZCQCUC4.pcm /Users/marcboyer/LogicAudioAssistant/.build/xcode-release-reviewfix/ModuleCache.noindex/OSLog-4X2VXC2UVGPGEPEWJ27S4PTHW.pcm /Users/marcboyer/LogicAudioAssistant/.build/xcode-release-reviewfix/ModuleCache.noindex/QuartzCore-9SA8SH4FG5AE0R3CFQ6BNX9I5.pcm /Users/marcboyer/LogicAudioAssistant/.build/xcode-release-reviewfix/ModuleCache.noindex/_Builtin_tgmath-2JW12TRDV7NEMWWXU6XY8MPA8.pcm /Users/marcboyer/LogicAudioAssistant/.build/xcode-release-reviewfix/ModuleCache.noindex/_Builtin_stdarg-BXNW713VEG7S9Z633LH9EEZEH.pcm /Users/marcboyer/LogicAudioAssistant/.build/xcode-release-reviewfix/ModuleCache.noindex/libkern-3LB2BLRTCLJ3JLZLHKDU8V8M4.pcm /Users/marcboyer/LogicAudioAssistant/.build/xcode-release-reviewfix/ModuleCache.noindex/OpenGL-1NTHLG8O5F60KNFWWBB47OQVY.pcm /Users/marcboyer/LogicAudioAssistant/.build/xcode-release-reviewfix/ModuleCache.noindex/SwiftShims-B50EDA5ZTH7WL85IT11BWX92R.pcm /Users/marcboyer/LogicAudioAssistant/.build/xcode-release-reviewfix/ModuleCache.noindex/ApplicationServices-B43OQBLPMXQ0Q5MREBQA1ALK4.pcm /Users/marcboyer/LogicAudioAssistant/.build/xcode-release-reviewfix/ModuleCache.noindex/MediaToolbox-9CMKZN07JA4I0FZTYLH3MA7WU.pcm /Users/marcboyer/LogicAudioAssistant/.build/xcode-release-reviewfix/ModuleCache.noindex/CoreMIDI-2CYU23VVCQ9MJJDBUQ88IL271.pcm /Users/marcboyer/LogicAudioAssistant/.build/xcode-release-reviewfix/ModuleCache.noindex/CoreData-8E2HD07F9GOHWA6Z4L9DPZ1YR.pcm /Users/marcboyer/LogicAudioAssistant/.build/xcode-release-reviewfix/ModuleCache.noindex/Metal-8B5VZCNQ0QYC068HDBTV80QUJ.pcm /Users/marcboyer/LogicAudioAssistant/.build/xcode-release-reviewfix/Build/Intermediates.noindex/SwiftExplicitPrecompiledModules/CAtomics-59E823100TKDUXLSKLVCHQU5L.pcm /Users/marcboyer/LogicAudioAssistant/.build/xcode-release-reviewfix/ModuleCache.noindex/AVFAudio-36NUWGN3LE6W5LT4GI2DIZGVZ.pcm /Users/marcboyer/LogicAudioAssistant/.build/xcode-release-reviewfix/ModuleCache.noindex/Security-8EBZEZLF5EWMWKY7EA2NWYTFR.pcm /Users/marcboyer/LogicAudioAssistant/.build/xcode-release-reviewfix/ModuleCache.noindex/DeveloperToolsSupport-1QZP4MB167OF3PG5OFB45N3TF.pcm /Users/marcboyer/LogicAudioAssistant/.build/xcode-release-reviewfix/ModuleCache.noindex/Darwin-5JIHWR34Z7SSYGG4Z40QAEPWH.pcm /Users/marcboyer/LogicAudioAssistant/.build/xcode-release-reviewfix/ModuleCache.noindex/Symbols-8952S3NKJXHG4HKIL4R1R963N.pcm /Users/marcboyer/LogicAudioAssistant/.build/xcode-release-reviewfix/ModuleCache.noindex/SwiftUICore-40IYH14V7DBXJOY6EPU7R4GQS.pcm /Users/marcboyer/LogicAudioAssistant/.build/xcode-release-reviewfix/ModuleCache.noindex/Carbon-6NXUEOK4XVWGCWPI6K025LAV5.pcm /Users/marcboyer/LogicAudioAssistant/.build/xcode-release-reviewfix/ModuleCache.noindex/_SwiftConcurrencyShims-34HGP3GGMWYUXCUGC4N5212A4.pcm /Users/marcboyer/LogicAudioAssistant/.build/xcode-release-reviewfix/ModuleCache.noindex/_Builtin_stdint-DQS5EX68ZVTM2J8OH8QM1AAO.pcm /Users/marcboyer/LogicAudioAssistant/.build/xcode-release-reviewfix/ModuleCache.noindex/_Builtin_stdatomic-71EPNG3NEFJFFOBKLT6UXXF58.pcm /Users/marcboyer/LogicAudioAssistant/.build/xcode-release-reviewfix/ModuleCache.noindex/_Builtin_stddef-Y9DJYQW6SEE94SPDH7U9NOJ4.pcm /Users/marcboyer/LogicAudioAssistant/.build/xcode-release-reviewfix/ModuleCache.noindex/_AvailabilityInternal-9JR9DZWX629J1O544PXOI8OBK.pcm /Users/marcboyer/LogicAudioAssistant/.build/xcode-release-reviewfix/ModuleCache.noindex/Dispatch-9T9MLGE5EDZF1UFSTRDD8D0QP.pcm /Users/marcboyer/LogicAudioAssistant/.build/xcode-release-reviewfix/ModuleCache.noindex/simd-9JU7GMZ35BTZWO35YD93KUJ43.pcm /Users/marcboyer/LogicAudioAssistant/.build/xcode-release-reviewfix/ModuleCache.noindex/_DarwinFoundation2-4M7RW1D98LKBS5WZKRZJO47CF.pcm /Users/marcboyer/LogicAudioAssistant/.build/xcode-release-reviewfix/ModuleCache.noindex/CoreVideo-6FKCXNG6W3RFQGA3M08N99MZ2.pcm /Users/marcboyer/LogicAudioAssistant/.build/xcode-release-reviewfix/ModuleCache.noindex/CoreText-3GUIX6CTLCPFIHSFWQE5KLOJF.pcm /Users/marcboyer/LogicAudioAssistant/.build/xcode-release-reviewfix/ModuleCache.noindex/Accessibility-5RMFZSF2R6D67FQSFGZ9SBZAT.pcm /Users/marcboyer/LogicAudioAssistant/.build/xcode-release-reviewfix/ModuleCache.noindex/CoreGraphics-9FCRRPT8RQJJQ7MJRB66DRRIJ.pcm /Users/marcboyer/LogicAudioAssistant/.build/xcode-release-reviewfix/ModuleCache.noindex/_Builtin_inttypes-284VGLP8MWP8N5PRPOOEN6FM4.pcm /Users/marcboyer/LogicAudioAssistant/.build/xcode-release-reviewfix/ModuleCache.noindex/ColorSync-222MFHXVPNJ83Y39L0K8VX218.pcm /Users/marcboyer/LogicAudioAssistant/.build/xcode-release-reviewfix/ModuleCache.noindex/CoreMedia-EMN2HMAH05ANKS45NCI7NQQ3.pcm /Users/marcboyer/LogicAudioAssistant/.build/xcode-release-reviewfix/ModuleCache.noindex/CUPS-CPG4L70IH5OQHBW8HW0A4L8VJ.pcm /Users/marcboyer/LogicAudioAssistant/.build/xcode-release-reviewfix/ModuleCache.noindex/CoreFoundation-59DHY35PD1T4VQY7IM7QE92KK.pcm /Users/marcboyer/LogicAudioAssistant/.build/xcode-release-reviewfix/ModuleCache.noindex/AppKit-BPOFF35EFM800BFGTK97SKJDY.pcm /Users/marcboyer/LogicAudioAssistant/.build/xcode-release-reviewfix/ModuleCache.noindex/SwiftUI-9ELP74EYIQGKYS4DUO8VWDLH5.pcm /Users/marcboyer/LogicAudioAssistant/.build/xcode-release-reviewfix/ModuleCache.noindex/libDER-7NPX896OIADLJ9BWEMYIMJF33.pcm /Users/marcboyer/LogicAudioAssistant/.build/xcode-release-reviewfix/ModuleCache.noindex/_DarwinFoundation3-E7Y01O3NZA0H46WVETE5SXQ8V.pcm /Users/marcboyer/LogicAudioAssistant/.build/xcode-release-reviewfix/ModuleCache.noindex/DiskArbitration-1SINT7AUI7X29H5ES1Q12A0JQ.pcm /Users/marcboyer/LogicAudioAssistant/.build/xcode-release-reviewfix/ModuleCache.noindex/IOSurface-DX8Y6FFHN9TYNIQATK6QCVWYL.pcm /Users/marcboyer/LogicAudioAssistant/.build/xcode-release-reviewfix/ModuleCache.noindex/Foundation-9QFPKDOHPNXL1KMN5RXXRKDQL.pcm /Users/marcboyer/LogicAudioAssistant/.build/xcode-release-reviewfix/ModuleCache.noindex/_Builtin_stdbool-6PK4V8AHCRXMN7FPVKGZ8ZXKV.pcm /Users/marcboyer/LogicAudioAssistant/.build/xcode-release-reviewfix/ModuleCache.noindex/sys_types-91AKA72EUP1OJRDVQT9GU8JA0.pcm /Users/marcboyer/LogicAudioAssistant/.build/xcode-release-reviewfix/ModuleCache.noindex/_Builtin_intrinsics-2W6IGUY4OT9F3Y6S3MR8ULBEN.pcm /Users/marcboyer/LogicAudioAssistant/.build/xcode-release-reviewfix/ModuleCache.noindex/ImageIO-4PT3M6X7LCRJI70NA1LDWCT15.pcm /Users/marcboyer/LogicAudioAssistant/.build/xcode-release-reviewfix/ModuleCache.noindex/Spatial-D4XF8KAA26TJ66BYWT5CHDMT8.pcm /Users/marcboyer/LogicAudioAssistant/.build/xcode-release-reviewfix/Build/Intermediates.noindex/LogicAudioAssistant.build/Release/CompanionMacApp.build/Objects-normal/arm64/Logic_Audio_Assistant-dependencies-1.json (in target 'CompanionMacApp' from project 'LogicAudioAssistant' at path '/Users/marcboyer/LogicAudioAssistant/LogicAudioAssistant.xcodeproj')

CompileSwift normal arm64 (in target 'CompanionMacApp' from project 'LogicAudioAssistant' at path '/Users/marcboyer/LogicAudioAssistant/LogicAudioAssistant.xcodeproj')
    cd /Users/marcboyer/LogicAudioAssistant
    

SwiftDriverJobDiscovery normal arm64 Compiling ActionBarView.swift, Badge.swift, CapturePanelView.swift, Card.swift, ChainPanelView.swift, ChangeCard.swift, ChangeStackView.swift, ClarificationCardView.swift, CompanionMacApp.swift, CompanionSessionModel.swift, ContradictionSectionView.swift, DetailDisclosuresView.swift, DirectAnswerCardView.swift, EvidenceBannerView.swift, EvidenceFooterView.swift, FeedbackBarView.swift, FirstMoveCardView.swift, GeneralAnswerView.swift, HypothesesPanelView.swift, InstrumentSurface.swift, InterpretationHeaderView.swift, Labels.swift, LessonContentView.swift, MemoryControlsView.swift, PreviewCard.swift, PreviewPanelView.swift, PromptPanelView.swift, ProviderStatusRowView.swift, RequestPanelView.swift, ResearchControlView.swift, RevisionPanelView.swift, SettingsView.swift, SortedUniqueBulletsView.swift, SourceRowView.swift, StatusHeaderView.swift, StepCardView.swift, StrategyCardView.swift, StrategySectionView.swift, SummaryCardView.swift, Theme.swift, TutorConversationSessionModel.swift, TutorConversationView.swift, TutorGuideView.swift, TutorSessionModel.swift, UnsupportedCardView.swift, VocalAnalysisFeedbackView.swift, VocalCaptureBriefEditorView.swift, VocalCaptureBriefView.swift, VocalCaptureInterpretationsView.swift, VocalCreativeCandidatesView.swift, VocalCreativeIntentView.swift, VocalGuideCreateHandoffView.swift, VocalWorkspaceComponents.swift, VocalWorkspaceModel.swift, VocalWorkspacePersistenceCoordinator.swift, VocalWorkspacePresentation.swift, VocalWorkspaceView.swift, WaveformView.swift, GeneratedAssetSymbols.swift (in target 'CompanionMacApp' from project 'LogicAudioAssistant' at path '/Users/marcboyer/LogicAudioAssistant/LogicAudioAssistant.xcodeproj')

SwiftDriver\ Compilation\ Requirements CompanionMacApp normal arm64 com.apple.xcode.tools.swift.compiler (in target 'CompanionMacApp' from project 'LogicAudioAssistant' at path '/Users/marcboyer/LogicAudioAssistant/LogicAudioAssistant.xcodeproj')
    cd /Users/marcboyer/LogicAudioAssistant
    builtin-Swift-Compilation-Requirements -- /Applications/Xcode.app/Contents/Developer/Toolchains/XcodeDefault.xctoolchain/usr/bin/swiftc -module-name Logic_Audio_Assistant -O -whole-module-optimization @/Users/marcboyer/LogicAudioAssistant/.build/xcode-release-reviewfix/Build/Intermediates.noindex/LogicAudioAssistant.build/Release/CompanionMacApp.build/Objects-normal/arm64/Logic\ Audio\ Assistant.SwiftFileList -Xcc -fmodule-map-file\=/Users/marcboyer/LogicAudioAssistant/.build/xcode-release-reviewfix/Build/Intermediates.noindex/GeneratedModuleMaps/CAtomics.modulemap -enable-experimental-feature DebugDescriptionMacro -sdk /Applications/Xcode.app/Contents/Developer/Platforms/MacOSX.platform/Developer/SDKs/MacOSX26.5.sdk -target arm64-apple-macos14.0 -g -module-cache-path /Users/marcboyer/LogicAudioAssistant/.build/xcode-release-reviewfix/ModuleCache.noindex -Xfrontend -serialize-debugging-options -swift-version 6 -I /Users/marcboyer/LogicAudioAssistant/.build/xcode-release-reviewfix/Build/Products/Release -F /Users/marcboyer/LogicAudioAssistant/.build/xcode-release-reviewfix/Build/Products/Release/PackageFrameworks -F /Users/marcboyer/LogicAudioAssistant/.build/xcode-release-reviewfix/Build/Products/Release/PackageFrameworks -F /Users/marcboyer/LogicAudioAssistant/.build/xcode-release-reviewfix/Build/Products/Release/PackageFrameworks -F /Users/marcboyer/LogicAudioAssistant/.build/xcode-release-reviewfix/Build/Products/Release/PackageFrameworks -F /Users/marcboyer/LogicAudioAssistant/.build/xcode-release-reviewfix/Build/Products/Release/PackageFrameworks -F /Users/marcboyer/LogicAudioAssistant/.build/xcode-release-reviewfix/Build/Products/Release/PackageFrameworks -F /Users/marcboyer/LogicAudioAssistant/.build/xcode-release-reviewfix/Build/Products/Release/PackageFrameworks -F /Users/marcboyer/LogicAudioAssistant/.build/xcode-release-reviewfix/Build/Products/Release/PackageFrameworks -F /Users/marcboyer/LogicAudioAssistant/.build/xcode-release-reviewfix/Build/Products/Release/PackageFrameworks -F /Users/marcboyer/LogicAudioAssistant/.build/xcode-release-reviewfix/Build/Products/Release/PackageFrameworks -F /Users/marcboyer/LogicAudioAssistant/.build/xcode-release-reviewfix/Build/Products/Release/PackageFrameworks -F /Users/marcboyer/LogicAudioAssistant/.build/xcode-release-reviewfix/Build/Products/Release/PackageFrameworks -F /Users/marcboyer/LogicAudioAssistant/.build/xcode-release-reviewfix/Build/Products/Release/PackageFrameworks -F /Users/marcboyer/LogicAudioAssistant/.build/xcode-release-reviewfix/Build/Products/Release/PackageFrameworks -F /Users/marcboyer/LogicAudioAssistant/.build/xcode-release-reviewfix/Build/Products/Release/PackageFrameworks -F /Users/marcboyer/LogicAudioAssistant/.build/xcode-release-reviewfix/Build/Products/Release/PackageFrameworks -F /Users/marcboyer/LogicAudioAssistant/.build/xcode-release-reviewfix/Build/Products/Release -c -num-threads 10 -Xcc -ivfsstatcache -Xcc /Users/marcboyer/LogicAudioAssistant/.build/xcode-release-reviewfix/SDKStatCaches.noindex/macosx26.5-25F70-e082c4a02f00227109f4ed75e425c832.sdkstatcache -output-file-map /Users/marcboyer/LogicAudioAssistant/.build/xcode-release-reviewfix/Build/Intermediates.noindex/LogicAudioAssistant.build/Release/CompanionMacApp.build/Objects-normal/arm64/CompanionMacApp-OutputFileMap.json -use-frontend-parseable-output -save-temps -no-color-diagnostics -explicit-module-build -module-cache-path /Users/marcboyer/LogicAudioAssistant/.build/xcode-release-reviewfix/Build/Intermediates.noindex/SwiftExplicitPrecompiledModules -clang-scanner-module-cache-path /Users/marcboyer/LogicAudioAssistant/.build/xcode-release-reviewfix/ModuleCache.noindex -sdk-module-cache-path /Users/marcboyer/LogicAudioAssistant/.build/xcode-release-reviewfix/ModuleCache.noindex -serialize-diagnostics -emit-dependencies -emit-module -emit-module-path /Users/marcboyer/LogicAudioAssistant/.build/xcode-release-reviewfix/Build/Intermediates.noindex/LogicAudioAssistant.build/Release/CompanionMacApp.build/Objects-normal/arm64/Logic_Audio_Assistant.swiftmodule -validate-clang-modules-once -clang-build-session-file /Users/marcboyer/LogicAudioAssistant/.build/xcode-release-reviewfix/ModuleCache.noindex/Session.modulevalidation -Xcc -I/Users/marcboyer/LogicAudioAssistant/.build/xcode-release-reviewfix/Build/Intermediates.noindex/LogicAudioAssistant.build/Release/CompanionMacApp.build/swift-overrides.hmap -emit-const-values -Xfrontend -const-gather-protocols-file -Xfrontend /Users/marcboyer/LogicAudioAssistant/.build/xcode-release-reviewfix/Build/Intermediates.noindex/LogicAudioAssistant.build/Release/CompanionMacApp.build/Objects-normal/arm64/CompanionMacApp_const_extract_protocols.json -Xcc -iquote -Xcc /Users/marcboyer/LogicAudioAssistant/.build/xcode-release-reviewfix/Build/Intermediates.noindex/LogicAudioAssistant.build/Release/CompanionMacApp.build/Logic\ Audio\ Assistant-generated-files.hmap -Xcc -I/Users/marcboyer/LogicAudioAssistant/.build/xcode-release-reviewfix/Build/Intermediates.noindex/LogicAudioAssistant.build/Release/CompanionMacApp.build/Logic\ Audio\ Assistant-own-target-headers.hmap -Xcc -I/Users/marcboyer/LogicAudioAssistant/.build/xcode-release-reviewfix/Build/Intermediates.noindex/LogicAudioAssistant.build/Release/CompanionMacApp.build/Logic\ Audio\ Assistant-all-non-framework-target-headers.hmap -Xcc -ivfsoverlay -Xcc /Users/marcboyer/LogicAudioAssistant/.build/xcode-release-reviewfix/Build/Intermediates.noindex/LogicAudioAssistant.build/Release/LogicAudioAssistant-ad80f5d6a5c2eb78a281f1b37698cd26-VFS/all-product-headers.yaml -Xcc -iquote -Xcc /Users/marcboyer/LogicAudioAssistant/.build/xcode-release-reviewfix/Build/Intermediates.noindex/LogicAudioAssistant.build/Release/CompanionMacApp.build/Logic\ Audio\ Assistant-project-headers.hmap -Xcc -I/Users/marcboyer/LogicAudioAssistant/packages/CAtomics/include -Xcc -I/Users/marcboyer/LogicAudioAssistant/.build/xcode-release-reviewfix/Build/Products/Release/include -Xcc -I/Users/marcboyer/LogicAudioAssistant/.build/xcode-release-reviewfix/Build/Intermediates.noindex/LogicAudioAssistant.build/Release/CompanionMacApp.build/DerivedSources-normal/arm64 -Xcc -I/Users/marcboyer/LogicAudioAssistant/.build/xcode-release-reviewfix/Build/Intermediates.noindex/LogicAudioAssistant.build/Release/CompanionMacApp.build/DerivedSources/arm64 -Xcc -I/Users/marcboyer/LogicAudioAssistant/.build/xcode-release-reviewfix/Build/Intermediates.noindex/LogicAudioAssistant.build/Release/CompanionMacApp.build/DerivedSources -emit-objc-header -emit-objc-header-path /Users/marcboyer/LogicAudioAssistant/.build/xcode-release-reviewfix/Build/Intermediates.noindex/LogicAudioAssistant.build/Release/CompanionMacApp.build/Objects-normal/arm64/Logic_Audio_Assistant-Swift.h -working-directory /Users/marcboyer/LogicAudioAssistant -no-emit-module-separately-wmo

SwiftMergeGeneratedHeaders /Users/marcboyer/LogicAudioAssistant/.build/xcode-release-reviewfix/Build/Intermediates.noindex/LogicAudioAssistant.build/Release/CompanionMacApp.build/DerivedSources/Logic_Audio_Assistant-Swift.h /Users/marcboyer/LogicAudioAssistant/.build/xcode-release-reviewfix/Build/Intermediates.noindex/LogicAudioAssistant.build/Release/CompanionMacApp.build/Objects-normal/arm64/Logic_Audio_Assistant-Swift.h (in target 'CompanionMacApp' from project 'LogicAudioAssistant' at path '/Users/marcboyer/LogicAudioAssistant/LogicAudioAssistant.xcodeproj')
    cd /Users/marcboyer/LogicAudioAssistant
    builtin-swiftHeaderTool -arch arm64 /Users/marcboyer/LogicAudioAssistant/.build/xcode-release-reviewfix/Build/Intermediates.noindex/LogicAudioAssistant.build/Release/CompanionMacApp.build/Objects-normal/arm64/Logic_Audio_Assistant-Swift.h -o /Users/marcboyer/LogicAudioAssistant/.build/xcode-release-reviewfix/Build/Intermediates.noindex/LogicAudioAssistant.build/Release/CompanionMacApp.build/DerivedSources/Logic_Audio_Assistant-Swift.h

Copy /Users/marcboyer/LogicAudioAssistant/.build/xcode-release-reviewfix/Build/Products/Release/Logic_Audio_Assistant.swiftmodule/arm64-apple-macos.abi.json /Users/marcboyer/LogicAudioAssistant/.build/xcode-release-reviewfix/Build/Intermediates.noindex/LogicAudioAssistant.build/Release/CompanionMacApp.build/Objects-normal/arm64/Logic_Audio_Assistant.abi.json (in target 'CompanionMacApp' from project 'LogicAudioAssistant' at path '/Users/marcboyer/LogicAudioAssistant/LogicAudioAssistant.xcodeproj')
    cd /Users/marcboyer/LogicAudioAssistant
    builtin-copy -exclude .DS_Store -exclude CVS -exclude .svn -exclude .git -exclude .hg -resolve-src-symlinks -rename /Users/marcboyer/LogicAudioAssistant/.build/xcode-release-reviewfix/Build/Intermediates.noindex/LogicAudioAssistant.build/Release/CompanionMacApp.build/Objects-normal/arm64/Logic_Audio_Assistant.abi.json /Users/marcboyer/LogicAudioAssistant/.build/xcode-release-reviewfix/Build/Products/Release/Logic_Audio_Assistant.swiftmodule/arm64-apple-macos.abi.json

Copy /Users/marcboyer/LogicAudioAssistant/.build/xcode-release-reviewfix/Build/Products/Release/Logic_Audio_Assistant.swiftmodule/arm64-apple-macos.swiftmodule /Users/marcboyer/LogicAudioAssistant/.build/xcode-release-reviewfix/Build/Intermediates.noindex/LogicAudioAssistant.build/Release/CompanionMacApp.build/Objects-normal/arm64/Logic_Audio_Assistant.swiftmodule (in target 'CompanionMacApp' from project 'LogicAudioAssistant' at path '/Users/marcboyer/LogicAudioAssistant/LogicAudioAssistant.xcodeproj')
    cd /Users/marcboyer/LogicAudioAssistant
    builtin-copy -exclude .DS_Store -exclude CVS -exclude .svn -exclude .git -exclude .hg -resolve-src-symlinks -rename /Users/marcboyer/LogicAudioAssistant/.build/xcode-release-reviewfix/Build/Intermediates.noindex/LogicAudioAssistant.build/Release/CompanionMacApp.build/Objects-normal/arm64/Logic_Audio_Assistant.swiftmodule /Users/marcboyer/LogicAudioAssistant/.build/xcode-release-reviewfix/Build/Products/Release/Logic_Audio_Assistant.swiftmodule/arm64-apple-macos.swiftmodule

Copy /Users/marcboyer/LogicAudioAssistant/.build/xcode-release-reviewfix/Build/Products/Release/Logic_Audio_Assistant.swiftmodule/arm64-apple-macos.swiftdoc /Users/marcboyer/LogicAudioAssistant/.build/xcode-release-reviewfix/Build/Intermediates.noindex/LogicAudioAssistant.build/Release/CompanionMacApp.build/Objects-normal/arm64/Logic_Audio_Assistant.swiftdoc (in target 'CompanionMacApp' from project 'LogicAudioAssistant' at path '/Users/marcboyer/LogicAudioAssistant/LogicAudioAssistant.xcodeproj')
    cd /Users/marcboyer/LogicAudioAssistant
    builtin-copy -exclude .DS_Store -exclude CVS -exclude .svn -exclude .git -exclude .hg -resolve-src-symlinks -rename /Users/marcboyer/LogicAudioAssistant/.build/xcode-release-reviewfix/Build/Intermediates.noindex/LogicAudioAssistant.build/Release/CompanionMacApp.build/Objects-normal/arm64/Logic_Audio_Assistant.swiftdoc /Users/marcboyer/LogicAudioAssistant/.build/xcode-release-reviewfix/Build/Products/Release/Logic_Audio_Assistant.swiftmodule/arm64-apple-macos.swiftdoc

Copy /Users/marcboyer/LogicAudioAssistant/.build/xcode-release-reviewfix/Build/Products/Release/Logic_Audio_Assistant.swiftmodule/Project/arm64-apple-macos.swiftsourceinfo /Users/marcboyer/LogicAudioAssistant/.build/xcode-release-reviewfix/Build/Intermediates.noindex/LogicAudioAssistant.build/Release/CompanionMacApp.build/Objects-normal/arm64/Logic_Audio_Assistant.swiftsourceinfo (in target 'CompanionMacApp' from project 'LogicAudioAssistant' at path '/Users/marcboyer/LogicAudioAssistant/LogicAudioAssistant.xcodeproj')
    cd /Users/marcboyer/LogicAudioAssistant
    builtin-copy -exclude .DS_Store -exclude CVS -exclude .svn -exclude .git -exclude .hg -resolve-src-symlinks -rename /Users/marcboyer/LogicAudioAssistant/.build/xcode-release-reviewfix/Build/Intermediates.noindex/LogicAudioAssistant.build/Release/CompanionMacApp.build/Objects-normal/arm64/Logic_Audio_Assistant.swiftsourceinfo /Users/marcboyer/LogicAudioAssistant/.build/xcode-release-reviewfix/Build/Products/Release/Logic_Audio_Assistant.swiftmodule/Project/arm64-apple-macos.swiftsourceinfo

Ld /Users/marcboyer/LogicAudioAssistant/.build/xcode-release-reviewfix/Build/Products/Release/Logic\ Audio\ Assistant.app/Contents/MacOS/Logic\ Audio\ Assistant normal (in target 'CompanionMacApp' from project 'LogicAudioAssistant' at path '/Users/marcboyer/LogicAudioAssistant/LogicAudioAssistant.xcodeproj')
    cd /Users/marcboyer/LogicAudioAssistant
    /Applications/Xcode.app/Contents/Developer/Toolchains/XcodeDefault.xctoolchain/usr/bin/clang -Xlinker -reproducible -target arm64-apple-macos14.0 -isysroot /Applications/Xcode.app/Contents/Developer/Platforms/MacOSX.platform/Developer/SDKs/MacOSX26.5.sdk -Os -L/Users/marcboyer/LogicAudioAssistant/.build/xcode-release-reviewfix/Build/Intermediates.noindex/EagerLinkingTBDs/Release -L/Users/marcboyer/LogicAudioAssistant/.build/xcode-release-reviewfix/Build/Products/Release -F/Users/marcboyer/LogicAudioAssistant/.build/xcode-release-reviewfix/Build/Intermediates.noindex/EagerLinkingTBDs/Release -F/Users/marcboyer/LogicAudioAssistant/.build/xcode-release-reviewfix/Build/Products/Release/PackageFrameworks -F/Users/marcboyer/LogicAudioAssistant/.build/xcode-release-reviewfix/Build/Products/Release/PackageFrameworks -F/Users/marcboyer/LogicAudioAssistant/.build/xcode-release-reviewfix/Build/Products/Release/PackageFrameworks -F/Users/marcboyer/LogicAudioAssistant/.build/xcode-release-reviewfix/Build/Products/Release/PackageFrameworks -F/Users/marcboyer/LogicAudioAssistant/.build/xcode-release-reviewfix/Build/Products/Release/PackageFrameworks -F/Users/marcboyer/LogicAudioAssistant/.build/xcode-release-reviewfix/Build/Products/Release/PackageFrameworks -F/Users/marcboyer/LogicAudioAssistant/.build/xcode-release-reviewfix/Build/Products/Release/PackageFrameworks -F/Users/marcboyer/LogicAudioAssistant/.build/xcode-release-reviewfix/Build/Products/Release/PackageFrameworks -F/Users/marcboyer/LogicAudioAssistant/.build/xcode-release-reviewfix/Build/Products/Release/PackageFrameworks -F/Users/marcboyer/LogicAudioAssistant/.build/xcode-release-reviewfix/Build/Products/Release/PackageFrameworks -F/Users/marcboyer/LogicAudioAssistant/.build/xcode-release-reviewfix/Build/Products/Release/PackageFrameworks -F/Users/marcboyer/LogicAudioAssistant/.build/xcode-release-reviewfix/Build/Products/Release/PackageFrameworks -F/Users/marcboyer/LogicAudioAssistant/.build/xcode-release-reviewfix/Build/Products/Release/PackageFrameworks -F/Users/marcboyer/LogicAudioAssistant/.build/xcode-release-reviewfix/Build/Products/Release/PackageFrameworks -F/Users/marcboyer/LogicAudioAssistant/.build/xcode-release-reviewfix/Build/Products/Release/PackageFrameworks -F/Users/marcboyer/LogicAudioAssistant/.build/xcode-release-reviewfix/Build/Products/Release/PackageFrameworks -F/Users/marcboyer/LogicAudioAssistant/.build/xcode-release-reviewfix/Build/Products/Release -filelist /Users/marcboyer/LogicAudioAssistant/.build/xcode-release-reviewfix/Build/Intermediates.noindex/LogicAudioAssistant.build/Release/CompanionMacApp.build/Objects-normal/arm64/Logic\ Audio\ Assistant.LinkFileList -Xlinker -rpath -Xlinker /usr/lib/swift -Xlinker -rpath -Xlinker @executable_path/../Frameworks -Xlinker -object_path_lto -Xlinker /Users/marcboyer/LogicAudioAssistant/.build/xcode-release-reviewfix/Build/Intermediates.noindex/LogicAudioAssistant.build/Release/CompanionMacApp.build/Objects-normal/arm64/Logic\ Audio\ Assistant_lto.o -Xlinker -dependency_info -Xlinker /Users/marcboyer/LogicAudioAssistant/.build/xcode-release-reviewfix/Build/Intermediates.noindex/LogicAudioAssistant.build/Release/CompanionMacApp.build/Objects-normal/arm64/Logic\ Audio\ Assistant_dependency_info.dat -fobjc-link-runtime -L/Applications/Xcode.app/Contents/Developer/Toolchains/XcodeDefault.xctoolchain/usr/lib/swift/macosx -L/usr/lib/swift -Xlinker -add_ast_path -Xlinker /Users/marcboyer/LogicAudioAssistant/.build/xcode-release-reviewfix/Build/Intermediates.noindex/LogicAudioAssistant.build/Release/CompanionMacApp.build/Objects-normal/arm64/Logic_Audio_Assistant.swiftmodule @/Users/marcboyer/LogicAudioAssistant/.build/xcode-release-reviewfix/Build/Intermediates.noindex/LogicAudioAssistant.build/Release/CompanionMacApp.build/Objects-normal/arm64/Logic_Audio_Assistant-linker-args.resp -Wl,-no_warn_duplicate_libraries -Wl,-no_warn_duplicate_libraries -Wl,-no_warn_duplicate_libraries -Wl,-no_warn_duplicate_libraries -Wl,-no_warn_duplicate_libraries -Wl,-no_warn_duplicate_libraries -Wl,-no_warn_duplicate_libraries -Wl,-no_warn_duplicate_libraries -Wl,-no_warn_duplicate_libraries -Wl,-no_warn_duplicate_libraries -Wl,-no_warn_duplicate_libraries -Wl,-no_warn_duplicate_libraries -Wl,-no_warn_duplicate_libraries -Wl,-no_warn_duplicate_libraries -Wl,-no_warn_duplicate_libraries -Wl,-no_warn_duplicate_libraries -framework AppKit -framework ApplicationServices -framework Security -o /Users/marcboyer/LogicAudioAssistant/.build/xcode-release-reviewfix/Build/Products/Release/Logic\ Audio\ Assistant.app/Contents/MacOS/Logic\ Audio\ Assistant -Xlinker -add_ast_path -Xlinker /Users/marcboyer/LogicAudioAssistant/.build/xcode-release-reviewfix/Build/Intermediates.noindex/LogicAudioAssistant.build/Release/SharedIPC.build/Objects-normal/arm64/SharedIPC.swiftmodule @/Users/marcboyer/LogicAudioAssistant/.build/xcode-release-reviewfix/Build/Intermediates.noindex/LogicAudioAssistant.build/Release/SharedIPC.build/Objects-normal/arm64/SharedIPC-linker-args.resp -Xlinker -add_ast_path -Xlinker /Users/marcboyer/LogicAudioAssistant/.build/xcode-release-reviewfix/Build/Intermediates.noindex/LogicAudioAssistant.build/Release/PlanSchema.build/Objects-normal/arm64/PlanSchema.swiftmodule @/Users/marcboyer/LogicAudioAssistant/.build/xcode-release-reviewfix/Build/Intermediates.noindex/LogicAudioAssistant.build/Release/PlanSchema.build/Objects-normal/arm64/PlanSchema-linker-args.resp -Xlinker -add_ast_path -Xlinker /Users/marcboyer/LogicAudioAssistant/.build/xcode-release-reviewfix/Build/Intermediates.noindex/LogicAudioAssistant.build/Release/SessionCore.build/Objects-normal/arm64/SessionCore.swiftmodule @/Users/marcboyer/LogicAudioAssistant/.build/xcode-release-reviewfix/Build/Intermediates.noindex/LogicAudioAssistant.build/Release/SessionCore.build/Objects-normal/arm64/SessionCore-linker-args.resp -Xlinker -add_ast_path -Xlinker /Users/marcboyer/LogicAudioAssistant/.build/xcode-release-reviewfix/Build/Intermediates.noindex/LogicAudioAssistant.build/Release/DSPCore.build/Objects-normal/arm64/DSPCore.swiftmodule @/Users/marcboyer/LogicAudioAssistant/.build/xcode-release-reviewfix/Build/Intermediates.noindex/LogicAudioAssistant.build/Release/DSPCore.build/Objects-normal/arm64/DSPCore-linker-args.resp -Xlinker -add_ast_path -Xlinker /Users/marcboyer/LogicAudioAssistant/.build/xcode-release-reviewfix/Build/Intermediates.noindex/LogicAudioAssistant.build/Release/AudioAnalysis.build/Objects-normal/arm64/AudioAnalysis.swiftmodule @/Users/marcboyer/LogicAudioAssistant/.build/xcode-release-reviewfix/Build/Intermediates.noindex/LogicAudioAssistant.build/Release/AudioAnalysis.build/Objects-normal/arm64/AudioAnalysis-linker-args.resp -Xlinker -add_ast_path -Xlinker /Users/marcboyer/LogicAudioAssistant/.build/xcode-release-reviewfix/Build/Intermediates.noindex/LogicAudioAssistant.build/Release/StateStore.build/Objects-normal/arm64/StateStore.swiftmodule @/Users/marcboyer/LogicAudioAssistant/.build/xcode-release-reviewfix/Build/Intermediates.noindex/LogicAudioAssistant.build/Release/StateStore.build/Objects-normal/arm64/StateStore-linker-args.resp -Xlinker -add_ast_path -Xlinker /Users/marcboyer/LogicAudioAssistant/.build/xcode-release-reviewfix/Build/Intermediates.noindex/LogicAudioAssistant.build/Release/AgentCore.build/Objects-normal/arm64/AgentCore.swiftmodule @/Users/marcboyer/LogicAudioAssistant/.build/xcode-release-reviewfix/Build/Intermediates.noindex/LogicAudioAssistant.build/Release/AgentCore.build/Objects-normal/arm64/AgentCore-linker-args.resp -Xlinker -add_ast_path -Xlinker /Users/marcboyer/LogicAudioAssistant/.build/xcode-release-reviewfix/Build/Intermediates.noindex/LogicAudioAssistant.build/Release/PreviewRenderer.build/Objects-normal/arm64/PreviewRenderer.swiftmodule @/Users/marcboyer/LogicAudioAssistant/.build/xcode-release-reviewfix/Build/Intermediates.noindex/LogicAudioAssistant.build/Release/PreviewRenderer.build/Objects-normal/arm64/PreviewRenderer-linker-args.resp -Xlinker -add_ast_path -Xlinker /Users/marcboyer/LogicAudioAssistant/.build/xcode-release-reviewfix/Build/Intermediates.noindex/LogicAudioAssistant.build/Release/VocalProduction.build/Objects-normal/arm64/VocalProduction.swiftmodule @/Users/marcboyer/LogicAudioAssistant/.build/xcode-release-reviewfix/Build/Intermediates.noindex/LogicAudioAssistant.build/Release/VocalProduction.build/Objects-normal/arm64/VocalProduction-linker-args.resp -Xlinker -add_ast_path -Xlinker /Users/marcboyer/LogicAudioAssistant/.build/xcode-release-reviewfix/Build/Intermediates.noindex/LogicAudioAssistant.build/Release/PreviewWorkflow.build/Objects-normal/arm64/PreviewWorkflow.swiftmodule @/Users/marcboyer/LogicAudioAssistant/.build/xcode-release-reviewfix/Build/Intermediates.noindex/LogicAudioAssistant.build/Release/PreviewWorkflow.build/Objects-normal/arm64/PreviewWorkflow-linker-args.resp -Xlinker -add_ast_path -Xlinker /Users/marcboyer/LogicAudioAssistant/.build/xcode-release-reviewfix/Build/Intermediates.noindex/LogicAudioAssistant.build/Release/PreviewAudition.build/Objects-normal/arm64/PreviewAudition.swiftmodule @/Users/marcboyer/LogicAudioAssistant/.build/xcode-release-reviewfix/Build/Intermediates.noindex/LogicAudioAssistant.build/Release/PreviewAudition.build/Objects-normal/arm64/PreviewAudition-linker-args.resp -Xlinker -add_ast_path -Xlinker /Users/marcboyer/LogicAudioAssistant/.build/xcode-release-reviewfix/Build/Intermediates.noindex/LogicAudioAssistant.build/Release/ProductionIntelligence.build/Objects-normal/arm64/ProductionIntelligence.swiftmodule @/Users/marcboyer/LogicAudioAssistant/.build/xcode-release-reviewfix/Build/Intermediates.noindex/LogicAudioAssistant.build/Release/ProductionIntelligence.build/Objects-normal/arm64/ProductionIntelligence-linker-args.resp -Xlinker -add_ast_path -Xlinker /Users/marcboyer/LogicAudioAssistant/.build/xcode-release-reviewfix/Build/Intermediates.noindex/LogicAudioAssistant.build/Release/ProductionTutor.build/Objects-normal/arm64/ProductionTutor.swiftmodule @/Users/marcboyer/LogicAudioAssistant/.build/xcode-release-reviewfix/Build/Intermediates.noindex/LogicAudioAssistant.build/Release/ProductionTutor.build/Objects-normal/arm64/ProductionTutor-linker-args.resp -Xlinker -add_ast_path -Xlinker /Users/marcboyer/LogicAudioAssistant/.build/xcode-release-reviewfix/Build/Intermediates.noindex/LogicAudioAssistant.build/Release/TutorConversation.build/Objects-normal/arm64/TutorConversation.swiftmodule @/Users/marcboyer/LogicAudioAssistant/.build/xcode-release-reviewfix/Build/Intermediates.noindex/LogicAudioAssistant.build/Release/TutorConversation.build/Objects-normal/arm64/TutorConversation-linker-args.resp -Xlinker -add_ast_path -Xlinker /Users/marcboyer/LogicAudioAssistant/.build/xcode-release-reviewfix/Build/Intermediates.noindex/LogicAudioAssistant.build/Release/TutorLogicObserver.build/Objects-normal/arm64/TutorLogicObserver.swiftmodule @/Users/marcboyer/LogicAudioAssistant/.build/xcode-release-reviewfix/Build/Intermediates.noindex/LogicAudioAssistant.build/Release/TutorLogicObserver.build/Objects-normal/arm64/TutorLogicObserver-linker-args.resp

Copy /Users/marcboyer/LogicAudioAssistant/.build/xcode-release-reviewfix/Build/Products/Release/Logic\ Audio\ Assistant.app/Contents/PlugIns/Logic\ Audio\ Assistant\ AU.appex /Users/marcboyer/LogicAudioAssistant/.build/xcode-release-reviewfix/Build/Products/Release/Logic\ Audio\ Assistant\ AU.appex (in target 'CompanionMacApp' from project 'LogicAudioAssistant' at path '/Users/marcboyer/LogicAudioAssistant/LogicAudioAssistant.xcodeproj')
    cd /Users/marcboyer/LogicAudioAssistant
    builtin-copy -exclude .DS_Store -exclude CVS -exclude .svn -exclude .git -exclude .hg -exclude Headers -exclude PrivateHeaders -exclude Modules -exclude \*.tbd -resolve-src-symlinks -remove-static-executable /Users/marcboyer/LogicAudioAssistant/.build/xcode-release-reviewfix/Build/Products/Release/Logic\ Audio\ Assistant\ AU.appex /Users/marcboyer/LogicAudioAssistant/.build/xcode-release-reviewfix/Build/Products/Release/Logic\ Audio\ Assistant.app/Contents/PlugIns

ProcessInfoPlistFile /Users/marcboyer/LogicAudioAssistant/.build/xcode-release-reviewfix/Build/Products/Release/Logic\ Audio\ Assistant.app/Contents/Info.plist /Users/marcboyer/LogicAudioAssistant/apps/CompanionMacApp/Info.plist (in target 'CompanionMacApp' from project 'LogicAudioAssistant' at path '/Users/marcboyer/LogicAudioAssistant/LogicAudioAssistant.xcodeproj')
    cd /Users/marcboyer/LogicAudioAssistant
    builtin-infoPlistUtility /Users/marcboyer/LogicAudioAssistant/apps/CompanionMacApp/Info.plist -producttype com.apple.product-type.application -genpkginfo /Users/marcboyer/LogicAudioAssistant/.build/xcode-release-reviewfix/Build/Products/Release/Logic\ Audio\ Assistant.app/Contents/PkgInfo -expandbuildsettings -platform macosx -additionalcontentfile /Users/marcboyer/LogicAudioAssistant/.build/xcode-release-reviewfix/Build/Intermediates.noindex/LogicAudioAssistant.build/Release/CompanionMacApp.build/assetcatalog_generated_info.plist -scanforprivacyfile /Users/marcboyer/LogicAudioAssistant/.build/xcode-release-reviewfix/Build/Products/Release/Logic\ Audio\ Assistant.app/Contents/PlugIns/Logic\ Audio\ Assistant\ AU.appex -scanforprivacyfile /Users/marcboyer/LogicAudioAssistant/.build/xcode-release-reviewfix/Build/Products/Release/Logic\ Audio\ Assistant.app/Contents/Resources/LogicAudioAssistant_ProductionTutor.bundle -o /Users/marcboyer/LogicAudioAssistant/.build/xcode-release-reviewfix/Build/Products/Release/Logic\ Audio\ Assistant.app/Contents/Info.plist

CopySwiftLibs /Users/marcboyer/LogicAudioAssistant/.build/xcode-release-reviewfix/Build/Products/Release/Logic\ Audio\ Assistant.app (in target 'CompanionMacApp' from project 'LogicAudioAssistant' at path '/Users/marcboyer/LogicAudioAssistant/LogicAudioAssistant.xcodeproj')
    cd /Users/marcboyer/LogicAudioAssistant
    builtin-swiftStdLibTool --copy --verbose --scan-executable /Users/marcboyer/LogicAudioAssistant/.build/xcode-release-reviewfix/Build/Products/Release/Logic\ Audio\ Assistant.app/Contents/MacOS/Logic\ Audio\ Assistant --scan-folder /Users/marcboyer/LogicAudioAssistant/.build/xcode-release-reviewfix/Build/Products/Release/Logic\ Audio\ Assistant.app/Contents/Frameworks --scan-folder /Users/marcboyer/LogicAudioAssistant/.build/xcode-release-reviewfix/Build/Products/Release/Logic\ Audio\ Assistant.app/Contents/PlugIns --scan-folder /Users/marcboyer/LogicAudioAssistant/.build/xcode-release-reviewfix/Build/Products/Release/Logic\ Audio\ Assistant.app/Contents/Library/SystemExtensions --scan-folder /Users/marcboyer/LogicAudioAssistant/.build/xcode-release-reviewfix/Build/Products/Release/Logic\ Audio\ Assistant.app/Contents/Extensions --platform macosx --toolchain /Applications/Xcode.app/Contents/Developer/Toolchains/XcodeDefault.xctoolchain --destination /Users/marcboyer/LogicAudioAssistant/.build/xcode-release-reviewfix/Build/Products/Release/Logic\ Audio\ Assistant.app/Contents/Frameworks --strip-bitcode --strip-bitcode-tool /Applications/Xcode.app/Contents/Developer/Toolchains/XcodeDefault.xctoolchain/usr/bin/bitcode_strip --emit-dependency-info /Users/marcboyer/LogicAudioAssistant/.build/xcode-release-reviewfix/Build/Intermediates.noindex/LogicAudioAssistant.build/Release/CompanionMacApp.build/SwiftStdLibToolInputDependencies.dep --filter-for-swift-os --back-deploy-swift-span
Ignoring --strip-bitcode because --sign was not passed

ExtractAppIntentsMetadata (in target 'CompanionMacApp' from project 'LogicAudioAssistant' at path '/Users/marcboyer/LogicAudioAssistant/LogicAudioAssistant.xcodeproj')
    cd /Users/marcboyer/LogicAudioAssistant
    /Applications/Xcode.app/Contents/Developer/Toolchains/XcodeDefault.xctoolchain/usr/bin/appintentsmetadataprocessor --toolchain-dir /Applications/Xcode.app/Contents/Developer/Toolchains/XcodeDefault.xctoolchain --module-name Logic_Audio_Assistant --sdk-root /Applications/Xcode.app/Contents/Developer/Platforms/MacOSX.platform/Developer/SDKs/MacOSX26.5.sdk --xcode-version 17F113 --platform-family macOS --deployment-target 14.0 --bundle-identifier com.marcboyer.logicaudioassistant --output /Users/marcboyer/LogicAudioAssistant/.build/xcode-release-reviewfix/Build/Products/Release/Logic\ Audio\ Assistant.app/Contents/Resources --target-triple arm64-apple-macos14.0 --binary-file /Users/marcboyer/LogicAudioAssistant/.build/xcode-release-reviewfix/Build/Products/Release/Logic\ Audio\ Assistant.app/Contents/MacOS/Logic\ Audio\ Assistant --dependency-file /Users/marcboyer/LogicAudioAssistant/.build/xcode-release-reviewfix/Build/Intermediates.noindex/LogicAudioAssistant.build/Release/CompanionMacApp.build/Objects-normal/arm64/Logic\ Audio\ Assistant_dependency_info.dat --stringsdata-file /Users/marcboyer/LogicAudioAssistant/.build/xcode-release-reviewfix/Build/Intermediates.noindex/LogicAudioAssistant.build/Release/CompanionMacApp.build/Objects-normal/arm64/ExtractedAppShortcutsMetadata.stringsdata --source-file-list /Users/marcboyer/LogicAudioAssistant/.build/xcode-release-reviewfix/Build/Intermediates.noindex/LogicAudioAssistant.build/Release/CompanionMacApp.build/Objects-normal/arm64/Logic\ Audio\ Assistant.SwiftFileList --metadata-file-list /Users/marcboyer/LogicAudioAssistant/.build/xcode-release-reviewfix/Build/Intermediates.noindex/LogicAudioAssistant.build/Release/CompanionMacApp.build/Logic\ Audio\ Assistant.DependencyMetadataFileList --static-metadata-file-list /Users/marcboyer/LogicAudioAssistant/.build/xcode-release-reviewfix/Build/Intermediates.noindex/LogicAudioAssistant.build/Release/CompanionMacApp.build/Logic\ Audio\ Assistant.DependencyStaticMetadataFileList --swift-const-vals-list /Users/marcboyer/LogicAudioAssistant/.build/xcode-release-reviewfix/Build/Intermediates.noindex/LogicAudioAssistant.build/Release/CompanionMacApp.build/Objects-normal/arm64/Logic\ Audio\ Assistant.SwiftConstValuesFileList --compile-time-extraction --deployment-aware-processing --validate-assistant-intents --no-app-shortcuts-localization
2026-08-14 14:54:31.864 appintentsmetadataprocessor[36153:3504407] Starting appintentsmetadataprocessor export
2026-08-14 14:54:31.866 appintentsmetadataprocessor[36153:3504407] warning: Metadata extraction skipped. No AppIntents.framework dependency found.

ValidateEmbeddedBinary /Users/marcboyer/LogicAudioAssistant/.build/xcode-release-reviewfix/Build/Products/Release/Logic\ Audio\ Assistant.app/Contents/PlugIns/Logic\ Audio\ Assistant\ AU.appex (in target 'CompanionMacApp' from project 'LogicAudioAssistant' at path '/Users/marcboyer/LogicAudioAssistant/LogicAudioAssistant.xcodeproj')
    cd /Users/marcboyer/LogicAudioAssistant
    /Applications/Xcode.app/Contents/Developer/usr/bin/embeddedBinaryValidationUtility /Users/marcboyer/LogicAudioAssistant/.build/xcode-release-reviewfix/Build/Products/Release/Logic\ Audio\ Assistant.app/Contents/PlugIns/Logic\ Audio\ Assistant\ AU.appex -info-plist-path /Users/marcboyer/LogicAudioAssistant/.build/xcode-release-reviewfix/Build/Products/Release/Logic\ Audio\ Assistant.app/Contents/Info.plist

GenerateDSYMFile /Users/marcboyer/LogicAudioAssistant/.build/xcode-release-reviewfix/Build/Products/Release/Logic\ Audio\ Assistant.app.dSYM /Users/marcboyer/LogicAudioAssistant/.build/xcode-release-reviewfix/Build/Products/Release/Logic\ Audio\ Assistant.app/Contents/MacOS/Logic\ Audio\ Assistant (in target 'CompanionMacApp' from project 'LogicAudioAssistant' at path '/Users/marcboyer/LogicAudioAssistant/LogicAudioAssistant.xcodeproj')
    cd /Users/marcboyer/LogicAudioAssistant
    /Applications/Xcode.app/Contents/Developer/Toolchains/XcodeDefault.xctoolchain/usr/bin/dsymutil /Users/marcboyer/LogicAudioAssistant/.build/xcode-release-reviewfix/Build/Products/Release/Logic\ Audio\ Assistant.app/Contents/MacOS/Logic\ Audio\ Assistant -o /Users/marcboyer/LogicAudioAssistant/.build/xcode-release-reviewfix/Build/Products/Release/Logic\ Audio\ Assistant.app.dSYM

RegisterExecutionPolicyException /Users/marcboyer/LogicAudioAssistant/.build/xcode-release-reviewfix/Build/Products/Release/Logic\ Audio\ Assistant.app (in target 'CompanionMacApp' from project 'LogicAudioAssistant' at path '/Users/marcboyer/LogicAudioAssistant/LogicAudioAssistant.xcodeproj')
    cd /Users/marcboyer/LogicAudioAssistant
    builtin-RegisterExecutionPolicyException /Users/marcboyer/LogicAudioAssistant/.build/xcode-release-reviewfix/Build/Products/Release/Logic\ Audio\ Assistant.app

Validate /Users/marcboyer/LogicAudioAssistant/.build/xcode-release-reviewfix/Build/Products/Release/Logic\ Audio\ Assistant.app (in target 'CompanionMacApp' from project 'LogicAudioAssistant' at path '/Users/marcboyer/LogicAudioAssistant/LogicAudioAssistant.xcodeproj')
    cd /Users/marcboyer/LogicAudioAssistant
    builtin-validationUtility /Users/marcboyer/LogicAudioAssistant/.build/xcode-release-reviewfix/Build/Products/Release/Logic\ Audio\ Assistant.app -no-validate-extension -infoplist-subpath Contents/Info.plist

RegisterWithLaunchServices /Users/marcboyer/LogicAudioAssistant/.build/xcode-release-reviewfix/Build/Products/Release/Logic\ Audio\ Assistant.app (in target 'CompanionMacApp' from project 'LogicAudioAssistant' at path '/Users/marcboyer/LogicAudioAssistant/LogicAudioAssistant.xcodeproj')
    cd /Users/marcboyer/LogicAudioAssistant
    /System/Library/Frameworks/CoreServices.framework/Versions/Current/Frameworks/LaunchServices.framework/Versions/Current/Support/lsregister -f -R -trusted /Users/marcboyer/LogicAudioAssistant/.build/xcode-release-reviewfix/Build/Products/Release/Logic\ Audio\ Assistant.app

Touch /Users/marcboyer/LogicAudioAssistant/.build/xcode-release-reviewfix/Build/Products/Release/Logic\ Audio\ Assistant.app (in target 'CompanionMacApp' from project 'LogicAudioAssistant' at path '/Users/marcboyer/LogicAudioAssistant/LogicAudioAssistant.xcodeproj')
    cd /Users/marcboyer/LogicAudioAssistant
    /usr/bin/touch -c /Users/marcboyer/LogicAudioAssistant/.build/xcode-release-reviewfix/Build/Products/Release/Logic\ Audio\ Assistant.app

** BUILD SUCCEEDED **

