Command line invocation:
    /Applications/Xcode.app/Contents/Developer/usr/bin/xcodebuild -project LogicAudioAssistant.xcodeproj -scheme CompanionMacApp -configuration Release CODE_SIGNING_ALLOWED=NO build

Build settings from command line:
    CODE_SIGNING_ALLOWED = NO

Resolve Package Graph


Resolved source packages:
  LogicAudioAssistant: /Users/marcboyer/LogicAudioAssistant

2026-08-14 20:30:18.659 xcodebuild[22742:4423870] [MT] IDERunDestination: Supported platforms for the buildables in the current scheme is empty.
--- xcodebuild: WARNING: Using the first of multiple matching destinations:
{ platform:macOS, arch:arm64, id:00006001-001C116126FA401E, name:My Mac }
{ platform:macOS, arch:x86_64, id:00006001-001C116126FA401E, name:My Mac }
{ platform:macOS, name:Any Mac }
ComputePackagePrebuildTargetDependencyGraph

Prepare packages

CreateBuildRequest

SendProjectDescription

CreateBuildOperation

ComputeTargetDependencyGraph
note: Building targets in dependency order
note: Target dependency graph (33 targets)
    Target 'CompanionMacApp' in project 'LogicAudioAssistant'
        ➜ Explicit dependency on target 'AssistantAudioUnitExtension' in project 'LogicAudioAssistant'
        ➜ Explicit dependency on target 'SharedIPC' in project 'LogicAudioAssistant'
        ➜ Explicit dependency on target 'SessionCore' in project 'LogicAudioAssistant'
        ➜ Explicit dependency on target 'PreviewWorkflow' in project 'LogicAudioAssistant'
        ➜ Explicit dependency on target 'PreviewAudition' in project 'LogicAudioAssistant'
        ➜ Explicit dependency on target 'DSPCore' in project 'LogicAudioAssistant'
        ➜ Explicit dependency on target 'PlanSchema' in project 'LogicAudioAssistant'
        ➜ Explicit dependency on target 'AgentCore' in project 'LogicAudioAssistant'
        ➜ Explicit dependency on target 'AudioAnalysis' in project 'LogicAudioAssistant'
        ➜ Explicit dependency on target 'ProductionIntelligence' in project 'LogicAudioAssistant'
        ➜ Explicit dependency on target 'ProductionTutor' in project 'LogicAudioAssistant'
        ➜ Explicit dependency on target 'TutorConversation' in project 'LogicAudioAssistant'
        ➜ Explicit dependency on target 'TutorLogicObserver' in project 'LogicAudioAssistant'
        ➜ Explicit dependency on target 'VocalProduction' in project 'LogicAudioAssistant'
    Target 'VocalProduction' in project 'LogicAudioAssistant'
        ➜ Explicit dependency on target 'VocalProduction' in project 'LogicAudioAssistant'
        ➜ Explicit dependency on target 'PlanSchema' in project 'LogicAudioAssistant'
        ➜ Explicit dependency on target 'DSPCore' in project 'LogicAudioAssistant'
        ➜ Explicit dependency on target 'CAtomics' in project 'LogicAudioAssistant'
        ➜ Explicit dependency on target 'AudioAnalysis' in project 'LogicAudioAssistant'
    Target 'TutorLogicObserver' in project 'LogicAudioAssistant'
        ➜ Explicit dependency on target 'TutorLogicObserver' in project 'LogicAudioAssistant'
        ➜ Explicit dependency on target 'PlanSchema' in project 'LogicAudioAssistant'
        ➜ Explicit dependency on target 'DSPCore' in project 'LogicAudioAssistant'
        ➜ Explicit dependency on target 'CAtomics' in project 'LogicAudioAssistant'
        ➜ Explicit dependency on target 'AudioAnalysis' in project 'LogicAudioAssistant'
        ➜ Explicit dependency on target 'StateStore' in project 'LogicAudioAssistant'
        ➜ Explicit dependency on target 'AgentCore' in project 'LogicAudioAssistant'
        ➜ Explicit dependency on target 'ProductionIntelligence' in project 'LogicAudioAssistant'
        ➜ Explicit dependency on target 'ProductionTutor' in project 'LogicAudioAssistant'
        ➜ Explicit dependency on target 'TutorConversation' in project 'LogicAudioAssistant'
    Target 'TutorLogicObserver' in project 'LogicAudioAssistant'
        ➜ Explicit dependency on target 'PlanSchema' in project 'LogicAudioAssistant'
        ➜ Explicit dependency on target 'DSPCore' in project 'LogicAudioAssistant'
        ➜ Explicit dependency on target 'CAtomics' in project 'LogicAudioAssistant'
        ➜ Explicit dependency on target 'AudioAnalysis' in project 'LogicAudioAssistant'
        ➜ Explicit dependency on target 'StateStore' in project 'LogicAudioAssistant'
        ➜ Explicit dependency on target 'AgentCore' in project 'LogicAudioAssistant'
        ➜ Explicit dependency on target 'ProductionIntelligence' in project 'LogicAudioAssistant'
        ➜ Explicit dependency on target 'ProductionTutor' in project 'LogicAudioAssistant'
        ➜ Explicit dependency on target 'TutorConversation' in project 'LogicAudioAssistant'
    Target 'TutorConversation' in project 'LogicAudioAssistant'
        ➜ Explicit dependency on target 'TutorConversation' in project 'LogicAudioAssistant'
        ➜ Explicit dependency on target 'PlanSchema' in project 'LogicAudioAssistant'
        ➜ Explicit dependency on target 'DSPCore' in project 'LogicAudioAssistant'
        ➜ Explicit dependency on target 'CAtomics' in project 'LogicAudioAssistant'
        ➜ Explicit dependency on target 'AudioAnalysis' in project 'LogicAudioAssistant'
        ➜ Explicit dependency on target 'StateStore' in project 'LogicAudioAssistant'
        ➜ Explicit dependency on target 'AgentCore' in project 'LogicAudioAssistant'
        ➜ Explicit dependency on target 'ProductionIntelligence' in project 'LogicAudioAssistant'
        ➜ Explicit dependency on target 'ProductionTutor' in project 'LogicAudioAssistant'
    Target 'TutorConversation' in project 'LogicAudioAssistant'
        ➜ Explicit dependency on target 'PlanSchema' in project 'LogicAudioAssistant'
        ➜ Explicit dependency on target 'DSPCore' in project 'LogicAudioAssistant'
        ➜ Explicit dependency on target 'CAtomics' in project 'LogicAudioAssistant'
        ➜ Explicit dependency on target 'AudioAnalysis' in project 'LogicAudioAssistant'
        ➜ Explicit dependency on target 'StateStore' in project 'LogicAudioAssistant'
        ➜ Explicit dependency on target 'AgentCore' in project 'LogicAudioAssistant'
        ➜ Explicit dependency on target 'ProductionIntelligence' in project 'LogicAudioAssistant'
        ➜ Explicit dependency on target 'ProductionTutor' in project 'LogicAudioAssistant'
    Target 'ProductionTutor' in project 'LogicAudioAssistant'
        ➜ Explicit dependency on target 'ProductionTutor' in project 'LogicAudioAssistant'
        ➜ Explicit dependency on target 'LogicAudioAssistant_ProductionTutor' in project 'LogicAudioAssistant'
        ➜ Explicit dependency on target 'PlanSchema' in project 'LogicAudioAssistant'
        ➜ Explicit dependency on target 'DSPCore' in project 'LogicAudioAssistant'
        ➜ Explicit dependency on target 'CAtomics' in project 'LogicAudioAssistant'
        ➜ Explicit dependency on target 'AudioAnalysis' in project 'LogicAudioAssistant'
        ➜ Explicit dependency on target 'StateStore' in project 'LogicAudioAssistant'
        ➜ Explicit dependency on target 'AgentCore' in project 'LogicAudioAssistant'
    Target 'ProductionTutor' in project 'LogicAudioAssistant'
        ➜ Explicit dependency on target 'LogicAudioAssistant_ProductionTutor' in project 'LogicAudioAssistant'
        ➜ Explicit dependency on target 'PlanSchema' in project 'LogicAudioAssistant'
        ➜ Explicit dependency on target 'DSPCore' in project 'LogicAudioAssistant'
        ➜ Explicit dependency on target 'CAtomics' in project 'LogicAudioAssistant'
        ➜ Explicit dependency on target 'AudioAnalysis' in project 'LogicAudioAssistant'
        ➜ Explicit dependency on target 'StateStore' in project 'LogicAudioAssistant'
        ➜ Explicit dependency on target 'AgentCore' in project 'LogicAudioAssistant'
    Target 'LogicAudioAssistant_ProductionTutor' in project 'LogicAudioAssistant' (no dependencies)
    Target 'ProductionIntelligence' in project 'LogicAudioAssistant'
        ➜ Explicit dependency on target 'ProductionIntelligence' in project 'LogicAudioAssistant'
        ➜ Explicit dependency on target 'PlanSchema' in project 'LogicAudioAssistant'
        ➜ Explicit dependency on target 'DSPCore' in project 'LogicAudioAssistant'
        ➜ Explicit dependency on target 'CAtomics' in project 'LogicAudioAssistant'
        ➜ Explicit dependency on target 'AudioAnalysis' in project 'LogicAudioAssistant'
        ➜ Explicit dependency on target 'StateStore' in project 'LogicAudioAssistant'
        ➜ Explicit dependency on target 'AgentCore' in project 'LogicAudioAssistant'
    Target 'ProductionIntelligence' in project 'LogicAudioAssistant'
        ➜ Explicit dependency on target 'PlanSchema' in project 'LogicAudioAssistant'
        ➜ Explicit dependency on target 'DSPCore' in project 'LogicAudioAssistant'
        ➜ Explicit dependency on target 'CAtomics' in project 'LogicAudioAssistant'
        ➜ Explicit dependency on target 'AudioAnalysis' in project 'LogicAudioAssistant'
        ➜ Explicit dependency on target 'StateStore' in project 'LogicAudioAssistant'
        ➜ Explicit dependency on target 'AgentCore' in project 'LogicAudioAssistant'
    Target 'AgentCore' in project 'LogicAudioAssistant'
        ➜ Explicit dependency on target 'AgentCore' in project 'LogicAudioAssistant'
        ➜ Explicit dependency on target 'PlanSchema' in project 'LogicAudioAssistant'
        ➜ Explicit dependency on target 'DSPCore' in project 'LogicAudioAssistant'
        ➜ Explicit dependency on target 'CAtomics' in project 'LogicAudioAssistant'
        ➜ Explicit dependency on target 'AudioAnalysis' in project 'LogicAudioAssistant'
        ➜ Explicit dependency on target 'StateStore' in project 'LogicAudioAssistant'
    Target 'PreviewAudition' in project 'LogicAudioAssistant'
        ➜ Explicit dependency on target 'PreviewAudition' in project 'LogicAudioAssistant'
    Target 'PreviewAudition' in project 'LogicAudioAssistant' (no dependencies)
    Target 'PreviewWorkflow' in project 'LogicAudioAssistant'
        ➜ Explicit dependency on target 'PreviewWorkflow' in project 'LogicAudioAssistant'
        ➜ Explicit dependency on target 'PlanSchema' in project 'LogicAudioAssistant'
        ➜ Explicit dependency on target 'DSPCore' in project 'LogicAudioAssistant'
        ➜ Explicit dependency on target 'CAtomics' in project 'LogicAudioAssistant'
        ➜ Explicit dependency on target 'AudioAnalysis' in project 'LogicAudioAssistant'
        ➜ Explicit dependency on target 'StateStore' in project 'LogicAudioAssistant'
        ➜ Explicit dependency on target 'AgentCore' in project 'LogicAudioAssistant'
        ➜ Explicit dependency on target 'PreviewRenderer' in project 'LogicAudioAssistant'
        ➜ Explicit dependency on target 'VocalProduction' in project 'LogicAudioAssistant'
    Target 'SessionCore' in project 'LogicAudioAssistant'
        ➜ Explicit dependency on target 'SessionCore' in project 'LogicAudioAssistant'
        ➜ Explicit dependency on target 'PlanSchema' in project 'LogicAudioAssistant'
        ➜ Explicit dependency on target 'DSPCore' in project 'LogicAudioAssistant'
        ➜ Explicit dependency on target 'CAtomics' in project 'LogicAudioAssistant'
        ➜ Explicit dependency on target 'AudioAnalysis' in project 'LogicAudioAssistant'
        ➜ Explicit dependency on target 'StateStore' in project 'LogicAudioAssistant'
        ➜ Explicit dependency on target 'AgentCore' in project 'LogicAudioAssistant'
        ➜ Explicit dependency on target 'SharedIPC' in project 'LogicAudioAssistant'
        ➜ Explicit dependency on target 'PreviewRenderer' in project 'LogicAudioAssistant'
        ➜ Explicit dependency on target 'VocalProduction' in project 'LogicAudioAssistant'
        ➜ Explicit dependency on target 'PreviewWorkflow' in project 'LogicAudioAssistant'
    Target 'SessionCore' in project 'LogicAudioAssistant'
        ➜ Explicit dependency on target 'PlanSchema' in project 'LogicAudioAssistant'
        ➜ Explicit dependency on target 'DSPCore' in project 'LogicAudioAssistant'
        ➜ Explicit dependency on target 'CAtomics' in project 'LogicAudioAssistant'
        ➜ Explicit dependency on target 'AudioAnalysis' in project 'LogicAudioAssistant'
        ➜ Explicit dependency on target 'StateStore' in project 'LogicAudioAssistant'
        ➜ Explicit dependency on target 'AgentCore' in project 'LogicAudioAssistant'
        ➜ Explicit dependency on target 'SharedIPC' in project 'LogicAudioAssistant'
        ➜ Explicit dependency on target 'PreviewRenderer' in project 'LogicAudioAssistant'
        ➜ Explicit dependency on target 'VocalProduction' in project 'LogicAudioAssistant'
        ➜ Explicit dependency on target 'PreviewWorkflow' in project 'LogicAudioAssistant'
    Target 'PreviewWorkflow' in project 'LogicAudioAssistant'
        ➜ Explicit dependency on target 'PlanSchema' in project 'LogicAudioAssistant'
        ➜ Explicit dependency on target 'DSPCore' in project 'LogicAudioAssistant'
        ➜ Explicit dependency on target 'CAtomics' in project 'LogicAudioAssistant'
        ➜ Explicit dependency on target 'AudioAnalysis' in project 'LogicAudioAssistant'
        ➜ Explicit dependency on target 'StateStore' in project 'LogicAudioAssistant'
        ➜ Explicit dependency on target 'AgentCore' in project 'LogicAudioAssistant'
        ➜ Explicit dependency on target 'PreviewRenderer' in project 'LogicAudioAssistant'
        ➜ Explicit dependency on target 'VocalProduction' in project 'LogicAudioAssistant'
    Target 'VocalProduction' in project 'LogicAudioAssistant'
        ➜ Explicit dependency on target 'PlanSchema' in project 'LogicAudioAssistant'
        ➜ Explicit dependency on target 'DSPCore' in project 'LogicAudioAssistant'
        ➜ Explicit dependency on target 'CAtomics' in project 'LogicAudioAssistant'
        ➜ Explicit dependency on target 'AudioAnalysis' in project 'LogicAudioAssistant'
    Target 'PreviewRenderer' in project 'LogicAudioAssistant'
        ➜ Explicit dependency on target 'PlanSchema' in project 'LogicAudioAssistant'
        ➜ Explicit dependency on target 'DSPCore' in project 'LogicAudioAssistant'
        ➜ Explicit dependency on target 'CAtomics' in project 'LogicAudioAssistant'
        ➜ Explicit dependency on target 'AudioAnalysis' in project 'LogicAudioAssistant'
    Target 'AgentCore' in project 'LogicAudioAssistant'
        ➜ Explicit dependency on target 'PlanSchema' in project 'LogicAudioAssistant'
        ➜ Explicit dependency on target 'DSPCore' in project 'LogicAudioAssistant'
        ➜ Explicit dependency on target 'CAtomics' in project 'LogicAudioAssistant'
        ➜ Explicit dependency on target 'AudioAnalysis' in project 'LogicAudioAssistant'
        ➜ Explicit dependency on target 'StateStore' in project 'LogicAudioAssistant'
    Target 'StateStore' in project 'LogicAudioAssistant'
        ➜ Explicit dependency on target 'PlanSchema' in project 'LogicAudioAssistant'
    Target 'AssistantAudioUnitExtension' in project 'LogicAudioAssistant'
        ➜ Explicit dependency on target 'CAtomics' in project 'LogicAudioAssistant'
        ➜ Explicit dependency on target 'AudioAnalysis' in project 'LogicAudioAssistant'
        ➜ Explicit dependency on target 'DSPCore' in project 'LogicAudioAssistant'
        ➜ Explicit dependency on target 'PlanSchema' in project 'LogicAudioAssistant'
        ➜ Explicit dependency on target 'SharedIPC' in project 'LogicAudioAssistant'
    Target 'SharedIPC' in project 'LogicAudioAssistant'
        ➜ Explicit dependency on target 'SharedIPC' in project 'LogicAudioAssistant'
        ➜ Explicit dependency on target 'PlanSchema' in project 'LogicAudioAssistant'
    Target 'SharedIPC' in project 'LogicAudioAssistant'
        ➜ Explicit dependency on target 'PlanSchema' in project 'LogicAudioAssistant'
    Target 'PlanSchema' in project 'LogicAudioAssistant'
        ➜ Explicit dependency on target 'PlanSchema' in project 'LogicAudioAssistant'
    Target 'DSPCore' in project 'LogicAudioAssistant'
        ➜ Explicit dependency on target 'DSPCore' in project 'LogicAudioAssistant'
        ➜ Explicit dependency on target 'PlanSchema' in project 'LogicAudioAssistant'
    Target 'AudioAnalysis' in project 'LogicAudioAssistant'
        ➜ Explicit dependency on target 'AudioAnalysis' in project 'LogicAudioAssistant'
        ➜ Explicit dependency on target 'PlanSchema' in project 'LogicAudioAssistant'
        ➜ Explicit dependency on target 'DSPCore' in project 'LogicAudioAssistant'
        ➜ Explicit dependency on target 'CAtomics' in project 'LogicAudioAssistant'
    Target 'AudioAnalysis' in project 'LogicAudioAssistant'
        ➜ Explicit dependency on target 'PlanSchema' in project 'LogicAudioAssistant'
        ➜ Explicit dependency on target 'DSPCore' in project 'LogicAudioAssistant'
        ➜ Explicit dependency on target 'CAtomics' in project 'LogicAudioAssistant'
    Target 'DSPCore' in project 'LogicAudioAssistant'
        ➜ Explicit dependency on target 'PlanSchema' in project 'LogicAudioAssistant'
    Target 'PlanSchema' in project 'LogicAudioAssistant' (no dependencies)
    Target 'CAtomics' in project 'LogicAudioAssistant'
        ➜ Explicit dependency on target 'CAtomics' in project 'LogicAudioAssistant'
    Target 'CAtomics' in project 'LogicAudioAssistant' (no dependencies)

GatherProvisioningInputs

CreateBuildDescription

ExecuteExternalTool /Applications/Xcode.app/Contents/Developer/Toolchains/XcodeDefault.xctoolchain/usr/bin/clang -v -E -dM -arch arm64 -isysroot /Applications/Xcode.app/Contents/Developer/Platforms/MacOSX.platform/Developer/SDKs/MacOSX26.5.sdk -x c -c /dev/null

ExecuteExternalTool /Applications/Xcode.app/Contents/Developer/Toolchains/XcodeDefault.xctoolchain/usr/bin/swiftc --version

ExecuteExternalTool /Applications/Xcode.app/Contents/Developer/Toolchains/XcodeDefault.xctoolchain/usr/bin/clang -v -E -dM -isysroot /Applications/Xcode.app/Contents/Developer/Platforms/MacOSX.platform/Developer/SDKs/MacOSX26.5.sdk -x c -c /dev/null

ExecuteExternalTool /Applications/Xcode.app/Contents/Developer/usr/bin/actool --version --output-format xml1

ExecuteExternalTool /Applications/Xcode.app/Contents/Developer/Toolchains/XcodeDefault.xctoolchain/usr/bin/ld -version_details

Build description signature: e123e4387496d3cb8c445e53a668ac88
Build description path: /Users/marcboyer/Library/Developer/Xcode/DerivedData/LogicAudioAssistant-ffojlzgmrzpdrcamounrzekpyefo/Build/Intermediates.noindex/XCBuildData/e123e4387496d3cb8c445e53a668ac88.xcbuilddata
ClangStatCache /Applications/Xcode.app/Contents/Developer/Toolchains/XcodeDefault.xctoolchain/usr/bin/clang-stat-cache /Applications/Xcode.app/Contents/Developer/Platforms/MacOSX.platform/Developer/SDKs/MacOSX26.5.sdk /Users/marcboyer/Library/Developer/Xcode/DerivedData/SDKStatCaches.noindex/macosx26.5-25F70-e082c4a02f00227109f4ed75e425c832.sdkstatcache
    cd /Users/marcboyer/LogicAudioAssistant/LogicAudioAssistant.xcodeproj
    /Applications/Xcode.app/Contents/Developer/Toolchains/XcodeDefault.xctoolchain/usr/bin/clang-stat-cache /Applications/Xcode.app/Contents/Developer/Platforms/MacOSX.platform/Developer/SDKs/MacOSX26.5.sdk -o /Users/marcboyer/Library/Developer/Xcode/DerivedData/SDKStatCaches.noindex/macosx26.5-25F70-e082c4a02f00227109f4ed75e425c832.sdkstatcache

ProcessInfoPlistFile /Users/marcboyer/Library/Developer/Xcode/DerivedData/LogicAudioAssistant-ffojlzgmrzpdrcamounrzekpyefo/Build/Products/Release/Logic\ Audio\ Assistant\ AU.appex/Contents/Info.plist /Users/marcboyer/LogicAudioAssistant/plugins/AudioUnit/AudioUnitExtension/Info.plist (in target 'AssistantAudioUnitExtension' from project 'LogicAudioAssistant' at path '/Users/marcboyer/LogicAudioAssistant/LogicAudioAssistant.xcodeproj')
    cd /Users/marcboyer/LogicAudioAssistant
    builtin-infoPlistUtility /Users/marcboyer/LogicAudioAssistant/plugins/AudioUnit/AudioUnitExtension/Info.plist -producttype com.apple.product-type.app-extension -expandbuildsettings -platform macosx -o /Users/marcboyer/Library/Developer/Xcode/DerivedData/LogicAudioAssistant-ffojlzgmrzpdrcamounrzekpyefo/Build/Products/Release/Logic\ Audio\ Assistant\ AU.appex/Contents/Info.plist

SwiftDriver ProductionTutor normal arm64 com.apple.xcode.tools.swift.compiler (in target 'ProductionTutor' from project 'LogicAudioAssistant' at path '/Users/marcboyer/LogicAudioAssistant/Package.swift')
    cd /Users/marcboyer/LogicAudioAssistant/LogicAudioAssistant.xcodeproj
    builtin-SwiftDriver -- /Applications/Xcode.app/Contents/Developer/Toolchains/XcodeDefault.xctoolchain/usr/bin/swiftc -module-name ProductionTutor -O -whole-module-optimization @/Users/marcboyer/Library/Developer/Xcode/DerivedData/LogicAudioAssistant-ffojlzgmrzpdrcamounrzekpyefo/Build/Intermediates.noindex/LogicAudioAssistant.build/Release/ProductionTutor.build/Objects-normal/arm64/ProductionTutor.SwiftFileList -DSWIFT_PACKAGE -DSWIFT_MODULE_RESOURCE_BUNDLE_AVAILABLE -Xcc -fmodule-map-file\=/Users/marcboyer/Library/Developer/Xcode/DerivedData/LogicAudioAssistant-ffojlzgmrzpdrcamounrzekpyefo/Build/Intermediates.noindex/GeneratedModuleMaps/CAtomics.modulemap -DXcode -plugin-path /Applications/Xcode.app/Contents/Developer/Toolchains/XcodeDefault.xctoolchain/usr/lib/swift/host/plugins/testing -enable-experimental-feature DebugDescriptionMacro -sdk /Applications/Xcode.app/Contents/Developer/Platforms/MacOSX.platform/Developer/SDKs/MacOSX26.5.sdk -target arm64-apple-macos14.0 -g -module-cache-path /Users/marcboyer/Library/Developer/Xcode/DerivedData/ModuleCache.noindex -Xfrontend -serialize-debugging-options -swift-version 6 -I /Users/marcboyer/Library/Developer/Xcode/DerivedData/LogicAudioAssistant-ffojlzgmrzpdrcamounrzekpyefo/Build/Products/Release -Isystem /Applications/Xcode.app/Contents/Developer/Platforms/MacOSX.platform/Developer/usr/lib -F /Users/marcboyer/Library/Developer/Xcode/DerivedData/LogicAudioAssistant-ffojlzgmrzpdrcamounrzekpyefo/Build/Products/Release/PackageFrameworks -F /Users/marcboyer/Library/Developer/Xcode/DerivedData/LogicAudioAssistant-ffojlzgmrzpdrcamounrzekpyefo/Build/Products/Release/PackageFrameworks -F /Users/marcboyer/Library/Developer/Xcode/DerivedData/LogicAudioAssistant-ffojlzgmrzpdrcamounrzekpyefo/Build/Products/Release/PackageFrameworks -F /Users/marcboyer/Library/Developer/Xcode/DerivedData/LogicAudioAssistant-ffojlzgmrzpdrcamounrzekpyefo/Build/Products/Release/PackageFrameworks -F /Users/marcboyer/Library/Developer/Xcode/DerivedData/LogicAudioAssistant-ffojlzgmrzpdrcamounrzekpyefo/Build/Products/Release/PackageFrameworks -F /Users/marcboyer/Library/Developer/Xcode/DerivedData/LogicAudioAssistant-ffojlzgmrzpdrcamounrzekpyefo/Build/Products/Release/PackageFrameworks -F /Users/marcboyer/Library/Developer/Xcode/DerivedData/LogicAudioAssistant-ffojlzgmrzpdrcamounrzekpyefo/Build/Products/Release -F /Applications/Xcode.app/Contents/Developer/Platforms/MacOSX.platform/Developer/Library/Frameworks -c -num-threads 10 -Xcc -ivfsstatcache -Xcc /Users/marcboyer/Library/Developer/Xcode/DerivedData/SDKStatCaches.noindex/macosx26.5-25F70-e082c4a02f00227109f4ed75e425c832.sdkstatcache -output-file-map /Users/marcboyer/Library/Developer/Xcode/DerivedData/LogicAudioAssistant-ffojlzgmrzpdrcamounrzekpyefo/Build/Intermediates.noindex/LogicAudioAssistant.build/Release/ProductionTutor.build/Objects-normal/arm64/ProductionTutor-OutputFileMap.json -use-frontend-parseable-output -save-temps -no-color-diagnostics -explicit-module-build -module-cache-path /Users/marcboyer/Library/Developer/Xcode/DerivedData/LogicAudioAssistant-ffojlzgmrzpdrcamounrzekpyefo/Build/Intermediates.noindex/SwiftExplicitPrecompiledModules -clang-scanner-module-cache-path /Users/marcboyer/Library/Developer/Xcode/DerivedData/ModuleCache.noindex -sdk-module-cache-path /Users/marcboyer/Library/Developer/Xcode/DerivedData/ModuleCache.noindex -serialize-diagnostics -emit-dependencies -emit-module -emit-module-path /Users/marcboyer/Library/Developer/Xcode/DerivedData/LogicAudioAssistant-ffojlzgmrzpdrcamounrzekpyefo/Build/Intermediates.noindex/LogicAudioAssistant.build/Release/ProductionTutor.build/Objects-normal/arm64/ProductionTutor.swiftmodule -validate-clang-modules-once -clang-build-session-file /Users/marcboyer/Library/Developer/Xcode/DerivedData/ModuleCache.noindex/Session.modulevalidation -package-name logicaudioassistant -Xcc -I/Users/marcboyer/Library/Developer/Xcode/DerivedData/LogicAudioAssistant-ffojlzgmrzpdrcamounrzekpyefo/Build/Intermediates.noindex/LogicAudioAssistant.build/Release/ProductionTutor.build/swift-overrides.hmap -emit-const-values -Xfrontend -const-gather-protocols-file -Xfrontend /Users/marcboyer/Library/Developer/Xcode/DerivedData/LogicAudioAssistant-ffojlzgmrzpdrcamounrzekpyefo/Build/Intermediates.noindex/LogicAudioAssistant.build/Release/ProductionTutor.build/Objects-normal/arm64/ProductionTutor_const_extract_protocols.json -Xcc -I/Users/marcboyer/LogicAudioAssistant/packages/CAtomics/include -Xcc -I/Users/marcboyer/Library/Developer/Xcode/DerivedData/LogicAudioAssistant-ffojlzgmrzpdrcamounrzekpyefo/Build/Products/Release/include -Xcc -I/Users/marcboyer/Library/Developer/Xcode/DerivedData/LogicAudioAssistant-ffojlzgmrzpdrcamounrzekpyefo/Build/Intermediates.noindex/LogicAudioAssistant.build/Release/ProductionTutor.build/DerivedSources-normal/arm64 -Xcc -I/Users/marcboyer/Library/Developer/Xcode/DerivedData/LogicAudioAssistant-ffojlzgmrzpdrcamounrzekpyefo/Build/Intermediates.noindex/LogicAudioAssistant.build/Release/ProductionTutor.build/DerivedSources/arm64 -Xcc -I/Users/marcboyer/Library/Developer/Xcode/DerivedData/LogicAudioAssistant-ffojlzgmrzpdrcamounrzekpyefo/Build/Intermediates.noindex/LogicAudioAssistant.build/Release/ProductionTutor.build/DerivedSources -Xcc -DSWIFT_PACKAGE -emit-objc-header -emit-objc-header-path /Users/marcboyer/Library/Developer/Xcode/DerivedData/LogicAudioAssistant-ffojlzgmrzpdrcamounrzekpyefo/Build/Intermediates.noindex/LogicAudioAssistant.build/Release/ProductionTutor.build/Objects-normal/arm64/ProductionTutor-Swift.h -working-directory /Users/marcboyer/LogicAudioAssistant/LogicAudioAssistant.xcodeproj -no-emit-module-separately-wmo

CpResource /Users/marcboyer/Library/Developer/Xcode/DerivedData/LogicAudioAssistant-ffojlzgmrzpdrcamounrzekpyefo/Build/Products/Release/LogicAudioAssistant_ProductionTutor.bundle/Contents/Resources/tracksmith-corpus-006-saturation-transient-shaping.json /Users/marcboyer/LogicAudioAssistant/packages/ProductionTutor/Sources/ProductionTutor/Resources/tracksmith-corpus-006-saturation-transient-shaping.json (in target 'LogicAudioAssistant_ProductionTutor' from project 'LogicAudioAssistant' at path '/Users/marcboyer/LogicAudioAssistant/Package.swift')
    cd /Users/marcboyer/LogicAudioAssistant
    builtin-copy -exclude .DS_Store -exclude CVS -exclude .svn -exclude .git -exclude .hg -strip-unsigned-binaries -strip-deterministic -strip-tool /Applications/Xcode.app/Contents/Developer/Toolchains/XcodeDefault.xctoolchain/usr/bin/strip -resolve-src-symlinks /Users/marcboyer/LogicAudioAssistant/packages/ProductionTutor/Sources/ProductionTutor/Resources/tracksmith-corpus-006-saturation-transient-shaping.json /Users/marcboyer/Library/Developer/Xcode/DerivedData/LogicAudioAssistant-ffojlzgmrzpdrcamounrzekpyefo/Build/Products/Release/LogicAudioAssistant_ProductionTutor.bundle/Contents/Resources

CpResource /Users/marcboyer/Library/Developer/Xcode/DerivedData/LogicAudioAssistant-ffojlzgmrzpdrcamounrzekpyefo/Build/Products/Release/LogicAudioAssistant_ProductionTutor.bundle/Contents/Resources/tracksmith-corpus-008-editing-layering.json /Users/marcboyer/LogicAudioAssistant/packages/ProductionTutor/Sources/ProductionTutor/Resources/tracksmith-corpus-008-editing-layering.json (in target 'LogicAudioAssistant_ProductionTutor' from project 'LogicAudioAssistant' at path '/Users/marcboyer/LogicAudioAssistant/Package.swift')
    cd /Users/marcboyer/LogicAudioAssistant
    builtin-copy -exclude .DS_Store -exclude CVS -exclude .svn -exclude .git -exclude .hg -strip-unsigned-binaries -strip-deterministic -strip-tool /Applications/Xcode.app/Contents/Developer/Toolchains/XcodeDefault.xctoolchain/usr/bin/strip -resolve-src-symlinks /Users/marcboyer/LogicAudioAssistant/packages/ProductionTutor/Sources/ProductionTutor/Resources/tracksmith-corpus-008-editing-layering.json /Users/marcboyer/Library/Developer/Xcode/DerivedData/LogicAudioAssistant-ffojlzgmrzpdrcamounrzekpyefo/Build/Products/Release/LogicAudioAssistant_ProductionTutor.bundle/Contents/Resources

CpResource /Users/marcboyer/Library/Developer/Xcode/DerivedData/LogicAudioAssistant-ffojlzgmrzpdrcamounrzekpyefo/Build/Products/Release/LogicAudioAssistant_ProductionTutor.bundle/Contents/Resources/tracksmith-corpus-007-phase-polarity-stereo-imaging-panning.json /Users/marcboyer/LogicAudioAssistant/packages/ProductionTutor/Sources/ProductionTutor/Resources/tracksmith-corpus-007-phase-polarity-stereo-imaging-panning.json (in target 'LogicAudioAssistant_ProductionTutor' from project 'LogicAudioAssistant' at path '/Users/marcboyer/LogicAudioAssistant/Package.swift')
    cd /Users/marcboyer/LogicAudioAssistant
    builtin-copy -exclude .DS_Store -exclude CVS -exclude .svn -exclude .git -exclude .hg -strip-unsigned-binaries -strip-deterministic -strip-tool /Applications/Xcode.app/Contents/Developer/Toolchains/XcodeDefault.xctoolchain/usr/bin/strip -resolve-src-symlinks /Users/marcboyer/LogicAudioAssistant/packages/ProductionTutor/Sources/ProductionTutor/Resources/tracksmith-corpus-007-phase-polarity-stereo-imaging-panning.json /Users/marcboyer/Library/Developer/Xcode/DerivedData/LogicAudioAssistant-ffojlzgmrzpdrcamounrzekpyefo/Build/Products/Release/LogicAudioAssistant_ProductionTutor.bundle/Contents/Resources

CpResource /Users/marcboyer/Library/Developer/Xcode/DerivedData/LogicAudioAssistant-ffojlzgmrzpdrcamounrzekpyefo/Build/Products/Release/LogicAudioAssistant_ProductionTutor.bundle/Contents/Resources/tracksmith-corpus-005-automation.json /Users/marcboyer/LogicAudioAssistant/packages/ProductionTutor/Sources/ProductionTutor/Resources/tracksmith-corpus-005-automation.json (in target 'LogicAudioAssistant_ProductionTutor' from project 'LogicAudioAssistant' at path '/Users/marcboyer/LogicAudioAssistant/Package.swift')
    cd /Users/marcboyer/LogicAudioAssistant
    builtin-copy -exclude .DS_Store -exclude CVS -exclude .svn -exclude .git -exclude .hg -strip-unsigned-binaries -strip-deterministic -strip-tool /Applications/Xcode.app/Contents/Developer/Toolchains/XcodeDefault.xctoolchain/usr/bin/strip -resolve-src-symlinks /Users/marcboyer/LogicAudioAssistant/packages/ProductionTutor/Sources/ProductionTutor/Resources/tracksmith-corpus-005-automation.json /Users/marcboyer/Library/Developer/Xcode/DerivedData/LogicAudioAssistant-ffojlzgmrzpdrcamounrzekpyefo/Build/Products/Release/LogicAudioAssistant_ProductionTutor.bundle/Contents/Resources

CpResource /Users/marcboyer/Library/Developer/Xcode/DerivedData/LogicAudioAssistant-ffojlzgmrzpdrcamounrzekpyefo/Build/Products/Release/LogicAudioAssistant_ProductionTutor.bundle/Contents/Resources/community-vocal-quantization-v1.json /Users/marcboyer/LogicAudioAssistant/packages/ProductionTutor/Sources/ProductionTutor/Resources/community-vocal-quantization-v1.json (in target 'LogicAudioAssistant_ProductionTutor' from project 'LogicAudioAssistant' at path '/Users/marcboyer/LogicAudioAssistant/Package.swift')
    cd /Users/marcboyer/LogicAudioAssistant
    builtin-copy -exclude .DS_Store -exclude CVS -exclude .svn -exclude .git -exclude .hg -strip-unsigned-binaries -strip-deterministic -strip-tool /Applications/Xcode.app/Contents/Developer/Toolchains/XcodeDefault.xctoolchain/usr/bin/strip -resolve-src-symlinks /Users/marcboyer/LogicAudioAssistant/packages/ProductionTutor/Sources/ProductionTutor/Resources/community-vocal-quantization-v1.json /Users/marcboyer/Library/Developer/Xcode/DerivedData/LogicAudioAssistant-ffojlzgmrzpdrcamounrzekpyefo/Build/Products/Release/LogicAudioAssistant_ProductionTutor.bundle/Contents/Resources

CpResource /Users/marcboyer/Library/Developer/Xcode/DerivedData/LogicAudioAssistant-ffojlzgmrzpdrcamounrzekpyefo/Build/Products/Release/LogicAudioAssistant_ProductionTutor.bundle/Contents/Resources/community-reverb-delay-v1.json /Users/marcboyer/LogicAudioAssistant/packages/ProductionTutor/Sources/ProductionTutor/Resources/community-reverb-delay-v1.json (in target 'LogicAudioAssistant_ProductionTutor' from project 'LogicAudioAssistant' at path '/Users/marcboyer/LogicAudioAssistant/Package.swift')
    cd /Users/marcboyer/LogicAudioAssistant
    builtin-copy -exclude .DS_Store -exclude CVS -exclude .svn -exclude .git -exclude .hg -strip-unsigned-binaries -strip-deterministic -strip-tool /Applications/Xcode.app/Contents/Developer/Toolchains/XcodeDefault.xctoolchain/usr/bin/strip -resolve-src-symlinks /Users/marcboyer/LogicAudioAssistant/packages/ProductionTutor/Sources/ProductionTutor/Resources/community-reverb-delay-v1.json /Users/marcboyer/Library/Developer/Xcode/DerivedData/LogicAudioAssistant-ffojlzgmrzpdrcamounrzekpyefo/Build/Products/Release/LogicAudioAssistant_ProductionTutor.bundle/Contents/Resources

CpResource /Users/marcboyer/Library/Developer/Xcode/DerivedData/LogicAudioAssistant-ffojlzgmrzpdrcamounrzekpyefo/Build/Products/Release/LogicAudioAssistant_ProductionTutor.bundle/Contents/Resources/community-compression-arrangement-frequency-allocation-v1.json /Users/marcboyer/LogicAudioAssistant/packages/ProductionTutor/Sources/ProductionTutor/Resources/community-compression-arrangement-frequency-allocation-v1.json (in target 'LogicAudioAssistant_ProductionTutor' from project 'LogicAudioAssistant' at path '/Users/marcboyer/LogicAudioAssistant/Package.swift')
    cd /Users/marcboyer/LogicAudioAssistant
    builtin-copy -exclude .DS_Store -exclude CVS -exclude .svn -exclude .git -exclude .hg -strip-unsigned-binaries -strip-deterministic -strip-tool /Applications/Xcode.app/Contents/Developer/Toolchains/XcodeDefault.xctoolchain/usr/bin/strip -resolve-src-symlinks /Users/marcboyer/LogicAudioAssistant/packages/ProductionTutor/Sources/ProductionTutor/Resources/community-compression-arrangement-frequency-allocation-v1.json /Users/marcboyer/Library/Developer/Xcode/DerivedData/LogicAudioAssistant-ffojlzgmrzpdrcamounrzekpyefo/Build/Products/Release/LogicAudioAssistant_ProductionTutor.bundle/Contents/Resources

CpResource /Users/marcboyer/Library/Developer/Xcode/DerivedData/LogicAudioAssistant-ffojlzgmrzpdrcamounrzekpyefo/Build/Products/Release/LogicAudioAssistant_ProductionTutor.bundle/Contents/Resources/community-level-balancing-eq-v1.json /Users/marcboyer/LogicAudioAssistant/packages/ProductionTutor/Sources/ProductionTutor/Resources/community-level-balancing-eq-v1.json (in target 'LogicAudioAssistant_ProductionTutor' from project 'LogicAudioAssistant' at path '/Users/marcboyer/LogicAudioAssistant/Package.swift')
    cd /Users/marcboyer/LogicAudioAssistant
    builtin-copy -exclude .DS_Store -exclude CVS -exclude .svn -exclude .git -exclude .hg -strip-unsigned-binaries -strip-deterministic -strip-tool /Applications/Xcode.app/Contents/Developer/Toolchains/XcodeDefault.xctoolchain/usr/bin/strip -resolve-src-symlinks /Users/marcboyer/LogicAudioAssistant/packages/ProductionTutor/Sources/ProductionTutor/Resources/community-level-balancing-eq-v1.json /Users/marcboyer/Library/Developer/Xcode/DerivedData/LogicAudioAssistant-ffojlzgmrzpdrcamounrzekpyefo/Build/Products/Release/LogicAudioAssistant_ProductionTutor.bundle/Contents/Resources

ProcessInfoPlistFile /Users/marcboyer/Library/Developer/Xcode/DerivedData/LogicAudioAssistant-ffojlzgmrzpdrcamounrzekpyefo/Build/Products/Release/LogicAudioAssistant_ProductionTutor.bundle/Contents/Info.plist /Users/marcboyer/Library/Developer/Xcode/DerivedData/LogicAudioAssistant-ffojlzgmrzpdrcamounrzekpyefo/Build/Intermediates.noindex/LogicAudioAssistant.build/Release/LogicAudioAssistant_ProductionTutor.build/empty-LogicAudioAssistant_ProductionTutor.plist (in target 'LogicAudioAssistant_ProductionTutor' from project 'LogicAudioAssistant' at path '/Users/marcboyer/LogicAudioAssistant/Package.swift')
    cd /Users/marcboyer/LogicAudioAssistant
    builtin-infoPlistUtility /Users/marcboyer/Library/Developer/Xcode/DerivedData/LogicAudioAssistant-ffojlzgmrzpdrcamounrzekpyefo/Build/Intermediates.noindex/LogicAudioAssistant.build/Release/LogicAudioAssistant_ProductionTutor.build/empty-LogicAudioAssistant_ProductionTutor.plist -producttype com.apple.product-type.bundle -expandbuildsettings -platform macosx -o /Users/marcboyer/Library/Developer/Xcode/DerivedData/LogicAudioAssistant-ffojlzgmrzpdrcamounrzekpyefo/Build/Products/Release/LogicAudioAssistant_ProductionTutor.bundle/Contents/Info.plist

CpResource /Users/marcboyer/Library/Developer/Xcode/DerivedData/LogicAudioAssistant-ffojlzgmrzpdrcamounrzekpyefo/Build/Products/Release/LogicAudioAssistant_ProductionTutor.bundle/Contents/Resources/tracksmith-corpus-013-sends-buses-auxes-track-stacks-groups-submixes.json /Users/marcboyer/LogicAudioAssistant/packages/ProductionTutor/Sources/ProductionTutor/Resources/tracksmith-corpus-013-sends-buses-auxes-track-stacks-groups-submixes.json (in target 'LogicAudioAssistant_ProductionTutor' from project 'LogicAudioAssistant' at path '/Users/marcboyer/LogicAudioAssistant/Package.swift')
    cd /Users/marcboyer/LogicAudioAssistant
    builtin-copy -exclude .DS_Store -exclude CVS -exclude .svn -exclude .git -exclude .hg -strip-unsigned-binaries -strip-deterministic -strip-tool /Applications/Xcode.app/Contents/Developer/Toolchains/XcodeDefault.xctoolchain/usr/bin/strip -resolve-src-symlinks /Users/marcboyer/LogicAudioAssistant/packages/ProductionTutor/Sources/ProductionTutor/Resources/tracksmith-corpus-013-sends-buses-auxes-track-stacks-groups-submixes.json /Users/marcboyer/Library/Developer/Xcode/DerivedData/LogicAudioAssistant-ffojlzgmrzpdrcamounrzekpyefo/Build/Products/Release/LogicAudioAssistant_ProductionTutor.bundle/Contents/Resources

CpResource /Users/marcboyer/Library/Developer/Xcode/DerivedData/LogicAudioAssistant-ffojlzgmrzpdrcamounrzekpyefo/Build/Products/Release/LogicAudioAssistant_ProductionTutor.bundle/Contents/Resources/tracksmith-corpus-012-recording-latency-monitoring-comping-punch.json /Users/marcboyer/LogicAudioAssistant/packages/ProductionTutor/Sources/ProductionTutor/Resources/tracksmith-corpus-012-recording-latency-monitoring-comping-punch.json (in target 'LogicAudioAssistant_ProductionTutor' from project 'LogicAudioAssistant' at path '/Users/marcboyer/LogicAudioAssistant/Package.swift')
    cd /Users/marcboyer/LogicAudioAssistant
    builtin-copy -exclude .DS_Store -exclude CVS -exclude .svn -exclude .git -exclude .hg -strip-unsigned-binaries -strip-deterministic -strip-tool /Applications/Xcode.app/Contents/Developer/Toolchains/XcodeDefault.xctoolchain/usr/bin/strip -resolve-src-symlinks /Users/marcboyer/LogicAudioAssistant/packages/ProductionTutor/Sources/ProductionTutor/Resources/tracksmith-corpus-012-recording-latency-monitoring-comping-punch.json /Users/marcboyer/Library/Developer/Xcode/DerivedData/LogicAudioAssistant-ffojlzgmrzpdrcamounrzekpyefo/Build/Products/Release/LogicAudioAssistant_ProductionTutor.bundle/Contents/Resources

CpResource /Users/marcboyer/Library/Developer/Xcode/DerivedData/LogicAudioAssistant-ffojlzgmrzpdrcamounrzekpyefo/Build/Products/Release/LogicAudioAssistant_ProductionTutor.bundle/Contents/Resources/tracksmith-corpus-011-smart-tempo-bpm-detection-tempo-mapping.json /Users/marcboyer/LogicAudioAssistant/packages/ProductionTutor/Sources/ProductionTutor/Resources/tracksmith-corpus-011-smart-tempo-bpm-detection-tempo-mapping.json (in target 'LogicAudioAssistant_ProductionTutor' from project 'LogicAudioAssistant' at path '/Users/marcboyer/LogicAudioAssistant/Package.swift')
    cd /Users/marcboyer/LogicAudioAssistant
    builtin-copy -exclude .DS_Store -exclude CVS -exclude .svn -exclude .git -exclude .hg -strip-unsigned-binaries -strip-deterministic -strip-tool /Applications/Xcode.app/Contents/Developer/Toolchains/XcodeDefault.xctoolchain/usr/bin/strip -resolve-src-symlinks /Users/marcboyer/LogicAudioAssistant/packages/ProductionTutor/Sources/ProductionTutor/Resources/tracksmith-corpus-011-smart-tempo-bpm-detection-tempo-mapping.json /Users/marcboyer/Library/Developer/Xcode/DerivedData/LogicAudioAssistant-ffojlzgmrzpdrcamounrzekpyefo/Build/Products/Release/LogicAudioAssistant_ProductionTutor.bundle/Contents/Resources

CpResource /Users/marcboyer/Library/Developer/Xcode/DerivedData/LogicAudioAssistant-ffojlzgmrzpdrcamounrzekpyefo/Build/Products/Release/LogicAudioAssistant_ProductionTutor.bundle/Contents/Resources/tracksmith-corpus-010-flex-time-manual-timing.json /Users/marcboyer/LogicAudioAssistant/packages/ProductionTutor/Sources/ProductionTutor/Resources/tracksmith-corpus-010-flex-time-manual-timing.json (in target 'LogicAudioAssistant_ProductionTutor' from project 'LogicAudioAssistant' at path '/Users/marcboyer/LogicAudioAssistant/Package.swift')
    cd /Users/marcboyer/LogicAudioAssistant
    builtin-copy -exclude .DS_Store -exclude CVS -exclude .svn -exclude .git -exclude .hg -strip-unsigned-binaries -strip-deterministic -strip-tool /Applications/Xcode.app/Contents/Developer/Toolchains/XcodeDefault.xctoolchain/usr/bin/strip -resolve-src-symlinks /Users/marcboyer/LogicAudioAssistant/packages/ProductionTutor/Sources/ProductionTutor/Resources/tracksmith-corpus-010-flex-time-manual-timing.json /Users/marcboyer/Library/Developer/Xcode/DerivedData/LogicAudioAssistant-ffojlzgmrzpdrcamounrzekpyefo/Build/Products/Release/LogicAudioAssistant_ProductionTutor.bundle/Contents/Resources

CpResource /Users/marcboyer/Library/Developer/Xcode/DerivedData/LogicAudioAssistant-ffojlzgmrzpdrcamounrzekpyefo/Build/Products/Release/LogicAudioAssistant_ProductionTutor.bundle/Contents/Resources/tracksmith-corpus-009-gain-staging-bus-processing-loudness.json /Users/marcboyer/LogicAudioAssistant/packages/ProductionTutor/Sources/ProductionTutor/Resources/tracksmith-corpus-009-gain-staging-bus-processing-loudness.json (in target 'LogicAudioAssistant_ProductionTutor' from project 'LogicAudioAssistant' at path '/Users/marcboyer/LogicAudioAssistant/Package.swift')
    cd /Users/marcboyer/LogicAudioAssistant
    builtin-copy -exclude .DS_Store -exclude CVS -exclude .svn -exclude .git -exclude .hg -strip-unsigned-binaries -strip-deterministic -strip-tool /Applications/Xcode.app/Contents/Developer/Toolchains/XcodeDefault.xctoolchain/usr/bin/strip -resolve-src-symlinks /Users/marcboyer/LogicAudioAssistant/packages/ProductionTutor/Sources/ProductionTutor/Resources/tracksmith-corpus-009-gain-staging-bus-processing-loudness.json /Users/marcboyer/Library/Developer/Xcode/DerivedData/LogicAudioAssistant-ffojlzgmrzpdrcamounrzekpyefo/Build/Products/Release/LogicAudioAssistant_ProductionTutor.bundle/Contents/Resources

SwiftCompile normal arm64 Compiling\ resource_bundle_accessor.swift,\ CommunityCandidateCorpus.generated.swift,\ CommunityCandidateCorpus.swift,\ GeneralTutorAnswer.swift,\ GeneralTutorCoordinator.swift,\ GeneralTutorDomains.swift,\ GeneralTutorEvaluation.swift,\ GeneralTutorKnowledge.generated.swift,\ GeneralTutorKnowledge.swift,\ GeneralTutorQuestion.swift,\ GeneralTutorRetriever.swift,\ GeneralTutorRouter.swift,\ PersonalProfileStore.swift,\ TutorCauseModel.swift,\ TutorContextBuilder.swift,\ TutorContracts.swift,\ TutorEvaluationHarness.swift,\ TutorExplanationFormatter.swift,\ TutorFeedbackReducer.swift,\ TutorInterpretationContract.swift,\ TutorIssueVocabulary.swift,\ TutorKnowledgeValidator.swift,\ TutorLessonValidator.swift,\ TutorPlanner.swift,\ TutorProcedureKnowledge.generated.swift,\ TutorProcedureKnowledge.swift,\ TutorSessionStore.swift /Users/marcboyer/Library/Developer/Xcode/DerivedData/LogicAudioAssistant-ffojlzgmrzpdrcamounrzekpyefo/Build/Intermediates.noindex/LogicAudioAssistant.build/Release/ProductionTutor.build/DerivedSources/resource_bundle_accessor.swift /Users/marcboyer/LogicAudioAssistant/packages/ProductionTutor/Sources/ProductionTutor/CommunityCandidateCorpus.generated.swift /Users/marcboyer/LogicAudioAssistant/packages/ProductionTutor/Sources/ProductionTutor/CommunityCandidateCorpus.swift /Users/marcboyer/LogicAudioAssistant/packages/ProductionTutor/Sources/ProductionTutor/GeneralTutorAnswer.swift /Users/marcboyer/LogicAudioAssistant/packages/ProductionTutor/Sources/ProductionTutor/GeneralTutorCoordinator.swift /Users/marcboyer/LogicAudioAssistant/packages/ProductionTutor/Sources/ProductionTutor/GeneralTutorDomains.swift /Users/marcboyer/LogicAudioAssistant/packages/ProductionTutor/Sources/ProductionTutor/GeneralTutorEvaluation.swift /Users/marcboyer/LogicAudioAssistant/packages/ProductionTutor/Sources/ProductionTutor/GeneralTutorKnowledge.generated.swift /Users/marcboyer/LogicAudioAssistant/packages/ProductionTutor/Sources/ProductionTutor/GeneralTutorKnowledge.swift /Users/marcboyer/LogicAudioAssistant/packages/ProductionTutor/Sources/ProductionTutor/GeneralTutorQuestion.swift /Users/marcboyer/LogicAudioAssistant/packages/ProductionTutor/Sources/ProductionTutor/GeneralTutorRetriever.swift /Users/marcboyer/LogicAudioAssistant/packages/ProductionTutor/Sources/ProductionTutor/GeneralTutorRouter.swift /Users/marcboyer/LogicAudioAssistant/packages/ProductionTutor/Sources/ProductionTutor/PersonalProfileStore.swift /Users/marcboyer/LogicAudioAssistant/packages/ProductionTutor/Sources/ProductionTutor/TutorCauseModel.swift /Users/marcboyer/LogicAudioAssistant/packages/ProductionTutor/Sources/ProductionTutor/TutorContextBuilder.swift /Users/marcboyer/LogicAudioAssistant/packages/ProductionTutor/Sources/ProductionTutor/TutorContracts.swift /Users/marcboyer/LogicAudioAssistant/packages/ProductionTutor/Sources/ProductionTutor/TutorEvaluationHarness.swift /Users/marcboyer/LogicAudioAssistant/packages/ProductionTutor/Sources/ProductionTutor/TutorExplanationFormatter.swift /Users/marcboyer/LogicAudioAssistant/packages/ProductionTutor/Sources/ProductionTutor/TutorFeedbackReducer.swift /Users/marcboyer/LogicAudioAssistant/packages/ProductionTutor/Sources/ProductionTutor/TutorInterpretationContract.swift /Users/marcboyer/LogicAudioAssistant/packages/ProductionTutor/Sources/ProductionTutor/TutorIssueVocabulary.swift /Users/marcboyer/LogicAudioAssistant/packages/ProductionTutor/Sources/ProductionTutor/TutorKnowledgeValidator.swift /Users/marcboyer/LogicAudioAssistant/packages/ProductionTutor/Sources/ProductionTutor/TutorLessonValidator.swift /Users/marcboyer/LogicAudioAssistant/packages/ProductionTutor/Sources/ProductionTutor/TutorPlanner.swift /Users/marcboyer/LogicAudioAssistant/packages/ProductionTutor/Sources/ProductionTutor/TutorProcedureKnowledge.generated.swift /Users/marcboyer/LogicAudioAssistant/packages/ProductionTutor/Sources/ProductionTutor/TutorProcedureKnowledge.swift /Users/marcboyer/LogicAudioAssistant/packages/ProductionTutor/Sources/ProductionTutor/TutorSessionStore.swift /Applications/Xcode.app/Contents/Developer/Toolchains/XcodeDefault.xctoolchain/usr/lib/swift/macosx/prebuilt-modules/26.5/Observation.swiftmodule/arm64e-apple-macos.swiftmodule /Applications/Xcode.app/Contents/Developer/Toolchains/XcodeDefault.xctoolchain/usr/lib/swift/macosx/prebuilt-modules/26.5/_DarwinFoundation3.swiftmodule/arm64e-apple-macos.swiftmodule /Applications/Xcode.app/Contents/Developer/Toolchains/XcodeDefault.xctoolchain/usr/lib/swift/macosx/prebuilt-modules/26.5/_Builtin_float.swiftmodule/arm64e-apple-macos.swiftmodule /Applications/Xcode.app/Contents/Developer/Toolchains/XcodeDefault.xctoolchain/usr/lib/swift/macosx/prebuilt-modules/26.5/CryptoKit.swiftmodule/arm64e-apple-macos.swiftmodule /Applications/Xcode.app/Contents/Developer/Toolchains/XcodeDefault.xctoolchain/usr/lib/swift/macosx/prebuilt-modules/26.5/System.swiftmodule/arm64e-apple-macos.swiftmodule /Applications/Xcode.app/Contents/Developer/Toolchains/XcodeDefault.xctoolchain/usr/lib/swift/macosx/prebuilt-modules/26.5/IOKit.swiftmodule/arm64e-apple-macos.swiftmodule /Applications/Xcode.app/Contents/Developer/Toolchains/XcodeDefault.xctoolchain/usr/lib/swift/macosx/prebuilt-modules/26.5/Foundation.swiftmodule/arm64e-apple-macos.swiftmodule /Users/marcboyer/Library/Developer/Xcode/DerivedData/LogicAudioAssistant-ffojlzgmrzpdrcamounrzekpyefo/Build/Products/Release/DSPCore.swiftmodule/arm64-apple-macos.swiftmodule /Users/marcboyer/Library/Developer/Xcode/DerivedData/LogicAudioAssistant-ffojlzgmrzpdrcamounrzekpyefo/Build/Products/Release/AgentCore.swiftmodule/arm64-apple-macos.swiftmodule /Applications/Xcode.app/Contents/Developer/Toolchains/XcodeDefault.xctoolchain/usr/lib/swift/macosx/prebuilt-modules/26.5/XPC.swiftmodule/arm64e-apple-macos.swiftmodule /Applications/Xcode.app/Contents/Developer/Toolchains/XcodeDefault.xctoolchain/usr/lib/swift/macosx/prebuilt-modules/26.5/_DarwinFoundation2.swiftmodule/arm64e-apple-macos.swiftmodule /Applications/Xcode.app/Contents/Developer/Toolchains/XcodeDefault.xctoolchain/usr/lib/swift/macosx/prebuilt-modules/26.5/Combine.swiftmodule/arm64e-apple-macos.swiftmodule /Applications/Xcode.app/Contents/Developer/Toolchains/XcodeDefault.xctoolchain/usr/lib/swift/macosx/prebuilt-modules/26.5/Darwin.swiftmodule/arm64e-apple-macos.swiftmodule /Applications/Xcode.app/Contents/Developer/Toolchains/XcodeDefault.xctoolchain/usr/lib/swift/macosx/prebuilt-modules/26.5/LocalAuthentication.swiftmodule/arm64e-apple-macos.swiftmodule /Applications/Xcode.app/Contents/Developer/Toolchains/XcodeDefault.xctoolchain/usr/lib/swift/macosx/prebuilt-modules/26.5/ObjectiveC.swiftmodule/arm64e-apple-macos.swiftmodule /Applications/Xcode.app/Contents/Developer/Toolchains/XcodeDefault.xctoolchain/usr/lib/swift/macosx/prebuilt-modules/26.5/_Concurrency.swiftmodule/arm64e-apple-macos.swiftmodule /Applications/Xcode.app/Contents/Developer/Toolchains/XcodeDefault.xctoolchain/usr/lib/swift/macosx/prebuilt-modules/26.5/Dispatch.swiftmodule/arm64e-apple-macos.swiftmodule /Applications/Xcode.app/Contents/Developer/Toolchains/XcodeDefault.xctoolchain/usr/lib/swift/macosx/prebuilt-modules/26.5/_DarwinFoundation1.swiftmodule/arm64e-apple-macos.swiftmodule /Applications/Xcode.app/Contents/Developer/Toolchains/XcodeDefault.xctoolchain/usr/lib/swift/macosx/prebuilt-modules/26.5/CoreFoundation.swiftmodule/arm64e-apple-macos.swiftmodule /Applications/Xcode.app/Contents/Developer/Toolchains/XcodeDefault.xctoolchain/usr/lib/swift/macosx/prebuilt-modules/26.5/_StringProcessing.swiftmodule/arm64e-apple-macos.swiftmodule /Users/marcboyer/Library/Developer/Xcode/DerivedData/LogicAudioAssistant-ffojlzgmrzpdrcamounrzekpyefo/Build/Products/Release/AudioAnalysis.swiftmodule/arm64-apple-macos.swiftmodule /Applications/Xcode.app/Contents/Developer/Toolchains/XcodeDefault.xctoolchain/usr/lib/swift/macosx/prebuilt-modules/26.5/Swift.swiftmodule/arm64e-apple-macos.swiftmodule /Users/marcboyer/Library/Developer/Xcode/DerivedData/LogicAudioAssistant-ffojlzgmrzpdrcamounrzekpyefo/Build/Products/Release/PlanSchema.swiftmodule/arm64-apple-macos.swiftmodule /Users/marcboyer/Library/Developer/Xcode/DerivedData/ModuleCache.noindex/ptrauth-6LKNEW9ANOTJPU0AKS0PY18K8.pcm /Users/marcboyer/Library/Developer/Xcode/DerivedData/ModuleCache.noindex/_Builtin_float-8U5LSNYSK83ALIUPULAD07B3M.pcm /Users/marcboyer/Library/Developer/Xcode/DerivedData/ModuleCache.noindex/CoreServices-ER44Z05JP97LKK927MOB36CKK.pcm /Users/marcboyer/Library/Developer/Xcode/DerivedData/ModuleCache.noindex/libkern-3VXO00HRXFV2OGFAM55SXDM6U.pcm /Users/marcboyer/Library/Developer/Xcode/DerivedData/ModuleCache.noindex/os_object-BD4LRRKYYYICHP3I3MBAH3JK2.pcm /Users/marcboyer/Library/Developer/Xcode/DerivedData/ModuleCache.noindex/_AvailabilityInternal-6UYTXX8HQ2N35FMXG8JSE1V6P.pcm /Users/marcboyer/Library/Developer/Xcode/DerivedData/ModuleCache.noindex/CoreFoundation-29BRIA07X5D8O6P5W2YKDIK5J.pcm /Users/marcboyer/Library/Developer/Xcode/DerivedData/ModuleCache.noindex/os_workgroup-9G165UVZBH6YU4MM5G9BWA3CH.pcm /Users/marcboyer/Library/Developer/Xcode/DerivedData/ModuleCache.noindex/libDER-C2H3XBF9RC8GOGIW96LLP97GX.pcm /Users/marcboyer/Library/Developer/Xcode/DerivedData/ModuleCache.noindex/DiskArbitration-2MV6M5A85FKDB5ARHSH4LZ8WQ.pcm /Users/marcboyer/Library/Developer/Xcode/DerivedData/ModuleCache.noindex/_Builtin_inttypes-CGNDFX3SKFJ3QY9C68ADCLUQ7.pcm /Users/marcboyer/Library/Developer/Xcode/DerivedData/ModuleCache.noindex/_Builtin_limits-71CEB73W6ALH9W5NPHK0DC5RU.pcm /Users/marcboyer/Library/Developer/Xcode/DerivedData/ModuleCache.noindex/Dispatch-BCJ32STNYT9MYL2ECEAGC5CB0.pcm /Users/marcboyer/Library/Developer/Xcode/DerivedData/LogicAudioAssistant-ffojlzgmrzpdrcamounrzekpyefo/Build/Intermediates.noindex/SwiftExplicitPrecompiledModules/CAtomics-528CKBN64304P8RAZ84340ZOL.pcm /Users/marcboyer/Library/Developer/Xcode/DerivedData/ModuleCache.noindex/_Builtin_stddef-7006AZZ7C9JF1NA4XU5W3ASON.pcm /Users/marcboyer/Library/Developer/Xcode/DerivedData/ModuleCache.noindex/ptrcheck-7OAVUWEOEYLBIN0E1FHTRCICC.pcm /Users/marcboyer/Library/Developer/Xcode/DerivedData/ModuleCache.noindex/_Builtin_stdarg-9M6KJ90MRT2T48WIBN1VHEPLV.pcm /Users/marcboyer/Library/Developer/Xcode/DerivedData/ModuleCache.noindex/_Builtin_stdint-AZH0V5UOWPS5MN9THL7GJTZ3J.pcm /Users/marcboyer/Library/Developer/Xcode/DerivedData/ModuleCache.noindex/_Builtin_stdbool-DL0UIHL7EDWMBQ5LP86GVY3OE.pcm /Users/marcboyer/Library/Developer/Xcode/DerivedData/ModuleCache.noindex/MachO-7ERTJK7K3TYYT7SRK2Y6QB7YO.pcm /Users/marcboyer/Library/Developer/Xcode/DerivedData/ModuleCache.noindex/_DarwinFoundation2-EDUAZSB5DO4TE0L585A11LXGG.pcm /Users/marcboyer/Library/Developer/Xcode/DerivedData/ModuleCache.noindex/Security-CQ3UF9R28JUG6S40IBI1S6T48.pcm /Users/marcboyer/Library/Developer/Xcode/DerivedData/ModuleCache.noindex/LocalAuthentication-E9GBUGW6EZOL2WM7WN6WIFRNX.pcm /Users/marcboyer/Library/Developer/Xcode/DerivedData/ModuleCache.noindex/sys_types-1HZX57XBDDVG7K1RU9OLUP08Q.pcm /Users/marcboyer/Library/Developer/Xcode/DerivedData/ModuleCache.noindex/XPC-6GW5OGIFVOG978HVT80B09XP5.pcm /Users/marcboyer/Library/Developer/Xcode/DerivedData/ModuleCache.noindex/IOKit-QD3KGNWMTOMEMGQYZ8PNB52I.pcm /Users/marcboyer/Library/Developer/Xcode/DerivedData/ModuleCache.noindex/Darwin-7M4IRKD4EHMXNA7HB5P11PRZ9.pcm /Users/marcboyer/Library/Developer/Xcode/DerivedData/ModuleCache.noindex/_DarwinFoundation3-3DRNEJKKY87U2XJHQKIHZUVUM.pcm /Users/marcboyer/Library/Developer/Xcode/DerivedData/ModuleCache.noindex/_SwiftConcurrencyShims-CU6HDM3R3QSR40CYAZYF205WH.pcm /Users/marcboyer/Library/Developer/Xcode/DerivedData/ModuleCache.noindex/Foundation-35ABSMGVGH9JNOEIX2Q9AFL9X.pcm /Users/marcboyer/Library/Developer/Xcode/DerivedData/ModuleCache.noindex/launch-BN0CZ89YJM7HRGZJSF81ZBIT1.pcm /Users/marcboyer/Library/Developer/Xcode/DerivedData/ModuleCache.noindex/ObjectiveC-2UIPDBR61B3OKUZ1ZE8H78S71.pcm /Users/marcboyer/Library/Developer/Xcode/DerivedData/ModuleCache.noindex/CFNetwork-XBB4FO0CNE6F7NNA9WPPFLN.pcm /Users/marcboyer/Library/Developer/Xcode/DerivedData/ModuleCache.noindex/SwiftShims-DOMSMT5IN4IK51PRS8ITAY6O.pcm /Users/marcboyer/Library/Developer/Xcode/DerivedData/ModuleCache.noindex/_DarwinFoundation1-F2XQKK1WR6CG48BN6IGXWNNNF.pcm /Users/marcboyer/Library/Developer/Xcode/DerivedData/LogicAudioAssistant-ffojlzgmrzpdrcamounrzekpyefo/Build/Intermediates.noindex/LogicAudioAssistant.build/Release/ProductionTutor.build/Objects-normal/arm64/ProductionTutor-dependencies-1.json (in target 'ProductionTutor' from project 'LogicAudioAssistant' at path '/Users/marcboyer/LogicAudioAssistant/Package.swift')

CompileSwift normal arm64 (in target 'ProductionTutor' from project 'LogicAudioAssistant' at path '/Users/marcboyer/LogicAudioAssistant/Package.swift')
    cd /Users/marcboyer/LogicAudioAssistant/LogicAudioAssistant.xcodeproj
    
/Users/marcboyer/LogicAudioAssistant/packages/ProductionTutor/Sources/ProductionTutor/GeneralTutorCoordinator.swift:472:23: warning: no calls to throwing functions occur within 'try' expression
        let planner = try? TutorPlanner(catalog: procedureCatalog)
                      ^

SwiftDriver\ Compilation ProductionTutor normal arm64 com.apple.xcode.tools.swift.compiler (in target 'ProductionTutor' from project 'LogicAudioAssistant' at path '/Users/marcboyer/LogicAudioAssistant/Package.swift')
    cd /Users/marcboyer/LogicAudioAssistant/LogicAudioAssistant.xcodeproj
    builtin-Swift-Compilation -- /Applications/Xcode.app/Contents/Developer/Toolchains/XcodeDefault.xctoolchain/usr/bin/swiftc -module-name ProductionTutor -O -whole-module-optimization @/Users/marcboyer/Library/Developer/Xcode/DerivedData/LogicAudioAssistant-ffojlzgmrzpdrcamounrzekpyefo/Build/Intermediates.noindex/LogicAudioAssistant.build/Release/ProductionTutor.build/Objects-normal/arm64/ProductionTutor.SwiftFileList -DSWIFT_PACKAGE -DSWIFT_MODULE_RESOURCE_BUNDLE_AVAILABLE -Xcc -fmodule-map-file\=/Users/marcboyer/Library/Developer/Xcode/DerivedData/LogicAudioAssistant-ffojlzgmrzpdrcamounrzekpyefo/Build/Intermediates.noindex/GeneratedModuleMaps/CAtomics.modulemap -DXcode -plugin-path /Applications/Xcode.app/Contents/Developer/Toolchains/XcodeDefault.xctoolchain/usr/lib/swift/host/plugins/testing -enable-experimental-feature DebugDescriptionMacro -sdk /Applications/Xcode.app/Contents/Developer/Platforms/MacOSX.platform/Developer/SDKs/MacOSX26.5.sdk -target arm64-apple-macos14.0 -g -module-cache-path /Users/marcboyer/Library/Developer/Xcode/DerivedData/ModuleCache.noindex -Xfrontend -serialize-debugging-options -swift-version 6 -I /Users/marcboyer/Library/Developer/Xcode/DerivedData/LogicAudioAssistant-ffojlzgmrzpdrcamounrzekpyefo/Build/Products/Release -Isystem /Applications/Xcode.app/Contents/Developer/Platforms/MacOSX.platform/Developer/usr/lib -F /Users/marcboyer/Library/Developer/Xcode/DerivedData/LogicAudioAssistant-ffojlzgmrzpdrcamounrzekpyefo/Build/Products/Release/PackageFrameworks -F /Users/marcboyer/Library/Developer/Xcode/DerivedData/LogicAudioAssistant-ffojlzgmrzpdrcamounrzekpyefo/Build/Products/Release/PackageFrameworks -F /Users/marcboyer/Library/Developer/Xcode/DerivedData/LogicAudioAssistant-ffojlzgmrzpdrcamounrzekpyefo/Build/Products/Release/PackageFrameworks -F /Users/marcboyer/Library/Developer/Xcode/DerivedData/LogicAudioAssistant-ffojlzgmrzpdrcamounrzekpyefo/Build/Products/Release/PackageFrameworks -F /Users/marcboyer/Library/Developer/Xcode/DerivedData/LogicAudioAssistant-ffojlzgmrzpdrcamounrzekpyefo/Build/Products/Release/PackageFrameworks -F /Users/marcboyer/Library/Developer/Xcode/DerivedData/LogicAudioAssistant-ffojlzgmrzpdrcamounrzekpyefo/Build/Products/Release/PackageFrameworks -F /Users/marcboyer/Library/Developer/Xcode/DerivedData/LogicAudioAssistant-ffojlzgmrzpdrcamounrzekpyefo/Build/Products/Release -F /Applications/Xcode.app/Contents/Developer/Platforms/MacOSX.platform/Developer/Library/Frameworks -c -num-threads 10 -Xcc -ivfsstatcache -Xcc /Users/marcboyer/Library/Developer/Xcode/DerivedData/SDKStatCaches.noindex/macosx26.5-25F70-e082c4a02f00227109f4ed75e425c832.sdkstatcache -output-file-map /Users/marcboyer/Library/Developer/Xcode/DerivedData/LogicAudioAssistant-ffojlzgmrzpdrcamounrzekpyefo/Build/Intermediates.noindex/LogicAudioAssistant.build/Release/ProductionTutor.build/Objects-normal/arm64/ProductionTutor-OutputFileMap.json -use-frontend-parseable-output -save-temps -no-color-diagnostics -explicit-module-build -module-cache-path /Users/marcboyer/Library/Developer/Xcode/DerivedData/LogicAudioAssistant-ffojlzgmrzpdrcamounrzekpyefo/Build/Intermediates.noindex/SwiftExplicitPrecompiledModules -clang-scanner-module-cache-path /Users/marcboyer/Library/Developer/Xcode/DerivedData/ModuleCache.noindex -sdk-module-cache-path /Users/marcboyer/Library/Developer/Xcode/DerivedData/ModuleCache.noindex -serialize-diagnostics -emit-dependencies -emit-module -emit-module-path /Users/marcboyer/Library/Developer/Xcode/DerivedData/LogicAudioAssistant-ffojlzgmrzpdrcamounrzekpyefo/Build/Intermediates.noindex/LogicAudioAssistant.build/Release/ProductionTutor.build/Objects-normal/arm64/ProductionTutor.swiftmodule -validate-clang-modules-once -clang-build-session-file /Users/marcboyer/Library/Developer/Xcode/DerivedData/ModuleCache.noindex/Session.modulevalidation -package-name logicaudioassistant -Xcc -I/Users/marcboyer/Library/Developer/Xcode/DerivedData/LogicAudioAssistant-ffojlzgmrzpdrcamounrzekpyefo/Build/Intermediates.noindex/LogicAudioAssistant.build/Release/ProductionTutor.build/swift-overrides.hmap -emit-const-values -Xfrontend -const-gather-protocols-file -Xfrontend /Users/marcboyer/Library/Developer/Xcode/DerivedData/LogicAudioAssistant-ffojlzgmrzpdrcamounrzekpyefo/Build/Intermediates.noindex/LogicAudioAssistant.build/Release/ProductionTutor.build/Objects-normal/arm64/ProductionTutor_const_extract_protocols.json -Xcc -I/Users/marcboyer/LogicAudioAssistant/packages/CAtomics/include -Xcc -I/Users/marcboyer/Library/Developer/Xcode/DerivedData/LogicAudioAssistant-ffojlzgmrzpdrcamounrzekpyefo/Build/Products/Release/include -Xcc -I/Users/marcboyer/Library/Developer/Xcode/DerivedData/LogicAudioAssistant-ffojlzgmrzpdrcamounrzekpyefo/Build/Intermediates.noindex/LogicAudioAssistant.build/Release/ProductionTutor.build/DerivedSources-normal/arm64 -Xcc -I/Users/marcboyer/Library/Developer/Xcode/DerivedData/LogicAudioAssistant-ffojlzgmrzpdrcamounrzekpyefo/Build/Intermediates.noindex/LogicAudioAssistant.build/Release/ProductionTutor.build/DerivedSources/arm64 -Xcc -I/Users/marcboyer/Library/Developer/Xcode/DerivedData/LogicAudioAssistant-ffojlzgmrzpdrcamounrzekpyefo/Build/Intermediates.noindex/LogicAudioAssistant.build/Release/ProductionTutor.build/DerivedSources -Xcc -DSWIFT_PACKAGE -emit-objc-header -emit-objc-header-path /Users/marcboyer/Library/Developer/Xcode/DerivedData/LogicAudioAssistant-ffojlzgmrzpdrcamounrzekpyefo/Build/Intermediates.noindex/LogicAudioAssistant.build/Release/ProductionTutor.build/Objects-normal/arm64/ProductionTutor-Swift.h -working-directory /Users/marcboyer/LogicAudioAssistant/LogicAudioAssistant.xcodeproj -no-emit-module-separately-wmo

SwiftDriverJobDiscovery normal arm64 Compiling resource_bundle_accessor.swift, CommunityCandidateCorpus.generated.swift, CommunityCandidateCorpus.swift, GeneralTutorAnswer.swift, GeneralTutorCoordinator.swift, GeneralTutorDomains.swift, GeneralTutorEvaluation.swift, GeneralTutorKnowledge.generated.swift, GeneralTutorKnowledge.swift, GeneralTutorQuestion.swift, GeneralTutorRetriever.swift, GeneralTutorRouter.swift, PersonalProfileStore.swift, TutorCauseModel.swift, TutorContextBuilder.swift, TutorContracts.swift, TutorEvaluationHarness.swift, TutorExplanationFormatter.swift, TutorFeedbackReducer.swift, TutorInterpretationContract.swift, TutorIssueVocabulary.swift, TutorKnowledgeValidator.swift, TutorLessonValidator.swift, TutorPlanner.swift, TutorProcedureKnowledge.generated.swift, TutorProcedureKnowledge.swift, TutorSessionStore.swift (in target 'ProductionTutor' from project 'LogicAudioAssistant' at path '/Users/marcboyer/LogicAudioAssistant/Package.swift')

SwiftDriver\ Compilation\ Requirements ProductionTutor normal arm64 com.apple.xcode.tools.swift.compiler (in target 'ProductionTutor' from project 'LogicAudioAssistant' at path '/Users/marcboyer/LogicAudioAssistant/Package.swift')
    cd /Users/marcboyer/LogicAudioAssistant/LogicAudioAssistant.xcodeproj
    builtin-Swift-Compilation-Requirements -- /Applications/Xcode.app/Contents/Developer/Toolchains/XcodeDefault.xctoolchain/usr/bin/swiftc -module-name ProductionTutor -O -whole-module-optimization @/Users/marcboyer/Library/Developer/Xcode/DerivedData/LogicAudioAssistant-ffojlzgmrzpdrcamounrzekpyefo/Build/Intermediates.noindex/LogicAudioAssistant.build/Release/ProductionTutor.build/Objects-normal/arm64/ProductionTutor.SwiftFileList -DSWIFT_PACKAGE -DSWIFT_MODULE_RESOURCE_BUNDLE_AVAILABLE -Xcc -fmodule-map-file\=/Users/marcboyer/Library/Developer/Xcode/DerivedData/LogicAudioAssistant-ffojlzgmrzpdrcamounrzekpyefo/Build/Intermediates.noindex/GeneratedModuleMaps/CAtomics.modulemap -DXcode -plugin-path /Applications/Xcode.app/Contents/Developer/Toolchains/XcodeDefault.xctoolchain/usr/lib/swift/host/plugins/testing -enable-experimental-feature DebugDescriptionMacro -sdk /Applications/Xcode.app/Contents/Developer/Platforms/MacOSX.platform/Developer/SDKs/MacOSX26.5.sdk -target arm64-apple-macos14.0 -g -module-cache-path /Users/marcboyer/Library/Developer/Xcode/DerivedData/ModuleCache.noindex -Xfrontend -serialize-debugging-options -swift-version 6 -I /Users/marcboyer/Library/Developer/Xcode/DerivedData/LogicAudioAssistant-ffojlzgmrzpdrcamounrzekpyefo/Build/Products/Release -Isystem /Applications/Xcode.app/Contents/Developer/Platforms/MacOSX.platform/Developer/usr/lib -F /Users/marcboyer/Library/Developer/Xcode/DerivedData/LogicAudioAssistant-ffojlzgmrzpdrcamounrzekpyefo/Build/Products/Release/PackageFrameworks -F /Users/marcboyer/Library/Developer/Xcode/DerivedData/LogicAudioAssistant-ffojlzgmrzpdrcamounrzekpyefo/Build/Products/Release/PackageFrameworks -F /Users/marcboyer/Library/Developer/Xcode/DerivedData/LogicAudioAssistant-ffojlzgmrzpdrcamounrzekpyefo/Build/Products/Release/PackageFrameworks -F /Users/marcboyer/Library/Developer/Xcode/DerivedData/LogicAudioAssistant-ffojlzgmrzpdrcamounrzekpyefo/Build/Products/Release/PackageFrameworks -F /Users/marcboyer/Library/Developer/Xcode/DerivedData/LogicAudioAssistant-ffojlzgmrzpdrcamounrzekpyefo/Build/Products/Release/PackageFrameworks -F /Users/marcboyer/Library/Developer/Xcode/DerivedData/LogicAudioAssistant-ffojlzgmrzpdrcamounrzekpyefo/Build/Products/Release/PackageFrameworks -F /Users/marcboyer/Library/Developer/Xcode/DerivedData/LogicAudioAssistant-ffojlzgmrzpdrcamounrzekpyefo/Build/Products/Release -F /Applications/Xcode.app/Contents/Developer/Platforms/MacOSX.platform/Developer/Library/Frameworks -c -num-threads 10 -Xcc -ivfsstatcache -Xcc /Users/marcboyer/Library/Developer/Xcode/DerivedData/SDKStatCaches.noindex/macosx26.5-25F70-e082c4a02f00227109f4ed75e425c832.sdkstatcache -output-file-map /Users/marcboyer/Library/Developer/Xcode/DerivedData/LogicAudioAssistant-ffojlzgmrzpdrcamounrzekpyefo/Build/Intermediates.noindex/LogicAudioAssistant.build/Release/ProductionTutor.build/Objects-normal/arm64/ProductionTutor-OutputFileMap.json -use-frontend-parseable-output -save-temps -no-color-diagnostics -explicit-module-build -module-cache-path /Users/marcboyer/Library/Developer/Xcode/DerivedData/LogicAudioAssistant-ffojlzgmrzpdrcamounrzekpyefo/Build/Intermediates.noindex/SwiftExplicitPrecompiledModules -clang-scanner-module-cache-path /Users/marcboyer/Library/Developer/Xcode/DerivedData/ModuleCache.noindex -sdk-module-cache-path /Users/marcboyer/Library/Developer/Xcode/DerivedData/ModuleCache.noindex -serialize-diagnostics -emit-dependencies -emit-module -emit-module-path /Users/marcboyer/Library/Developer/Xcode/DerivedData/LogicAudioAssistant-ffojlzgmrzpdrcamounrzekpyefo/Build/Intermediates.noindex/LogicAudioAssistant.build/Release/ProductionTutor.build/Objects-normal/arm64/ProductionTutor.swiftmodule -validate-clang-modules-once -clang-build-session-file /Users/marcboyer/Library/Developer/Xcode/DerivedData/ModuleCache.noindex/Session.modulevalidation -package-name logicaudioassistant -Xcc -I/Users/marcboyer/Library/Developer/Xcode/DerivedData/LogicAudioAssistant-ffojlzgmrzpdrcamounrzekpyefo/Build/Intermediates.noindex/LogicAudioAssistant.build/Release/ProductionTutor.build/swift-overrides.hmap -emit-const-values -Xfrontend -const-gather-protocols-file -Xfrontend /Users/marcboyer/Library/Developer/Xcode/DerivedData/LogicAudioAssistant-ffojlzgmrzpdrcamounrzekpyefo/Build/Intermediates.noindex/LogicAudioAssistant.build/Release/ProductionTutor.build/Objects-normal/arm64/ProductionTutor_const_extract_protocols.json -Xcc -I/Users/marcboyer/LogicAudioAssistant/packages/CAtomics/include -Xcc -I/Users/marcboyer/Library/Developer/Xcode/DerivedData/LogicAudioAssistant-ffojlzgmrzpdrcamounrzekpyefo/Build/Products/Release/include -Xcc -I/Users/marcboyer/Library/Developer/Xcode/DerivedData/LogicAudioAssistant-ffojlzgmrzpdrcamounrzekpyefo/Build/Intermediates.noindex/LogicAudioAssistant.build/Release/ProductionTutor.build/DerivedSources-normal/arm64 -Xcc -I/Users/marcboyer/Library/Developer/Xcode/DerivedData/LogicAudioAssistant-ffojlzgmrzpdrcamounrzekpyefo/Build/Intermediates.noindex/LogicAudioAssistant.build/Release/ProductionTutor.build/DerivedSources/arm64 -Xcc -I/Users/marcboyer/Library/Developer/Xcode/DerivedData/LogicAudioAssistant-ffojlzgmrzpdrcamounrzekpyefo/Build/Intermediates.noindex/LogicAudioAssistant.build/Release/ProductionTutor.build/DerivedSources -Xcc -DSWIFT_PACKAGE -emit-objc-header -emit-objc-header-path /Users/marcboyer/Library/Developer/Xcode/DerivedData/LogicAudioAssistant-ffojlzgmrzpdrcamounrzekpyefo/Build/Intermediates.noindex/LogicAudioAssistant.build/Release/ProductionTutor.build/Objects-normal/arm64/ProductionTutor-Swift.h -working-directory /Users/marcboyer/LogicAudioAssistant/LogicAudioAssistant.xcodeproj -no-emit-module-separately-wmo

Copy /Users/marcboyer/Library/Developer/Xcode/DerivedData/LogicAudioAssistant-ffojlzgmrzpdrcamounrzekpyefo/Build/Products/Release/ProductionTutor.swiftmodule/Project/arm64-apple-macos.swiftsourceinfo /Users/marcboyer/Library/Developer/Xcode/DerivedData/LogicAudioAssistant-ffojlzgmrzpdrcamounrzekpyefo/Build/Intermediates.noindex/LogicAudioAssistant.build/Release/ProductionTutor.build/Objects-normal/arm64/ProductionTutor.swiftsourceinfo (in target 'ProductionTutor' from project 'LogicAudioAssistant' at path '/Users/marcboyer/LogicAudioAssistant/Package.swift')
    cd /Users/marcboyer/LogicAudioAssistant
    builtin-copy -exclude .DS_Store -exclude CVS -exclude .svn -exclude .git -exclude .hg -strip-unsigned-binaries -strip-deterministic -strip-tool /Applications/Xcode.app/Contents/Developer/Toolchains/XcodeDefault.xctoolchain/usr/bin/strip -resolve-src-symlinks -rename /Users/marcboyer/Library/Developer/Xcode/DerivedData/LogicAudioAssistant-ffojlzgmrzpdrcamounrzekpyefo/Build/Intermediates.noindex/LogicAudioAssistant.build/Release/ProductionTutor.build/Objects-normal/arm64/ProductionTutor.swiftsourceinfo /Users/marcboyer/Library/Developer/Xcode/DerivedData/LogicAudioAssistant-ffojlzgmrzpdrcamounrzekpyefo/Build/Products/Release/ProductionTutor.swiftmodule/Project/arm64-apple-macos.swiftsourceinfo

Ld /Users/marcboyer/Library/Developer/Xcode/DerivedData/LogicAudioAssistant-ffojlzgmrzpdrcamounrzekpyefo/Build/Products/Release/ProductionTutor.o normal (in target 'ProductionTutor' from project 'LogicAudioAssistant' at path '/Users/marcboyer/LogicAudioAssistant/Package.swift')
    cd /Users/marcboyer/LogicAudioAssistant
    /Applications/Xcode.app/Contents/Developer/Toolchains/XcodeDefault.xctoolchain/usr/bin/clang -Xlinker -reproducible -target arm64-apple-macos14.0 -r -isysroot /Applications/Xcode.app/Contents/Developer/Platforms/MacOSX.platform/Developer/SDKs/MacOSX26.5.sdk -Os -F/Users/marcboyer/Library/Developer/Xcode/DerivedData/LogicAudioAssistant-ffojlzgmrzpdrcamounrzekpyefo/Build/Intermediates.noindex/EagerLinkingTBDs/Release -F/Users/marcboyer/Library/Developer/Xcode/DerivedData/LogicAudioAssistant-ffojlzgmrzpdrcamounrzekpyefo/Build/Products/Release/PackageFrameworks -F/Users/marcboyer/Library/Developer/Xcode/DerivedData/LogicAudioAssistant-ffojlzgmrzpdrcamounrzekpyefo/Build/Products/Release/PackageFrameworks -F/Users/marcboyer/Library/Developer/Xcode/DerivedData/LogicAudioAssistant-ffojlzgmrzpdrcamounrzekpyefo/Build/Products/Release/PackageFrameworks -F/Users/marcboyer/Library/Developer/Xcode/DerivedData/LogicAudioAssistant-ffojlzgmrzpdrcamounrzekpyefo/Build/Products/Release/PackageFrameworks -F/Users/marcboyer/Library/Developer/Xcode/DerivedData/LogicAudioAssistant-ffojlzgmrzpdrcamounrzekpyefo/Build/Products/Release/PackageFrameworks -F/Users/marcboyer/Library/Developer/Xcode/DerivedData/LogicAudioAssistant-ffojlzgmrzpdrcamounrzekpyefo/Build/Products/Release/PackageFrameworks -F/Users/marcboyer/Library/Developer/Xcode/DerivedData/LogicAudioAssistant-ffojlzgmrzpdrcamounrzekpyefo/Build/Products/Release -iframework /Applications/Xcode.app/Contents/Developer/Platforms/MacOSX.platform/Developer/Library/Frameworks -filelist /Users/marcboyer/Library/Developer/Xcode/DerivedData/LogicAudioAssistant-ffojlzgmrzpdrcamounrzekpyefo/Build/Intermediates.noindex/LogicAudioAssistant.build/Release/ProductionTutor.build/Objects-normal/arm64/ProductionTutor.LinkFileList -nostdlib -Xlinker -object_path_lto -Xlinker /Users/marcboyer/Library/Developer/Xcode/DerivedData/LogicAudioAssistant-ffojlzgmrzpdrcamounrzekpyefo/Build/Intermediates.noindex/LogicAudioAssistant.build/Release/ProductionTutor.build/Objects-normal/arm64/ProductionTutor_lto.o -Xlinker -dependency_info -Xlinker /Users/marcboyer/Library/Developer/Xcode/DerivedData/LogicAudioAssistant-ffojlzgmrzpdrcamounrzekpyefo/Build/Intermediates.noindex/LogicAudioAssistant.build/Release/ProductionTutor.build/Objects-normal/arm64/ProductionTutor_dependency_info.dat -fobjc-link-runtime -L/Applications/Xcode.app/Contents/Developer/Toolchains/XcodeDefault.xctoolchain/usr/lib/swift/macosx -L/usr/lib/swift -Xlinker -add_ast_path -Xlinker /Users/marcboyer/Library/Developer/Xcode/DerivedData/LogicAudioAssistant-ffojlzgmrzpdrcamounrzekpyefo/Build/Intermediates.noindex/LogicAudioAssistant.build/Release/ProductionTutor.build/Objects-normal/arm64/ProductionTutor.swiftmodule @/Users/marcboyer/Library/Developer/Xcode/DerivedData/LogicAudioAssistant-ffojlzgmrzpdrcamounrzekpyefo/Build/Intermediates.noindex/LogicAudioAssistant.build/Release/ProductionTutor.build/Objects-normal/arm64/ProductionTutor-linker-args.resp -o /Users/marcboyer/Library/Developer/Xcode/DerivedData/LogicAudioAssistant-ffojlzgmrzpdrcamounrzekpyefo/Build/Products/Release/ProductionTutor.o

Copy /Users/marcboyer/Library/Developer/Xcode/DerivedData/LogicAudioAssistant-ffojlzgmrzpdrcamounrzekpyefo/Build/Products/Release/ProductionTutor.swiftmodule/arm64-apple-macos.swiftmodule /Users/marcboyer/Library/Developer/Xcode/DerivedData/LogicAudioAssistant-ffojlzgmrzpdrcamounrzekpyefo/Build/Intermediates.noindex/LogicAudioAssistant.build/Release/ProductionTutor.build/Objects-normal/arm64/ProductionTutor.swiftmodule (in target 'ProductionTutor' from project 'LogicAudioAssistant' at path '/Users/marcboyer/LogicAudioAssistant/Package.swift')
    cd /Users/marcboyer/LogicAudioAssistant
    builtin-copy -exclude .DS_Store -exclude CVS -exclude .svn -exclude .git -exclude .hg -strip-unsigned-binaries -strip-deterministic -strip-tool /Applications/Xcode.app/Contents/Developer/Toolchains/XcodeDefault.xctoolchain/usr/bin/strip -resolve-src-symlinks -rename /Users/marcboyer/Library/Developer/Xcode/DerivedData/LogicAudioAssistant-ffojlzgmrzpdrcamounrzekpyefo/Build/Intermediates.noindex/LogicAudioAssistant.build/Release/ProductionTutor.build/Objects-normal/arm64/ProductionTutor.swiftmodule /Users/marcboyer/Library/Developer/Xcode/DerivedData/LogicAudioAssistant-ffojlzgmrzpdrcamounrzekpyefo/Build/Products/Release/ProductionTutor.swiftmodule/arm64-apple-macos.swiftmodule

Copy /Users/marcboyer/Library/Developer/Xcode/DerivedData/LogicAudioAssistant-ffojlzgmrzpdrcamounrzekpyefo/Build/Products/Release/ProductionTutor.swiftmodule/arm64-apple-macos.abi.json /Users/marcboyer/Library/Developer/Xcode/DerivedData/LogicAudioAssistant-ffojlzgmrzpdrcamounrzekpyefo/Build/Intermediates.noindex/LogicAudioAssistant.build/Release/ProductionTutor.build/Objects-normal/arm64/ProductionTutor.abi.json (in target 'ProductionTutor' from project 'LogicAudioAssistant' at path '/Users/marcboyer/LogicAudioAssistant/Package.swift')
    cd /Users/marcboyer/LogicAudioAssistant
    builtin-copy -exclude .DS_Store -exclude CVS -exclude .svn -exclude .git -exclude .hg -strip-unsigned-binaries -strip-deterministic -strip-tool /Applications/Xcode.app/Contents/Developer/Toolchains/XcodeDefault.xctoolchain/usr/bin/strip -resolve-src-symlinks -rename /Users/marcboyer/Library/Developer/Xcode/DerivedData/LogicAudioAssistant-ffojlzgmrzpdrcamounrzekpyefo/Build/Intermediates.noindex/LogicAudioAssistant.build/Release/ProductionTutor.build/Objects-normal/arm64/ProductionTutor.abi.json /Users/marcboyer/Library/Developer/Xcode/DerivedData/LogicAudioAssistant-ffojlzgmrzpdrcamounrzekpyefo/Build/Products/Release/ProductionTutor.swiftmodule/arm64-apple-macos.abi.json

Copy /Users/marcboyer/Library/Developer/Xcode/DerivedData/LogicAudioAssistant-ffojlzgmrzpdrcamounrzekpyefo/Build/Products/Release/ProductionTutor.swiftmodule/arm64-apple-macos.swiftdoc /Users/marcboyer/Library/Developer/Xcode/DerivedData/LogicAudioAssistant-ffojlzgmrzpdrcamounrzekpyefo/Build/Intermediates.noindex/LogicAudioAssistant.build/Release/ProductionTutor.build/Objects-normal/arm64/ProductionTutor.swiftdoc (in target 'ProductionTutor' from project 'LogicAudioAssistant' at path '/Users/marcboyer/LogicAudioAssistant/Package.swift')
    cd /Users/marcboyer/LogicAudioAssistant
    builtin-copy -exclude .DS_Store -exclude CVS -exclude .svn -exclude .git -exclude .hg -strip-unsigned-binaries -strip-deterministic -strip-tool /Applications/Xcode.app/Contents/Developer/Toolchains/XcodeDefault.xctoolchain/usr/bin/strip -resolve-src-symlinks -rename /Users/marcboyer/Library/Developer/Xcode/DerivedData/LogicAudioAssistant-ffojlzgmrzpdrcamounrzekpyefo/Build/Intermediates.noindex/LogicAudioAssistant.build/Release/ProductionTutor.build/Objects-normal/arm64/ProductionTutor.swiftdoc /Users/marcboyer/Library/Developer/Xcode/DerivedData/LogicAudioAssistant-ffojlzgmrzpdrcamounrzekpyefo/Build/Products/Release/ProductionTutor.swiftmodule/arm64-apple-macos.swiftdoc

SwiftDriver TutorConversation normal arm64 com.apple.xcode.tools.swift.compiler (in target 'TutorConversation' from project 'LogicAudioAssistant' at path '/Users/marcboyer/LogicAudioAssistant/Package.swift')
    cd /Users/marcboyer/LogicAudioAssistant/LogicAudioAssistant.xcodeproj
    builtin-SwiftDriver -- /Applications/Xcode.app/Contents/Developer/Toolchains/XcodeDefault.xctoolchain/usr/bin/swiftc -module-name TutorConversation -O -whole-module-optimization @/Users/marcboyer/Library/Developer/Xcode/DerivedData/LogicAudioAssistant-ffojlzgmrzpdrcamounrzekpyefo/Build/Intermediates.noindex/LogicAudioAssistant.build/Release/TutorConversation.build/Objects-normal/arm64/TutorConversation.SwiftFileList -DSWIFT_PACKAGE -DSWIFT_MODULE_RESOURCE_BUNDLE_UNAVAILABLE -Xcc -fmodule-map-file\=/Users/marcboyer/Library/Developer/Xcode/DerivedData/LogicAudioAssistant-ffojlzgmrzpdrcamounrzekpyefo/Build/Intermediates.noindex/GeneratedModuleMaps/CAtomics.modulemap -DXcode -plugin-path /Applications/Xcode.app/Contents/Developer/Toolchains/XcodeDefault.xctoolchain/usr/lib/swift/host/plugins/testing -enable-experimental-feature DebugDescriptionMacro -sdk /Applications/Xcode.app/Contents/Developer/Platforms/MacOSX.platform/Developer/SDKs/MacOSX26.5.sdk -target arm64-apple-macos14.0 -g -module-cache-path /Users/marcboyer/Library/Developer/Xcode/DerivedData/ModuleCache.noindex -Xfrontend -serialize-debugging-options -swift-version 6 -I /Users/marcboyer/Library/Developer/Xcode/DerivedData/LogicAudioAssistant-ffojlzgmrzpdrcamounrzekpyefo/Build/Products/Release -Isystem /Applications/Xcode.app/Contents/Developer/Platforms/MacOSX.platform/Developer/usr/lib -F /Users/marcboyer/Library/Developer/Xcode/DerivedData/LogicAudioAssistant-ffojlzgmrzpdrcamounrzekpyefo/Build/Products/Release/PackageFrameworks -F /Users/marcboyer/Library/Developer/Xcode/DerivedData/LogicAudioAssistant-ffojlzgmrzpdrcamounrzekpyefo/Build/Products/Release/PackageFrameworks -F /Users/marcboyer/Library/Developer/Xcode/DerivedData/LogicAudioAssistant-ffojlzgmrzpdrcamounrzekpyefo/Build/Products/Release/PackageFrameworks -F /Users/marcboyer/Library/Developer/Xcode/DerivedData/LogicAudioAssistant-ffojlzgmrzpdrcamounrzekpyefo/Build/Products/Release/PackageFrameworks -F /Users/marcboyer/Library/Developer/Xcode/DerivedData/LogicAudioAssistant-ffojlzgmrzpdrcamounrzekpyefo/Build/Products/Release/PackageFrameworks -F /Users/marcboyer/Library/Developer/Xcode/DerivedData/LogicAudioAssistant-ffojlzgmrzpdrcamounrzekpyefo/Build/Products/Release/PackageFrameworks -F /Users/marcboyer/Library/Developer/Xcode/DerivedData/LogicAudioAssistant-ffojlzgmrzpdrcamounrzekpyefo/Build/Products/Release/PackageFrameworks -F /Users/marcboyer/Library/Developer/Xcode/DerivedData/LogicAudioAssistant-ffojlzgmrzpdrcamounrzekpyefo/Build/Products/Release/PackageFrameworks -F /Users/marcboyer/Library/Developer/Xcode/DerivedData/LogicAudioAssistant-ffojlzgmrzpdrcamounrzekpyefo/Build/Products/Release -F /Applications/Xcode.app/Contents/Developer/Platforms/MacOSX.platform/Developer/Library/Frameworks -c -num-threads 10 -Xcc -ivfsstatcache -Xcc /Users/marcboyer/Library/Developer/Xcode/DerivedData/SDKStatCaches.noindex/macosx26.5-25F70-e082c4a02f00227109f4ed75e425c832.sdkstatcache -output-file-map /Users/marcboyer/Library/Developer/Xcode/DerivedData/LogicAudioAssistant-ffojlzgmrzpdrcamounrzekpyefo/Build/Intermediates.noindex/LogicAudioAssistant.build/Release/TutorConversation.build/Objects-normal/arm64/TutorConversation-OutputFileMap.json -use-frontend-parseable-output -save-temps -no-color-diagnostics -explicit-module-build -module-cache-path /Users/marcboyer/Library/Developer/Xcode/DerivedData/LogicAudioAssistant-ffojlzgmrzpdrcamounrzekpyefo/Build/Intermediates.noindex/SwiftExplicitPrecompiledModules -clang-scanner-module-cache-path /Users/marcboyer/Library/Developer/Xcode/DerivedData/ModuleCache.noindex -sdk-module-cache-path /Users/marcboyer/Library/Developer/Xcode/DerivedData/ModuleCache.noindex -serialize-diagnostics -emit-dependencies -emit-module -emit-module-path /Users/marcboyer/Library/Developer/Xcode/DerivedData/LogicAudioAssistant-ffojlzgmrzpdrcamounrzekpyefo/Build/Intermediates.noindex/LogicAudioAssistant.build/Release/TutorConversation.build/Objects-normal/arm64/TutorConversation.swiftmodule -validate-clang-modules-once -clang-build-session-file /Users/marcboyer/Library/Developer/Xcode/DerivedData/ModuleCache.noindex/Session.modulevalidation -package-name logicaudioassistant -Xcc -I/Users/marcboyer/Library/Developer/Xcode/DerivedData/LogicAudioAssistant-ffojlzgmrzpdrcamounrzekpyefo/Build/Intermediates.noindex/LogicAudioAssistant.build/Release/TutorConversation.build/swift-overrides.hmap -emit-const-values -Xfrontend -const-gather-protocols-file -Xfrontend /Users/marcboyer/Library/Developer/Xcode/DerivedData/LogicAudioAssistant-ffojlzgmrzpdrcamounrzekpyefo/Build/Intermediates.noindex/LogicAudioAssistant.build/Release/TutorConversation.build/Objects-normal/arm64/TutorConversation_const_extract_protocols.json -Xcc -I/Users/marcboyer/LogicAudioAssistant/packages/CAtomics/include -Xcc -I/Users/marcboyer/Library/Developer/Xcode/DerivedData/LogicAudioAssistant-ffojlzgmrzpdrcamounrzekpyefo/Build/Products/Release/include -Xcc -I/Users/marcboyer/Library/Developer/Xcode/DerivedData/LogicAudioAssistant-ffojlzgmrzpdrcamounrzekpyefo/Build/Intermediates.noindex/LogicAudioAssistant.build/Release/TutorConversation.build/DerivedSources-normal/arm64 -Xcc -I/Users/marcboyer/Library/Developer/Xcode/DerivedData/LogicAudioAssistant-ffojlzgmrzpdrcamounrzekpyefo/Build/Intermediates.noindex/LogicAudioAssistant.build/Release/TutorConversation.build/DerivedSources/arm64 -Xcc -I/Users/marcboyer/Library/Developer/Xcode/DerivedData/LogicAudioAssistant-ffojlzgmrzpdrcamounrzekpyefo/Build/Intermediates.noindex/LogicAudioAssistant.build/Release/TutorConversation.build/DerivedSources -Xcc -DSWIFT_PACKAGE -emit-objc-header -emit-objc-header-path /Users/marcboyer/Library/Developer/Xcode/DerivedData/LogicAudioAssistant-ffojlzgmrzpdrcamounrzekpyefo/Build/Intermediates.noindex/LogicAudioAssistant.build/Release/TutorConversation.build/Objects-normal/arm64/TutorConversation-Swift.h -working-directory /Users/marcboyer/LogicAudioAssistant/LogicAudioAssistant.xcodeproj -no-emit-module-separately-wmo

ExtractAppIntentsMetadata (in target 'ProductionTutor' from project 'LogicAudioAssistant' at path '/Users/marcboyer/LogicAudioAssistant/Package.swift')
    cd /Users/marcboyer/LogicAudioAssistant
    /Applications/Xcode.app/Contents/Developer/Toolchains/XcodeDefault.xctoolchain/usr/bin/appintentsmetadataprocessor --toolchain-dir /Applications/Xcode.app/Contents/Developer/Toolchains/XcodeDefault.xctoolchain --module-name ProductionTutor --sdk-root /Applications/Xcode.app/Contents/Developer/Platforms/MacOSX.platform/Developer/SDKs/MacOSX26.5.sdk --xcode-version 17F113 --platform-family macOS --deployment-target 14.0 --bundle-identifier logicaudioassistant.ProductionTutor --output /Users/marcboyer/Library/Developer/Xcode/DerivedData/LogicAudioAssistant-ffojlzgmrzpdrcamounrzekpyefo/Build/Products/Release/ProductionTutor.appintents --target-triple arm64-apple-macos14.0 --binary-file /Users/marcboyer/Library/Developer/Xcode/DerivedData/LogicAudioAssistant-ffojlzgmrzpdrcamounrzekpyefo/Build/Products/Release/ProductionTutor.o --dependency-file /Users/marcboyer/Library/Developer/Xcode/DerivedData/LogicAudioAssistant-ffojlzgmrzpdrcamounrzekpyefo/Build/Intermediates.noindex/LogicAudioAssistant.build/Release/ProductionTutor.build/Objects-normal/arm64/ProductionTutor_dependency_info.dat --stringsdata-file /Users/marcboyer/Library/Developer/Xcode/DerivedData/LogicAudioAssistant-ffojlzgmrzpdrcamounrzekpyefo/Build/Intermediates.noindex/LogicAudioAssistant.build/Release/ProductionTutor.build/Objects-normal/arm64/ExtractedAppShortcutsMetadata.stringsdata --source-file-list /Users/marcboyer/Library/Developer/Xcode/DerivedData/LogicAudioAssistant-ffojlzgmrzpdrcamounrzekpyefo/Build/Intermediates.noindex/LogicAudioAssistant.build/Release/ProductionTutor.build/Objects-normal/arm64/ProductionTutor.SwiftFileList --metadata-file-list /Users/marcboyer/Library/Developer/Xcode/DerivedData/LogicAudioAssistant-ffojlzgmrzpdrcamounrzekpyefo/Build/Intermediates.noindex/LogicAudioAssistant.build/Release/ProductionTutor.build/ProductionTutor.DependencyMetadataFileList --static-metadata-file-list /Users/marcboyer/Library/Developer/Xcode/DerivedData/LogicAudioAssistant-ffojlzgmrzpdrcamounrzekpyefo/Build/Intermediates.noindex/LogicAudioAssistant.build/Release/ProductionTutor.build/ProductionTutor.DependencyStaticMetadataFileList --swift-const-vals-list /Users/marcboyer/Library/Developer/Xcode/DerivedData/LogicAudioAssistant-ffojlzgmrzpdrcamounrzekpyefo/Build/Intermediates.noindex/LogicAudioAssistant.build/Release/ProductionTutor.build/Objects-normal/arm64/ProductionTutor.SwiftConstValuesFileList --force --compile-time-extraction --deployment-aware-processing --validate-assistant-intents --no-app-shortcuts-localization
2026-08-14 20:30:44.442 appintentsmetadataprocessor[23108:4425204] Starting appintentsmetadataprocessor export
2026-08-14 20:30:44.452 appintentsmetadataprocessor[23108:4425204] Extracted no relevant App Intents symbols, skipping writing output

RegisterExecutionPolicyException /Users/marcboyer/Library/Developer/Xcode/DerivedData/LogicAudioAssistant-ffojlzgmrzpdrcamounrzekpyefo/Build/Products/Release/ProductionTutor.o (in target 'ProductionTutor' from project 'LogicAudioAssistant' at path '/Users/marcboyer/LogicAudioAssistant/Package.swift')
    cd /Users/marcboyer/LogicAudioAssistant
    builtin-RegisterExecutionPolicyException /Users/marcboyer/Library/Developer/Xcode/DerivedData/LogicAudioAssistant-ffojlzgmrzpdrcamounrzekpyefo/Build/Products/Release/ProductionTutor.o

SwiftCompile normal arm64 Compiling\ OfflineTutorProvider.swift,\ OpenAITutorAudioListener.swift,\ OpenAITutorProvider.swift,\ TutorAudioIntelligence.swift,\ TutorConversationEngine.swift,\ TutorConversationStore.swift,\ TutorModels.swift,\ TutorTools.swift /Users/marcboyer/LogicAudioAssistant/packages/TutorConversation/Sources/TutorConversation/OfflineTutorProvider.swift /Users/marcboyer/LogicAudioAssistant/packages/TutorConversation/Sources/TutorConversation/OpenAITutorAudioListener.swift /Users/marcboyer/LogicAudioAssistant/packages/TutorConversation/Sources/TutorConversation/OpenAITutorProvider.swift /Users/marcboyer/LogicAudioAssistant/packages/TutorConversation/Sources/TutorConversation/TutorAudioIntelligence.swift /Users/marcboyer/LogicAudioAssistant/packages/TutorConversation/Sources/TutorConversation/TutorConversationEngine.swift /Users/marcboyer/LogicAudioAssistant/packages/TutorConversation/Sources/TutorConversation/TutorConversationStore.swift /Users/marcboyer/LogicAudioAssistant/packages/TutorConversation/Sources/TutorConversation/TutorModels.swift /Users/marcboyer/LogicAudioAssistant/packages/TutorConversation/Sources/TutorConversation/TutorTools.swift /Applications/Xcode.app/Contents/Developer/Toolchains/XcodeDefault.xctoolchain/usr/lib/swift/macosx/prebuilt-modules/26.5/CoreFoundation.swiftmodule/arm64e-apple-macos.swiftmodule /Applications/Xcode.app/Contents/Developer/Toolchains/XcodeDefault.xctoolchain/usr/lib/swift/macosx/prebuilt-modules/26.5/Swift.swiftmodule/arm64e-apple-macos.swiftmodule /Applications/Xcode.app/Contents/Developer/Toolchains/XcodeDefault.xctoolchain/usr/lib/swift/macosx/prebuilt-modules/26.5/Observation.swiftmodule/arm64e-apple-macos.swiftmodule /Applications/Xcode.app/Contents/Developer/Toolchains/XcodeDefault.xctoolchain/usr/lib/swift/macosx/prebuilt-modules/26.5/ObjectiveC.swiftmodule/arm64e-apple-macos.swiftmodule /Applications/Xcode.app/Contents/Developer/Toolchains/XcodeDefault.xctoolchain/usr/lib/swift/macosx/prebuilt-modules/26.5/_Concurrency.swiftmodule/arm64e-apple-macos.swiftmodule /Applications/Xcode.app/Contents/Developer/Toolchains/XcodeDefault.xctoolchain/usr/lib/swift/macosx/prebuilt-modules/26.5/IOKit.swiftmodule/arm64e-apple-macos.swiftmodule /Applications/Xcode.app/Contents/Developer/Toolchains/XcodeDefault.xctoolchain/usr/lib/swift/macosx/prebuilt-modules/26.5/_DarwinFoundation3.swiftmodule/arm64e-apple-macos.swiftmodule /Users/marcboyer/Library/Developer/Xcode/DerivedData/LogicAudioAssistant-ffojlzgmrzpdrcamounrzekpyefo/Build/Products/Release/ProductionTutor.swiftmodule/arm64-apple-macos.swiftmodule /Applications/Xcode.app/Contents/Developer/Toolchains/XcodeDefault.xctoolchain/usr/lib/swift/macosx/prebuilt-modules/26.5/_Builtin_float.swiftmodule/arm64e-apple-macos.swiftmodule /Applications/Xcode.app/Contents/Developer/Toolchains/XcodeDefault.xctoolchain/usr/lib/swift/macosx/prebuilt-modules/26.5/FoundationModels.swiftmodule/arm64e-apple-macos.swiftmodule /Applications/Xcode.app/Contents/Developer/Toolchains/XcodeDefault.xctoolchain/usr/lib/swift/macosx/prebuilt-modules/26.5/CryptoKit.swiftmodule/arm64e-apple-macos.swiftmodule /Applications/Xcode.app/Contents/Developer/Toolchains/XcodeDefault.xctoolchain/usr/lib/swift/macosx/prebuilt-modules/26.5/Darwin.swiftmodule/arm64e-apple-macos.swiftmodule /Users/marcboyer/Library/Developer/Xcode/DerivedData/LogicAudioAssistant-ffojlzgmrzpdrcamounrzekpyefo/Build/Products/Release/AgentCore.swiftmodule/arm64-apple-macos.swiftmodule /Users/marcboyer/Library/Developer/Xcode/DerivedData/LogicAudioAssistant-ffojlzgmrzpdrcamounrzekpyefo/Build/Products/Release/DSPCore.swiftmodule/arm64-apple-macos.swiftmodule /Applications/Xcode.app/Contents/Developer/Toolchains/XcodeDefault.xctoolchain/usr/lib/swift/macosx/prebuilt-modules/26.5/_DarwinFoundation1.swiftmodule/arm64e-apple-macos.swiftmodule /Applications/Xcode.app/Contents/Developer/Toolchains/XcodeDefault.xctoolchain/usr/lib/swift/macosx/prebuilt-modules/26.5/XPC.swiftmodule/arm64e-apple-macos.swiftmodule /Applications/Xcode.app/Contents/Developer/Toolchains/XcodeDefault.xctoolchain/usr/lib/swift/macosx/prebuilt-modules/26.5/Dispatch.swiftmodule/arm64e-apple-macos.swiftmodule /Applications/Xcode.app/Contents/Developer/Toolchains/XcodeDefault.xctoolchain/usr/lib/swift/macosx/prebuilt-modules/26.5/Foundation.swiftmodule/arm64e-apple-macos.swiftmodule /Applications/Xcode.app/Contents/Developer/Toolchains/XcodeDefault.xctoolchain/usr/lib/swift/macosx/prebuilt-modules/26.5/LocalAuthentication.swiftmodule/arm64e-apple-macos.swiftmodule /Users/marcboyer/Library/Developer/Xcode/DerivedData/LogicAudioAssistant-ffojlzgmrzpdrcamounrzekpyefo/Build/Products/Release/ProductionIntelligence.swiftmodule/arm64-apple-macos.swiftmodule /Applications/Xcode.app/Contents/Developer/Toolchains/XcodeDefault.xctoolchain/usr/lib/swift/macosx/prebuilt-modules/26.5/_StringProcessing.swiftmodule/arm64e-apple-macos.swiftmodule /Users/marcboyer/Library/Developer/Xcode/DerivedData/LogicAudioAssistant-ffojlzgmrzpdrcamounrzekpyefo/Build/Products/Release/AudioAnalysis.swiftmodule/arm64-apple-macos.swiftmodule /Applications/Xcode.app/Contents/Developer/Toolchains/XcodeDefault.xctoolchain/usr/lib/swift/macosx/prebuilt-modules/26.5/CoreGraphics.swiftmodule/arm64e-apple-macos.swiftmodule /Applications/Xcode.app/Contents/Developer/Toolchains/XcodeDefault.xctoolchain/usr/lib/swift/macosx/prebuilt-modules/26.5/Combine.swiftmodule/arm64e-apple-macos.swiftmodule /Applications/Xcode.app/Contents/Developer/Toolchains/XcodeDefault.xctoolchain/usr/lib/swift/macosx/prebuilt-modules/26.5/System.swiftmodule/arm64e-apple-macos.swiftmodule /Applications/Xcode.app/Contents/Developer/Toolchains/XcodeDefault.xctoolchain/usr/lib/swift/macosx/prebuilt-modules/26.5/_DarwinFoundation2.swiftmodule/arm64e-apple-macos.swiftmodule /Users/marcboyer/Library/Developer/Xcode/DerivedData/LogicAudioAssistant-ffojlzgmrzpdrcamounrzekpyefo/Build/Products/Release/PlanSchema.swiftmodule/arm64-apple-macos.swiftmodule /Users/marcboyer/Library/Developer/Xcode/DerivedData/ModuleCache.noindex/_Builtin_stdbool-DL0UIHL7EDWMBQ5LP86GVY3OE.pcm /Users/marcboyer/Library/Developer/Xcode/DerivedData/ModuleCache.noindex/XPC-6GW5OGIFVOG978HVT80B09XP5.pcm /Users/marcboyer/Library/Developer/Xcode/DerivedData/ModuleCache.noindex/launch-BN0CZ89YJM7HRGZJSF81ZBIT1.pcm /Users/marcboyer/Library/Developer/Xcode/DerivedData/ModuleCache.noindex/_Builtin_float-8U5LSNYSK83ALIUPULAD07B3M.pcm /Users/marcboyer/Library/Developer/Xcode/DerivedData/ModuleCache.noindex/os_workgroup-9G165UVZBH6YU4MM5G9BWA3CH.pcm /Users/marcboyer/Library/Developer/Xcode/DerivedData/LogicAudioAssistant-ffojlzgmrzpdrcamounrzekpyefo/Build/Intermediates.noindex/SwiftExplicitPrecompiledModules/CAtomics-528CKBN64304P8RAZ84340ZOL.pcm /Users/marcboyer/Library/Developer/Xcode/DerivedData/ModuleCache.noindex/CFNetwork-XBB4FO0CNE6F7NNA9WPPFLN.pcm /Users/marcboyer/Library/Developer/Xcode/DerivedData/ModuleCache.noindex/CoreFoundation-29BRIA07X5D8O6P5W2YKDIK5J.pcm /Users/marcboyer/Library/Developer/Xcode/DerivedData/ModuleCache.noindex/sys_types-1HZX57XBDDVG7K1RU9OLUP08Q.pcm /Users/marcboyer/Library/Developer/Xcode/DerivedData/ModuleCache.noindex/libkern-3VXO00HRXFV2OGFAM55SXDM6U.pcm /Users/marcboyer/Library/Developer/Xcode/DerivedData/ModuleCache.noindex/CoreServices-ER44Z05JP97LKK927MOB36CKK.pcm /Users/marcboyer/Library/Developer/Xcode/DerivedData/ModuleCache.noindex/ptrcheck-7OAVUWEOEYLBIN0E1FHTRCICC.pcm /Users/marcboyer/Library/Developer/Xcode/DerivedData/ModuleCache.noindex/MachO-7ERTJK7K3TYYT7SRK2Y6QB7YO.pcm /Users/marcboyer/Library/Developer/Xcode/DerivedData/ModuleCache.noindex/_DarwinFoundation3-3DRNEJKKY87U2XJHQKIHZUVUM.pcm /Users/marcboyer/Library/Developer/Xcode/DerivedData/ModuleCache.noindex/_AvailabilityInternal-6UYTXX8HQ2N35FMXG8JSE1V6P.pcm /Users/marcboyer/Library/Developer/Xcode/DerivedData/ModuleCache.noindex/SwiftShims-DOMSMT5IN4IK51PRS8ITAY6O.pcm /Users/marcboyer/Library/Developer/Xcode/DerivedData/ModuleCache.noindex/Security-CQ3UF9R28JUG6S40IBI1S6T48.pcm /Users/marcboyer/Library/Developer/Xcode/DerivedData/ModuleCache.noindex/_SwiftConcurrencyShims-CU6HDM3R3QSR40CYAZYF205WH.pcm /Users/marcboyer/Library/Developer/Xcode/DerivedData/ModuleCache.noindex/_Builtin_stddef-7006AZZ7C9JF1NA4XU5W3ASON.pcm /Users/marcboyer/Library/Developer/Xcode/DerivedData/ModuleCache.noindex/CoreGraphics-D0WHJJR5T4HLPNY7YJRADO6K1.pcm /Users/marcboyer/Library/Developer/Xcode/DerivedData/ModuleCache.noindex/Foundation-35ABSMGVGH9JNOEIX2Q9AFL9X.pcm /Users/marcboyer/Library/Developer/Xcode/DerivedData/ModuleCache.noindex/ObjectiveC-2UIPDBR61B3OKUZ1ZE8H78S71.pcm /Users/marcboyer/Library/Developer/Xcode/DerivedData/ModuleCache.noindex/DiskArbitration-2MV6M5A85FKDB5ARHSH4LZ8WQ.pcm /Users/marcboyer/Library/Developer/Xcode/DerivedData/ModuleCache.noindex/_DarwinFoundation1-F2XQKK1WR6CG48BN6IGXWNNNF.pcm /Users/marcboyer/Library/Developer/Xcode/DerivedData/ModuleCache.noindex/os_object-BD4LRRKYYYICHP3I3MBAH3JK2.pcm /Users/marcboyer/Library/Developer/Xcode/DerivedData/ModuleCache.noindex/Darwin-7M4IRKD4EHMXNA7HB5P11PRZ9.pcm /Users/marcboyer/Library/Developer/Xcode/DerivedData/ModuleCache.noindex/Dispatch-BCJ32STNYT9MYL2ECEAGC5CB0.pcm /Users/marcboyer/Library/Developer/Xcode/DerivedData/ModuleCache.noindex/_DarwinFoundation2-EDUAZSB5DO4TE0L585A11LXGG.pcm /Users/marcboyer/Library/Developer/Xcode/DerivedData/ModuleCache.noindex/IOKit-QD3KGNWMTOMEMGQYZ8PNB52I.pcm /Users/marcboyer/Library/Developer/Xcode/DerivedData/ModuleCache.noindex/_Builtin_limits-71CEB73W6ALH9W5NPHK0DC5RU.pcm /Users/marcboyer/Library/Developer/Xcode/DerivedData/ModuleCache.noindex/_Builtin_stdint-AZH0V5UOWPS5MN9THL7GJTZ3J.pcm /Users/marcboyer/Library/Developer/Xcode/DerivedData/ModuleCache.noindex/libDER-C2H3XBF9RC8GOGIW96LLP97GX.pcm /Users/marcboyer/Library/Developer/Xcode/DerivedData/ModuleCache.noindex/ptrauth-6LKNEW9ANOTJPU0AKS0PY18K8.pcm /Users/marcboyer/Library/Developer/Xcode/DerivedData/ModuleCache.noindex/LocalAuthentication-E9GBUGW6EZOL2WM7WN6WIFRNX.pcm /Users/marcboyer/Library/Developer/Xcode/DerivedData/ModuleCache.noindex/_Builtin_inttypes-CGNDFX3SKFJ3QY9C68ADCLUQ7.pcm /Users/marcboyer/Library/Developer/Xcode/DerivedData/ModuleCache.noindex/_Builtin_stdarg-9M6KJ90MRT2T48WIBN1VHEPLV.pcm /Users/marcboyer/Library/Developer/Xcode/DerivedData/LogicAudioAssistant-ffojlzgmrzpdrcamounrzekpyefo/Build/Intermediates.noindex/LogicAudioAssistant.build/Release/TutorConversation.build/Objects-normal/arm64/TutorConversation-dependencies-1.json (in target 'TutorConversation' from project 'LogicAudioAssistant' at path '/Users/marcboyer/LogicAudioAssistant/Package.swift')

CompileSwift normal arm64 (in target 'TutorConversation' from project 'LogicAudioAssistant' at path '/Users/marcboyer/LogicAudioAssistant/Package.swift')
    cd /Users/marcboyer/LogicAudioAssistant/LogicAudioAssistant.xcodeproj
    

SwiftDriver\ Compilation TutorConversation normal arm64 com.apple.xcode.tools.swift.compiler (in target 'TutorConversation' from project 'LogicAudioAssistant' at path '/Users/marcboyer/LogicAudioAssistant/Package.swift')
    cd /Users/marcboyer/LogicAudioAssistant/LogicAudioAssistant.xcodeproj
    builtin-Swift-Compilation -- /Applications/Xcode.app/Contents/Developer/Toolchains/XcodeDefault.xctoolchain/usr/bin/swiftc -module-name TutorConversation -O -whole-module-optimization @/Users/marcboyer/Library/Developer/Xcode/DerivedData/LogicAudioAssistant-ffojlzgmrzpdrcamounrzekpyefo/Build/Intermediates.noindex/LogicAudioAssistant.build/Release/TutorConversation.build/Objects-normal/arm64/TutorConversation.SwiftFileList -DSWIFT_PACKAGE -DSWIFT_MODULE_RESOURCE_BUNDLE_UNAVAILABLE -Xcc -fmodule-map-file\=/Users/marcboyer/Library/Developer/Xcode/DerivedData/LogicAudioAssistant-ffojlzgmrzpdrcamounrzekpyefo/Build/Intermediates.noindex/GeneratedModuleMaps/CAtomics.modulemap -DXcode -plugin-path /Applications/Xcode.app/Contents/Developer/Toolchains/XcodeDefault.xctoolchain/usr/lib/swift/host/plugins/testing -enable-experimental-feature DebugDescriptionMacro -sdk /Applications/Xcode.app/Contents/Developer/Platforms/MacOSX.platform/Developer/SDKs/MacOSX26.5.sdk -target arm64-apple-macos14.0 -g -module-cache-path /Users/marcboyer/Library/Developer/Xcode/DerivedData/ModuleCache.noindex -Xfrontend -serialize-debugging-options -swift-version 6 -I /Users/marcboyer/Library/Developer/Xcode/DerivedData/LogicAudioAssistant-ffojlzgmrzpdrcamounrzekpyefo/Build/Products/Release -Isystem /Applications/Xcode.app/Contents/Developer/Platforms/MacOSX.platform/Developer/usr/lib -F /Users/marcboyer/Library/Developer/Xcode/DerivedData/LogicAudioAssistant-ffojlzgmrzpdrcamounrzekpyefo/Build/Products/Release/PackageFrameworks -F /Users/marcboyer/Library/Developer/Xcode/DerivedData/LogicAudioAssistant-ffojlzgmrzpdrcamounrzekpyefo/Build/Products/Release/PackageFrameworks -F /Users/marcboyer/Library/Developer/Xcode/DerivedData/LogicAudioAssistant-ffojlzgmrzpdrcamounrzekpyefo/Build/Products/Release/PackageFrameworks -F /Users/marcboyer/Library/Developer/Xcode/DerivedData/LogicAudioAssistant-ffojlzgmrzpdrcamounrzekpyefo/Build/Products/Release/PackageFrameworks -F /Users/marcboyer/Library/Developer/Xcode/DerivedData/LogicAudioAssistant-ffojlzgmrzpdrcamounrzekpyefo/Build/Products/Release/PackageFrameworks -F /Users/marcboyer/Library/Developer/Xcode/DerivedData/LogicAudioAssistant-ffojlzgmrzpdrcamounrzekpyefo/Build/Products/Release/PackageFrameworks -F /Users/marcboyer/Library/Developer/Xcode/DerivedData/LogicAudioAssistant-ffojlzgmrzpdrcamounrzekpyefo/Build/Products/Release/PackageFrameworks -F /Users/marcboyer/Library/Developer/Xcode/DerivedData/LogicAudioAssistant-ffojlzgmrzpdrcamounrzekpyefo/Build/Products/Release/PackageFrameworks -F /Users/marcboyer/Library/Developer/Xcode/DerivedData/LogicAudioAssistant-ffojlzgmrzpdrcamounrzekpyefo/Build/Products/Release -F /Applications/Xcode.app/Contents/Developer/Platforms/MacOSX.platform/Developer/Library/Frameworks -c -num-threads 10 -Xcc -ivfsstatcache -Xcc /Users/marcboyer/Library/Developer/Xcode/DerivedData/SDKStatCaches.noindex/macosx26.5-25F70-e082c4a02f00227109f4ed75e425c832.sdkstatcache -output-file-map /Users/marcboyer/Library/Developer/Xcode/DerivedData/LogicAudioAssistant-ffojlzgmrzpdrcamounrzekpyefo/Build/Intermediates.noindex/LogicAudioAssistant.build/Release/TutorConversation.build/Objects-normal/arm64/TutorConversation-OutputFileMap.json -use-frontend-parseable-output -save-temps -no-color-diagnostics -explicit-module-build -module-cache-path /Users/marcboyer/Library/Developer/Xcode/DerivedData/LogicAudioAssistant-ffojlzgmrzpdrcamounrzekpyefo/Build/Intermediates.noindex/SwiftExplicitPrecompiledModules -clang-scanner-module-cache-path /Users/marcboyer/Library/Developer/Xcode/DerivedData/ModuleCache.noindex -sdk-module-cache-path /Users/marcboyer/Library/Developer/Xcode/DerivedData/ModuleCache.noindex -serialize-diagnostics -emit-dependencies -emit-module -emit-module-path /Users/marcboyer/Library/Developer/Xcode/DerivedData/LogicAudioAssistant-ffojlzgmrzpdrcamounrzekpyefo/Build/Intermediates.noindex/LogicAudioAssistant.build/Release/TutorConversation.build/Objects-normal/arm64/TutorConversation.swiftmodule -validate-clang-modules-once -clang-build-session-file /Users/marcboyer/Library/Developer/Xcode/DerivedData/ModuleCache.noindex/Session.modulevalidation -package-name logicaudioassistant -Xcc -I/Users/marcboyer/Library/Developer/Xcode/DerivedData/LogicAudioAssistant-ffojlzgmrzpdrcamounrzekpyefo/Build/Intermediates.noindex/LogicAudioAssistant.build/Release/TutorConversation.build/swift-overrides.hmap -emit-const-values -Xfrontend -const-gather-protocols-file -Xfrontend /Users/marcboyer/Library/Developer/Xcode/DerivedData/LogicAudioAssistant-ffojlzgmrzpdrcamounrzekpyefo/Build/Intermediates.noindex/LogicAudioAssistant.build/Release/TutorConversation.build/Objects-normal/arm64/TutorConversation_const_extract_protocols.json -Xcc -I/Users/marcboyer/LogicAudioAssistant/packages/CAtomics/include -Xcc -I/Users/marcboyer/Library/Developer/Xcode/DerivedData/LogicAudioAssistant-ffojlzgmrzpdrcamounrzekpyefo/Build/Products/Release/include -Xcc -I/Users/marcboyer/Library/Developer/Xcode/DerivedData/LogicAudioAssistant-ffojlzgmrzpdrcamounrzekpyefo/Build/Intermediates.noindex/LogicAudioAssistant.build/Release/TutorConversation.build/DerivedSources-normal/arm64 -Xcc -I/Users/marcboyer/Library/Developer/Xcode/DerivedData/LogicAudioAssistant-ffojlzgmrzpdrcamounrzekpyefo/Build/Intermediates.noindex/LogicAudioAssistant.build/Release/TutorConversation.build/DerivedSources/arm64 -Xcc -I/Users/marcboyer/Library/Developer/Xcode/DerivedData/LogicAudioAssistant-ffojlzgmrzpdrcamounrzekpyefo/Build/Intermediates.noindex/LogicAudioAssistant.build/Release/TutorConversation.build/DerivedSources -Xcc -DSWIFT_PACKAGE -emit-objc-header -emit-objc-header-path /Users/marcboyer/Library/Developer/Xcode/DerivedData/LogicAudioAssistant-ffojlzgmrzpdrcamounrzekpyefo/Build/Intermediates.noindex/LogicAudioAssistant.build/Release/TutorConversation.build/Objects-normal/arm64/TutorConversation-Swift.h -working-directory /Users/marcboyer/LogicAudioAssistant/LogicAudioAssistant.xcodeproj -no-emit-module-separately-wmo

SwiftDriverJobDiscovery normal arm64 Compiling OfflineTutorProvider.swift, OpenAITutorAudioListener.swift, OpenAITutorProvider.swift, TutorAudioIntelligence.swift, TutorConversationEngine.swift, TutorConversationStore.swift, TutorModels.swift, TutorTools.swift (in target 'TutorConversation' from project 'LogicAudioAssistant' at path '/Users/marcboyer/LogicAudioAssistant/Package.swift')

SwiftDriver\ Compilation\ Requirements TutorConversation normal arm64 com.apple.xcode.tools.swift.compiler (in target 'TutorConversation' from project 'LogicAudioAssistant' at path '/Users/marcboyer/LogicAudioAssistant/Package.swift')
    cd /Users/marcboyer/LogicAudioAssistant/LogicAudioAssistant.xcodeproj
    builtin-Swift-Compilation-Requirements -- /Applications/Xcode.app/Contents/Developer/Toolchains/XcodeDefault.xctoolchain/usr/bin/swiftc -module-name TutorConversation -O -whole-module-optimization @/Users/marcboyer/Library/Developer/Xcode/DerivedData/LogicAudioAssistant-ffojlzgmrzpdrcamounrzekpyefo/Build/Intermediates.noindex/LogicAudioAssistant.build/Release/TutorConversation.build/Objects-normal/arm64/TutorConversation.SwiftFileList -DSWIFT_PACKAGE -DSWIFT_MODULE_RESOURCE_BUNDLE_UNAVAILABLE -Xcc -fmodule-map-file\=/Users/marcboyer/Library/Developer/Xcode/DerivedData/LogicAudioAssistant-ffojlzgmrzpdrcamounrzekpyefo/Build/Intermediates.noindex/GeneratedModuleMaps/CAtomics.modulemap -DXcode -plugin-path /Applications/Xcode.app/Contents/Developer/Toolchains/XcodeDefault.xctoolchain/usr/lib/swift/host/plugins/testing -enable-experimental-feature DebugDescriptionMacro -sdk /Applications/Xcode.app/Contents/Developer/Platforms/MacOSX.platform/Developer/SDKs/MacOSX26.5.sdk -target arm64-apple-macos14.0 -g -module-cache-path /Users/marcboyer/Library/Developer/Xcode/DerivedData/ModuleCache.noindex -Xfrontend -serialize-debugging-options -swift-version 6 -I /Users/marcboyer/Library/Developer/Xcode/DerivedData/LogicAudioAssistant-ffojlzgmrzpdrcamounrzekpyefo/Build/Products/Release -Isystem /Applications/Xcode.app/Contents/Developer/Platforms/MacOSX.platform/Developer/usr/lib -F /Users/marcboyer/Library/Developer/Xcode/DerivedData/LogicAudioAssistant-ffojlzgmrzpdrcamounrzekpyefo/Build/Products/Release/PackageFrameworks -F /Users/marcboyer/Library/Developer/Xcode/DerivedData/LogicAudioAssistant-ffojlzgmrzpdrcamounrzekpyefo/Build/Products/Release/PackageFrameworks -F /Users/marcboyer/Library/Developer/Xcode/DerivedData/LogicAudioAssistant-ffojlzgmrzpdrcamounrzekpyefo/Build/Products/Release/PackageFrameworks -F /Users/marcboyer/Library/Developer/Xcode/DerivedData/LogicAudioAssistant-ffojlzgmrzpdrcamounrzekpyefo/Build/Products/Release/PackageFrameworks -F /Users/marcboyer/Library/Developer/Xcode/DerivedData/LogicAudioAssistant-ffojlzgmrzpdrcamounrzekpyefo/Build/Products/Release/PackageFrameworks -F /Users/marcboyer/Library/Developer/Xcode/DerivedData/LogicAudioAssistant-ffojlzgmrzpdrcamounrzekpyefo/Build/Products/Release/PackageFrameworks -F /Users/marcboyer/Library/Developer/Xcode/DerivedData/LogicAudioAssistant-ffojlzgmrzpdrcamounrzekpyefo/Build/Products/Release/PackageFrameworks -F /Users/marcboyer/Library/Developer/Xcode/DerivedData/LogicAudioAssistant-ffojlzgmrzpdrcamounrzekpyefo/Build/Products/Release/PackageFrameworks -F /Users/marcboyer/Library/Developer/Xcode/DerivedData/LogicAudioAssistant-ffojlzgmrzpdrcamounrzekpyefo/Build/Products/Release -F /Applications/Xcode.app/Contents/Developer/Platforms/MacOSX.platform/Developer/Library/Frameworks -c -num-threads 10 -Xcc -ivfsstatcache -Xcc /Users/marcboyer/Library/Developer/Xcode/DerivedData/SDKStatCaches.noindex/macosx26.5-25F70-e082c4a02f00227109f4ed75e425c832.sdkstatcache -output-file-map /Users/marcboyer/Library/Developer/Xcode/DerivedData/LogicAudioAssistant-ffojlzgmrzpdrcamounrzekpyefo/Build/Intermediates.noindex/LogicAudioAssistant.build/Release/TutorConversation.build/Objects-normal/arm64/TutorConversation-OutputFileMap.json -use-frontend-parseable-output -save-temps -no-color-diagnostics -explicit-module-build -module-cache-path /Users/marcboyer/Library/Developer/Xcode/DerivedData/LogicAudioAssistant-ffojlzgmrzpdrcamounrzekpyefo/Build/Intermediates.noindex/SwiftExplicitPrecompiledModules -clang-scanner-module-cache-path /Users/marcboyer/Library/Developer/Xcode/DerivedData/ModuleCache.noindex -sdk-module-cache-path /Users/marcboyer/Library/Developer/Xcode/DerivedData/ModuleCache.noindex -serialize-diagnostics -emit-dependencies -emit-module -emit-module-path /Users/marcboyer/Library/Developer/Xcode/DerivedData/LogicAudioAssistant-ffojlzgmrzpdrcamounrzekpyefo/Build/Intermediates.noindex/LogicAudioAssistant.build/Release/TutorConversation.build/Objects-normal/arm64/TutorConversation.swiftmodule -validate-clang-modules-once -clang-build-session-file /Users/marcboyer/Library/Developer/Xcode/DerivedData/ModuleCache.noindex/Session.modulevalidation -package-name logicaudioassistant -Xcc -I/Users/marcboyer/Library/Developer/Xcode/DerivedData/LogicAudioAssistant-ffojlzgmrzpdrcamounrzekpyefo/Build/Intermediates.noindex/LogicAudioAssistant.build/Release/TutorConversation.build/swift-overrides.hmap -emit-const-values -Xfrontend -const-gather-protocols-file -Xfrontend /Users/marcboyer/Library/Developer/Xcode/DerivedData/LogicAudioAssistant-ffojlzgmrzpdrcamounrzekpyefo/Build/Intermediates.noindex/LogicAudioAssistant.build/Release/TutorConversation.build/Objects-normal/arm64/TutorConversation_const_extract_protocols.json -Xcc -I/Users/marcboyer/LogicAudioAssistant/packages/CAtomics/include -Xcc -I/Users/marcboyer/Library/Developer/Xcode/DerivedData/LogicAudioAssistant-ffojlzgmrzpdrcamounrzekpyefo/Build/Products/Release/include -Xcc -I/Users/marcboyer/Library/Developer/Xcode/DerivedData/LogicAudioAssistant-ffojlzgmrzpdrcamounrzekpyefo/Build/Intermediates.noindex/LogicAudioAssistant.build/Release/TutorConversation.build/DerivedSources-normal/arm64 -Xcc -I/Users/marcboyer/Library/Developer/Xcode/DerivedData/LogicAudioAssistant-ffojlzgmrzpdrcamounrzekpyefo/Build/Intermediates.noindex/LogicAudioAssistant.build/Release/TutorConversation.build/DerivedSources/arm64 -Xcc -I/Users/marcboyer/Library/Developer/Xcode/DerivedData/LogicAudioAssistant-ffojlzgmrzpdrcamounrzekpyefo/Build/Intermediates.noindex/LogicAudioAssistant.build/Release/TutorConversation.build/DerivedSources -Xcc -DSWIFT_PACKAGE -emit-objc-header -emit-objc-header-path /Users/marcboyer/Library/Developer/Xcode/DerivedData/LogicAudioAssistant-ffojlzgmrzpdrcamounrzekpyefo/Build/Intermediates.noindex/LogicAudioAssistant.build/Release/TutorConversation.build/Objects-normal/arm64/TutorConversation-Swift.h -working-directory /Users/marcboyer/LogicAudioAssistant/LogicAudioAssistant.xcodeproj -no-emit-module-separately-wmo

Copy /Users/marcboyer/Library/Developer/Xcode/DerivedData/LogicAudioAssistant-ffojlzgmrzpdrcamounrzekpyefo/Build/Products/Release/TutorConversation.swiftmodule/Project/arm64-apple-macos.swiftsourceinfo /Users/marcboyer/Library/Developer/Xcode/DerivedData/LogicAudioAssistant-ffojlzgmrzpdrcamounrzekpyefo/Build/Intermediates.noindex/LogicAudioAssistant.build/Release/TutorConversation.build/Objects-normal/arm64/TutorConversation.swiftsourceinfo (in target 'TutorConversation' from project 'LogicAudioAssistant' at path '/Users/marcboyer/LogicAudioAssistant/Package.swift')
    cd /Users/marcboyer/LogicAudioAssistant
    builtin-copy -exclude .DS_Store -exclude CVS -exclude .svn -exclude .git -exclude .hg -strip-unsigned-binaries -strip-deterministic -strip-tool /Applications/Xcode.app/Contents/Developer/Toolchains/XcodeDefault.xctoolchain/usr/bin/strip -resolve-src-symlinks -rename /Users/marcboyer/Library/Developer/Xcode/DerivedData/LogicAudioAssistant-ffojlzgmrzpdrcamounrzekpyefo/Build/Intermediates.noindex/LogicAudioAssistant.build/Release/TutorConversation.build/Objects-normal/arm64/TutorConversation.swiftsourceinfo /Users/marcboyer/Library/Developer/Xcode/DerivedData/LogicAudioAssistant-ffojlzgmrzpdrcamounrzekpyefo/Build/Products/Release/TutorConversation.swiftmodule/Project/arm64-apple-macos.swiftsourceinfo

Ld /Users/marcboyer/Library/Developer/Xcode/DerivedData/LogicAudioAssistant-ffojlzgmrzpdrcamounrzekpyefo/Build/Products/Release/TutorConversation.o normal (in target 'TutorConversation' from project 'LogicAudioAssistant' at path '/Users/marcboyer/LogicAudioAssistant/Package.swift')
    cd /Users/marcboyer/LogicAudioAssistant
    /Applications/Xcode.app/Contents/Developer/Toolchains/XcodeDefault.xctoolchain/usr/bin/clang -Xlinker -reproducible -target arm64-apple-macos14.0 -r -isysroot /Applications/Xcode.app/Contents/Developer/Platforms/MacOSX.platform/Developer/SDKs/MacOSX26.5.sdk -Os -F/Users/marcboyer/Library/Developer/Xcode/DerivedData/LogicAudioAssistant-ffojlzgmrzpdrcamounrzekpyefo/Build/Intermediates.noindex/EagerLinkingTBDs/Release -F/Users/marcboyer/Library/Developer/Xcode/DerivedData/LogicAudioAssistant-ffojlzgmrzpdrcamounrzekpyefo/Build/Products/Release/PackageFrameworks -F/Users/marcboyer/Library/Developer/Xcode/DerivedData/LogicAudioAssistant-ffojlzgmrzpdrcamounrzekpyefo/Build/Products/Release/PackageFrameworks -F/Users/marcboyer/Library/Developer/Xcode/DerivedData/LogicAudioAssistant-ffojlzgmrzpdrcamounrzekpyefo/Build/Products/Release/PackageFrameworks -F/Users/marcboyer/Library/Developer/Xcode/DerivedData/LogicAudioAssistant-ffojlzgmrzpdrcamounrzekpyefo/Build/Products/Release/PackageFrameworks -F/Users/marcboyer/Library/Developer/Xcode/DerivedData/LogicAudioAssistant-ffojlzgmrzpdrcamounrzekpyefo/Build/Products/Release/PackageFrameworks -F/Users/marcboyer/Library/Developer/Xcode/DerivedData/LogicAudioAssistant-ffojlzgmrzpdrcamounrzekpyefo/Build/Products/Release/PackageFrameworks -F/Users/marcboyer/Library/Developer/Xcode/DerivedData/LogicAudioAssistant-ffojlzgmrzpdrcamounrzekpyefo/Build/Products/Release/PackageFrameworks -F/Users/marcboyer/Library/Developer/Xcode/DerivedData/LogicAudioAssistant-ffojlzgmrzpdrcamounrzekpyefo/Build/Products/Release/PackageFrameworks -F/Users/marcboyer/Library/Developer/Xcode/DerivedData/LogicAudioAssistant-ffojlzgmrzpdrcamounrzekpyefo/Build/Products/Release -iframework /Applications/Xcode.app/Contents/Developer/Platforms/MacOSX.platform/Developer/Library/Frameworks -filelist /Users/marcboyer/Library/Developer/Xcode/DerivedData/LogicAudioAssistant-ffojlzgmrzpdrcamounrzekpyefo/Build/Intermediates.noindex/LogicAudioAssistant.build/Release/TutorConversation.build/Objects-normal/arm64/TutorConversation.LinkFileList -nostdlib -Xlinker -object_path_lto -Xlinker /Users/marcboyer/Library/Developer/Xcode/DerivedData/LogicAudioAssistant-ffojlzgmrzpdrcamounrzekpyefo/Build/Intermediates.noindex/LogicAudioAssistant.build/Release/TutorConversation.build/Objects-normal/arm64/TutorConversation_lto.o -Xlinker -dependency_info -Xlinker /Users/marcboyer/Library/Developer/Xcode/DerivedData/LogicAudioAssistant-ffojlzgmrzpdrcamounrzekpyefo/Build/Intermediates.noindex/LogicAudioAssistant.build/Release/TutorConversation.build/Objects-normal/arm64/TutorConversation_dependency_info.dat -fobjc-link-runtime -L/Applications/Xcode.app/Contents/Developer/Toolchains/XcodeDefault.xctoolchain/usr/lib/swift/macosx -L/usr/lib/swift -Xlinker -add_ast_path -Xlinker /Users/marcboyer/Library/Developer/Xcode/DerivedData/LogicAudioAssistant-ffojlzgmrzpdrcamounrzekpyefo/Build/Intermediates.noindex/LogicAudioAssistant.build/Release/TutorConversation.build/Objects-normal/arm64/TutorConversation.swiftmodule @/Users/marcboyer/Library/Developer/Xcode/DerivedData/LogicAudioAssistant-ffojlzgmrzpdrcamounrzekpyefo/Build/Intermediates.noindex/LogicAudioAssistant.build/Release/TutorConversation.build/Objects-normal/arm64/TutorConversation-linker-args.resp -o /Users/marcboyer/Library/Developer/Xcode/DerivedData/LogicAudioAssistant-ffojlzgmrzpdrcamounrzekpyefo/Build/Products/Release/TutorConversation.o

Copy /Users/marcboyer/Library/Developer/Xcode/DerivedData/LogicAudioAssistant-ffojlzgmrzpdrcamounrzekpyefo/Build/Products/Release/TutorConversation.swiftmodule/arm64-apple-macos.swiftmodule /Users/marcboyer/Library/Developer/Xcode/DerivedData/LogicAudioAssistant-ffojlzgmrzpdrcamounrzekpyefo/Build/Intermediates.noindex/LogicAudioAssistant.build/Release/TutorConversation.build/Objects-normal/arm64/TutorConversation.swiftmodule (in target 'TutorConversation' from project 'LogicAudioAssistant' at path '/Users/marcboyer/LogicAudioAssistant/Package.swift')
    cd /Users/marcboyer/LogicAudioAssistant
    builtin-copy -exclude .DS_Store -exclude CVS -exclude .svn -exclude .git -exclude .hg -strip-unsigned-binaries -strip-deterministic -strip-tool /Applications/Xcode.app/Contents/Developer/Toolchains/XcodeDefault.xctoolchain/usr/bin/strip -resolve-src-symlinks -rename /Users/marcboyer/Library/Developer/Xcode/DerivedData/LogicAudioAssistant-ffojlzgmrzpdrcamounrzekpyefo/Build/Intermediates.noindex/LogicAudioAssistant.build/Release/TutorConversation.build/Objects-normal/arm64/TutorConversation.swiftmodule /Users/marcboyer/Library/Developer/Xcode/DerivedData/LogicAudioAssistant-ffojlzgmrzpdrcamounrzekpyefo/Build/Products/Release/TutorConversation.swiftmodule/arm64-apple-macos.swiftmodule

Copy /Users/marcboyer/Library/Developer/Xcode/DerivedData/LogicAudioAssistant-ffojlzgmrzpdrcamounrzekpyefo/Build/Products/Release/TutorConversation.swiftmodule/arm64-apple-macos.abi.json /Users/marcboyer/Library/Developer/Xcode/DerivedData/LogicAudioAssistant-ffojlzgmrzpdrcamounrzekpyefo/Build/Intermediates.noindex/LogicAudioAssistant.build/Release/TutorConversation.build/Objects-normal/arm64/TutorConversation.abi.json (in target 'TutorConversation' from project 'LogicAudioAssistant' at path '/Users/marcboyer/LogicAudioAssistant/Package.swift')
    cd /Users/marcboyer/LogicAudioAssistant
    builtin-copy -exclude .DS_Store -exclude CVS -exclude .svn -exclude .git -exclude .hg -strip-unsigned-binaries -strip-deterministic -strip-tool /Applications/Xcode.app/Contents/Developer/Toolchains/XcodeDefault.xctoolchain/usr/bin/strip -resolve-src-symlinks -rename /Users/marcboyer/Library/Developer/Xcode/DerivedData/LogicAudioAssistant-ffojlzgmrzpdrcamounrzekpyefo/Build/Intermediates.noindex/LogicAudioAssistant.build/Release/TutorConversation.build/Objects-normal/arm64/TutorConversation.abi.json /Users/marcboyer/Library/Developer/Xcode/DerivedData/LogicAudioAssistant-ffojlzgmrzpdrcamounrzekpyefo/Build/Products/Release/TutorConversation.swiftmodule/arm64-apple-macos.abi.json

SwiftDriver TutorLogicObserver normal arm64 com.apple.xcode.tools.swift.compiler (in target 'TutorLogicObserver' from project 'LogicAudioAssistant' at path '/Users/marcboyer/LogicAudioAssistant/Package.swift')
    cd /Users/marcboyer/LogicAudioAssistant/LogicAudioAssistant.xcodeproj
    builtin-SwiftDriver -- /Applications/Xcode.app/Contents/Developer/Toolchains/XcodeDefault.xctoolchain/usr/bin/swiftc -module-name TutorLogicObserver -O -whole-module-optimization @/Users/marcboyer/Library/Developer/Xcode/DerivedData/LogicAudioAssistant-ffojlzgmrzpdrcamounrzekpyefo/Build/Intermediates.noindex/LogicAudioAssistant.build/Release/TutorLogicObserver.build/Objects-normal/arm64/TutorLogicObserver.SwiftFileList -DSWIFT_PACKAGE -DSWIFT_MODULE_RESOURCE_BUNDLE_UNAVAILABLE -Xcc -fmodule-map-file\=/Users/marcboyer/Library/Developer/Xcode/DerivedData/LogicAudioAssistant-ffojlzgmrzpdrcamounrzekpyefo/Build/Intermediates.noindex/GeneratedModuleMaps/CAtomics.modulemap -DXcode -plugin-path /Applications/Xcode.app/Contents/Developer/Toolchains/XcodeDefault.xctoolchain/usr/lib/swift/host/plugins/testing -enable-experimental-feature DebugDescriptionMacro -sdk /Applications/Xcode.app/Contents/Developer/Platforms/MacOSX.platform/Developer/SDKs/MacOSX26.5.sdk -target arm64-apple-macos14.0 -g -module-cache-path /Users/marcboyer/Library/Developer/Xcode/DerivedData/ModuleCache.noindex -Xfrontend -serialize-debugging-options -swift-version 6 -I /Users/marcboyer/Library/Developer/Xcode/DerivedData/LogicAudioAssistant-ffojlzgmrzpdrcamounrzekpyefo/Build/Products/Release -Isystem /Applications/Xcode.app/Contents/Developer/Platforms/MacOSX.platform/Developer/usr/lib -F /Users/marcboyer/Library/Developer/Xcode/DerivedData/LogicAudioAssistant-ffojlzgmrzpdrcamounrzekpyefo/Build/Products/Release/PackageFrameworks -F /Users/marcboyer/Library/Developer/Xcode/DerivedData/LogicAudioAssistant-ffojlzgmrzpdrcamounrzekpyefo/Build/Products/Release/PackageFrameworks -F /Users/marcboyer/Library/Developer/Xcode/DerivedData/LogicAudioAssistant-ffojlzgmrzpdrcamounrzekpyefo/Build/Products/Release/PackageFrameworks -F /Users/marcboyer/Library/Developer/Xcode/DerivedData/LogicAudioAssistant-ffojlzgmrzpdrcamounrzekpyefo/Build/Products/Release/PackageFrameworks -F /Users/marcboyer/Library/Developer/Xcode/DerivedData/LogicAudioAssistant-ffojlzgmrzpdrcamounrzekpyefo/Build/Products/Release/PackageFrameworks -F /Users/marcboyer/Library/Developer/Xcode/DerivedData/LogicAudioAssistant-ffojlzgmrzpdrcamounrzekpyefo/Build/Products/Release/PackageFrameworks -F /Users/marcboyer/Library/Developer/Xcode/DerivedData/LogicAudioAssistant-ffojlzgmrzpdrcamounrzekpyefo/Build/Products/Release/PackageFrameworks -F /Users/marcboyer/Library/Developer/Xcode/DerivedData/LogicAudioAssistant-ffojlzgmrzpdrcamounrzekpyefo/Build/Products/Release/PackageFrameworks -F /Users/marcboyer/Library/Developer/Xcode/DerivedData/LogicAudioAssistant-ffojlzgmrzpdrcamounrzekpyefo/Build/Products/Release/PackageFrameworks -F /Users/marcboyer/Library/Developer/Xcode/DerivedData/LogicAudioAssistant-ffojlzgmrzpdrcamounrzekpyefo/Build/Products/Release -F /Applications/Xcode.app/Contents/Developer/Platforms/MacOSX.platform/Developer/Library/Frameworks -parse-as-library -c -num-threads 10 -Xcc -ivfsstatcache -Xcc /Users/marcboyer/Library/Developer/Xcode/DerivedData/SDKStatCaches.noindex/macosx26.5-25F70-e082c4a02f00227109f4ed75e425c832.sdkstatcache -output-file-map /Users/marcboyer/Library/Developer/Xcode/DerivedData/LogicAudioAssistant-ffojlzgmrzpdrcamounrzekpyefo/Build/Intermediates.noindex/LogicAudioAssistant.build/Release/TutorLogicObserver.build/Objects-normal/arm64/TutorLogicObserver-OutputFileMap.json -use-frontend-parseable-output -save-temps -no-color-diagnostics -explicit-module-build -module-cache-path /Users/marcboyer/Library/Developer/Xcode/DerivedData/LogicAudioAssistant-ffojlzgmrzpdrcamounrzekpyefo/Build/Intermediates.noindex/SwiftExplicitPrecompiledModules -clang-scanner-module-cache-path /Users/marcboyer/Library/Developer/Xcode/DerivedData/ModuleCache.noindex -sdk-module-cache-path /Users/marcboyer/Library/Developer/Xcode/DerivedData/ModuleCache.noindex -serialize-diagnostics -emit-dependencies -emit-module -emit-module-path /Users/marcboyer/Library/Developer/Xcode/DerivedData/LogicAudioAssistant-ffojlzgmrzpdrcamounrzekpyefo/Build/Intermediates.noindex/LogicAudioAssistant.build/Release/TutorLogicObserver.build/Objects-normal/arm64/TutorLogicObserver.swiftmodule -validate-clang-modules-once -clang-build-session-file /Users/marcboyer/Library/Developer/Xcode/DerivedData/ModuleCache.noindex/Session.modulevalidation -package-name logicaudioassistant -Xcc -I/Users/marcboyer/Library/Developer/Xcode/DerivedData/LogicAudioAssistant-ffojlzgmrzpdrcamounrzekpyefo/Build/Intermediates.noindex/LogicAudioAssistant.build/Release/TutorLogicObserver.build/swift-overrides.hmap -emit-const-values -Xfrontend -const-gather-protocols-file -Xfrontend /Users/marcboyer/Library/Developer/Xcode/DerivedData/LogicAudioAssistant-ffojlzgmrzpdrcamounrzekpyefo/Build/Intermediates.noindex/LogicAudioAssistant.build/Release/TutorLogicObserver.build/Objects-normal/arm64/TutorLogicObserver_const_extract_protocols.json -Xcc -I/Users/marcboyer/LogicAudioAssistant/packages/CAtomics/include -Xcc -I/Users/marcboyer/Library/Developer/Xcode/DerivedData/LogicAudioAssistant-ffojlzgmrzpdrcamounrzekpyefo/Build/Products/Release/include -Xcc -I/Users/marcboyer/Library/Developer/Xcode/DerivedData/LogicAudioAssistant-ffojlzgmrzpdrcamounrzekpyefo/Build/Intermediates.noindex/LogicAudioAssistant.build/Release/TutorLogicObserver.build/DerivedSources-normal/arm64 -Xcc -I/Users/marcboyer/Library/Developer/Xcode/DerivedData/LogicAudioAssistant-ffojlzgmrzpdrcamounrzekpyefo/Build/Intermediates.noindex/LogicAudioAssistant.build/Release/TutorLogicObserver.build/DerivedSources/arm64 -Xcc -I/Users/marcboyer/Library/Developer/Xcode/DerivedData/LogicAudioAssistant-ffojlzgmrzpdrcamounrzekpyefo/Build/Intermediates.noindex/LogicAudioAssistant.build/Release/TutorLogicObserver.build/DerivedSources -Xcc -DSWIFT_PACKAGE -emit-objc-header -emit-objc-header-path /Users/marcboyer/Library/Developer/Xcode/DerivedData/LogicAudioAssistant-ffojlzgmrzpdrcamounrzekpyefo/Build/Intermediates.noindex/LogicAudioAssistant.build/Release/TutorLogicObserver.build/Objects-normal/arm64/TutorLogicObserver-Swift.h -working-directory /Users/marcboyer/LogicAudioAssistant/LogicAudioAssistant.xcodeproj -no-emit-module-separately-wmo

ExtractAppIntentsMetadata (in target 'TutorConversation' from project 'LogicAudioAssistant' at path '/Users/marcboyer/LogicAudioAssistant/Package.swift')
    cd /Users/marcboyer/LogicAudioAssistant
    /Applications/Xcode.app/Contents/Developer/Toolchains/XcodeDefault.xctoolchain/usr/bin/appintentsmetadataprocessor --toolchain-dir /Applications/Xcode.app/Contents/Developer/Toolchains/XcodeDefault.xctoolchain --module-name TutorConversation --sdk-root /Applications/Xcode.app/Contents/Developer/Platforms/MacOSX.platform/Developer/SDKs/MacOSX26.5.sdk --xcode-version 17F113 --platform-family macOS --deployment-target 14.0 --bundle-identifier logicaudioassistant.TutorConversation --output /Users/marcboyer/Library/Developer/Xcode/DerivedData/LogicAudioAssistant-ffojlzgmrzpdrcamounrzekpyefo/Build/Products/Release/TutorConversation.appintents --target-triple arm64-apple-macos14.0 --binary-file /Users/marcboyer/Library/Developer/Xcode/DerivedData/LogicAudioAssistant-ffojlzgmrzpdrcamounrzekpyefo/Build/Products/Release/TutorConversation.o --dependency-file /Users/marcboyer/Library/Developer/Xcode/DerivedData/LogicAudioAssistant-ffojlzgmrzpdrcamounrzekpyefo/Build/Intermediates.noindex/LogicAudioAssistant.build/Release/TutorConversation.build/Objects-normal/arm64/TutorConversation_dependency_info.dat --stringsdata-file /Users/marcboyer/Library/Developer/Xcode/DerivedData/LogicAudioAssistant-ffojlzgmrzpdrcamounrzekpyefo/Build/Intermediates.noindex/LogicAudioAssistant.build/Release/TutorConversation.build/Objects-normal/arm64/ExtractedAppShortcutsMetadata.stringsdata --source-file-list /Users/marcboyer/Library/Developer/Xcode/DerivedData/LogicAudioAssistant-ffojlzgmrzpdrcamounrzekpyefo/Build/Intermediates.noindex/LogicAudioAssistant.build/Release/TutorConversation.build/Objects-normal/arm64/TutorConversation.SwiftFileList --metadata-file-list /Users/marcboyer/Library/Developer/Xcode/DerivedData/LogicAudioAssistant-ffojlzgmrzpdrcamounrzekpyefo/Build/Intermediates.noindex/LogicAudioAssistant.build/Release/TutorConversation.build/TutorConversation.DependencyMetadataFileList --static-metadata-file-list /Users/marcboyer/Library/Developer/Xcode/DerivedData/LogicAudioAssistant-ffojlzgmrzpdrcamounrzekpyefo/Build/Intermediates.noindex/LogicAudioAssistant.build/Release/TutorConversation.build/TutorConversation.DependencyStaticMetadataFileList --swift-const-vals-list /Users/marcboyer/Library/Developer/Xcode/DerivedData/LogicAudioAssistant-ffojlzgmrzpdrcamounrzekpyefo/Build/Intermediates.noindex/LogicAudioAssistant.build/Release/TutorConversation.build/Objects-normal/arm64/TutorConversation.SwiftConstValuesFileList --force --compile-time-extraction --deployment-aware-processing --validate-assistant-intents --no-app-shortcuts-localization
2026-08-14 20:30:54.007 appintentsmetadataprocessor[23197:4425558] Starting appintentsmetadataprocessor export
2026-08-14 20:30:54.016 appintentsmetadataprocessor[23197:4425558] Extracted no relevant App Intents symbols, skipping writing output

RegisterExecutionPolicyException /Users/marcboyer/Library/Developer/Xcode/DerivedData/LogicAudioAssistant-ffojlzgmrzpdrcamounrzekpyefo/Build/Products/Release/TutorConversation.o (in target 'TutorConversation' from project 'LogicAudioAssistant' at path '/Users/marcboyer/LogicAudioAssistant/Package.swift')
    cd /Users/marcboyer/LogicAudioAssistant
    builtin-RegisterExecutionPolicyException /Users/marcboyer/Library/Developer/Xcode/DerivedData/LogicAudioAssistant-ffojlzgmrzpdrcamounrzekpyefo/Build/Products/Release/TutorConversation.o

SwiftCompile normal arm64 Compiling\ LogicReadOnlyObserver.swift /Users/marcboyer/LogicAudioAssistant/packages/TutorLogicObserver/Sources/TutorLogicObserver/LogicReadOnlyObserver.swift /Applications/Xcode.app/Contents/Developer/Toolchains/XcodeDefault.xctoolchain/usr/lib/swift/macosx/prebuilt-modules/26.5/os.swiftmodule/arm64e-apple-macos.swiftmodule /Applications/Xcode.app/Contents/Developer/Toolchains/XcodeDefault.xctoolchain/usr/lib/swift/macosx/prebuilt-modules/26.5/Combine.swiftmodule/arm64e-apple-macos.swiftmodule /Applications/Xcode.app/Contents/Developer/Toolchains/XcodeDefault.xctoolchain/usr/lib/swift/macosx/prebuilt-modules/26.5/CoreTransferable.swiftmodule/arm64e-apple-macos.swiftmodule /Applications/Xcode.app/Contents/Developer/Toolchains/XcodeDefault.xctoolchain/usr/lib/swift/macosx/prebuilt-modules/26.5/OSLog.swiftmodule/arm64e-apple-macos.swiftmodule /Applications/Xcode.app/Contents/Developer/Toolchains/XcodeDefault.xctoolchain/usr/lib/swift/macosx/prebuilt-modules/26.5/CoreText.swiftmodule/arm64e-apple-macos.swiftmodule /Applications/Xcode.app/Contents/Developer/Toolchains/XcodeDefault.xctoolchain/usr/lib/swift/macosx/prebuilt-modules/26.5/Dispatch.swiftmodule/arm64e-apple-macos.swiftmodule /Applications/Xcode.app/Contents/Developer/Toolchains/XcodeDefault.xctoolchain/usr/lib/swift/macosx/prebuilt-modules/26.5/Spatial.swiftmodule/arm64e-apple-macos.swiftmodule /Applications/Xcode.app/Contents/Developer/Toolchains/XcodeDefault.xctoolchain/usr/lib/swift/macosx/prebuilt-modules/26.5/Observation.swiftmodule/arm64e-apple-macos.swiftmodule /Applications/Xcode.app/Contents/Developer/Toolchains/XcodeDefault.xctoolchain/usr/lib/swift/macosx/prebuilt-modules/26.5/Metal.swiftmodule/arm64e-apple-macos.swiftmodule /Applications/Xcode.app/Contents/Developer/Toolchains/XcodeDefault.xctoolchain/usr/lib/swift/macosx/prebuilt-modules/26.5/Symbols.swiftmodule/arm64e-apple-macos.swiftmodule /Applications/Xcode.app/Contents/Developer/Toolchains/XcodeDefault.xctoolchain/usr/lib/swift/macosx/prebuilt-modules/26.5/CryptoKit.swiftmodule/arm64e-apple-macos.swiftmodule /Applications/Xcode.app/Contents/Developer/Toolchains/XcodeDefault.xctoolchain/usr/lib/swift/macosx/prebuilt-modules/26.5/IOKit.swiftmodule/arm64e-apple-macos.swiftmodule /Applications/Xcode.app/Contents/Developer/Toolchains/XcodeDefault.xctoolchain/usr/lib/swift/macosx/prebuilt-modules/26.5/_DarwinFoundation1.swiftmodule/arm64e-apple-macos.swiftmodule /Users/marcboyer/Library/Developer/Xcode/DerivedData/LogicAudioAssistant-ffojlzgmrzpdrcamounrzekpyefo/Build/Products/Release/DSPCore.swiftmodule/arm64-apple-macos.swiftmodule /Users/marcboyer/Library/Developer/Xcode/DerivedData/LogicAudioAssistant-ffojlzgmrzpdrcamounrzekpyefo/Build/Products/Release/PlanSchema.swiftmodule/arm64-apple-macos.swiftmodule /Applications/Xcode.app/Contents/Developer/Toolchains/XcodeDefault.xctoolchain/usr/lib/swift/macosx/prebuilt-modules/26.5/_DarwinFoundation3.swiftmodule/arm64e-apple-macos.swiftmodule /Applications/Xcode.app/Contents/Developer/Toolchains/XcodeDefault.xctoolchain/usr/lib/swift/macosx/prebuilt-modules/26.5/CoreGraphics.swiftmodule/arm64e-apple-macos.swiftmodule /Applications/Xcode.app/Contents/Developer/Toolchains/XcodeDefault.xctoolchain/usr/lib/swift/macosx/prebuilt-modules/26.5/simd.swiftmodule/arm64e-apple-macos.swiftmodule /Applications/Xcode.app/Contents/Developer/Toolchains/XcodeDefault.xctoolchain/usr/lib/swift/macosx/prebuilt-modules/26.5/FoundationModels.swiftmodule/arm64e-apple-macos.swiftmodule /Applications/Xcode.app/Contents/Developer/Toolchains/XcodeDefault.xctoolchain/usr/lib/swift/macosx/prebuilt-modules/26.5/Foundation.swiftmodule/arm64e-apple-macos.swiftmodule /Applications/Xcode.app/Contents/Developer/Toolchains/XcodeDefault.xctoolchain/usr/lib/swift/macosx/prebuilt-modules/26.5/CoreImage.swiftmodule/arm64e-apple-macos.swiftmodule /Applications/Xcode.app/Contents/Developer/Toolchains/XcodeDefault.xctoolchain/usr/lib/swift/macosx/prebuilt-modules/26.5/_StringProcessing.swiftmodule/arm64e-apple-macos.swiftmodule /Applications/Xcode.app/Contents/Developer/Toolchains/XcodeDefault.xctoolchain/usr/lib/swift/macosx/prebuilt-modules/26.5/UniformTypeIdentifiers.swiftmodule/arm64e-apple-macos.swiftmodule /Users/marcboyer/Library/Developer/Xcode/DerivedData/LogicAudioAssistant-ffojlzgmrzpdrcamounrzekpyefo/Build/Products/Release/TutorConversation.swiftmodule/arm64-apple-macos.swiftmodule /Applications/Xcode.app/Contents/Developer/Toolchains/XcodeDefault.xctoolchain/usr/lib/swift/macosx/prebuilt-modules/26.5/DeveloperToolsSupport.swiftmodule/arm64e-apple-macos.swiftmodule /Applications/Xcode.app/Contents/Developer/Toolchains/XcodeDefault.xctoolchain/usr/lib/swift/macosx/prebuilt-modules/26.5/CoreFoundation.swiftmodule/arm64e-apple-macos.swiftmodule /Applications/Xcode.app/Contents/Developer/Toolchains/XcodeDefault.xctoolchain/usr/lib/swift/macosx/prebuilt-modules/26.5/Darwin.swiftmodule/arm64e-apple-macos.swiftmodule /Users/marcboyer/Library/Developer/Xcode/DerivedData/LogicAudioAssistant-ffojlzgmrzpdrcamounrzekpyefo/Build/Products/Release/ProductionTutor.swiftmodule/arm64-apple-macos.swiftmodule /Applications/Xcode.app/Contents/Developer/Toolchains/XcodeDefault.xctoolchain/usr/lib/swift/macosx/prebuilt-modules/26.5/AppKit.swiftmodule/arm64e-apple-macos.swiftmodule /Applications/Xcode.app/Contents/Developer/Toolchains/XcodeDefault.xctoolchain/usr/lib/swift/macosx/prebuilt-modules/26.5/_Concurrency.swiftmodule/arm64e-apple-macos.swiftmodule /Applications/Xcode.app/Contents/Developer/Toolchains/XcodeDefault.xctoolchain/usr/lib/swift/macosx/prebuilt-modules/26.5/Accessibility.swiftmodule/arm64e-apple-macos.swiftmodule /Applications/Xcode.app/Contents/Developer/Toolchains/XcodeDefault.xctoolchain/usr/lib/swift/macosx/prebuilt-modules/26.5/QuartzCore.swiftmodule/arm64e-apple-macos.swiftmodule /Applications/Xcode.app/Contents/Developer/Toolchains/XcodeDefault.xctoolchain/usr/lib/swift/macosx/prebuilt-modules/26.5/System.swiftmodule/arm64e-apple-macos.swiftmodule /Users/marcboyer/Library/Developer/Xcode/DerivedData/LogicAudioAssistant-ffojlzgmrzpdrcamounrzekpyefo/Build/Products/Release/ProductionIntelligence.swiftmodule/arm64-apple-macos.swiftmodule /Applications/Xcode.app/Contents/Developer/Toolchains/XcodeDefault.xctoolchain/usr/lib/swift/macosx/prebuilt-modules/26.5/CoreVideo.swiftmodule/arm64e-apple-macos.swiftmodule /Applications/Xcode.app/Contents/Developer/Toolchains/XcodeDefault.xctoolchain/usr/lib/swift/macosx/prebuilt-modules/26.5/_DarwinFoundation2.swiftmodule/arm64e-apple-macos.swiftmodule /Applications/Xcode.app/Contents/Developer/Toolchains/XcodeDefault.xctoolchain/usr/lib/swift/macosx/prebuilt-modules/26.5/_Builtin_float.swiftmodule/arm64e-apple-macos.swiftmodule /Applications/Xcode.app/Contents/Developer/Toolchains/XcodeDefault.xctoolchain/usr/lib/swift/macosx/prebuilt-modules/26.5/XPC.swiftmodule/arm64e-apple-macos.swiftmodule /Applications/Xcode.app/Contents/Developer/Toolchains/XcodeDefault.xctoolchain/usr/lib/swift/macosx/prebuilt-modules/26.5/LocalAuthentication.swiftmodule/arm64e-apple-macos.swiftmodule /Applications/Xcode.app/Contents/Developer/Toolchains/XcodeDefault.xctoolchain/usr/lib/swift/macosx/prebuilt-modules/26.5/DataDetection.swiftmodule/arm64e-apple-macos.swiftmodule /Applications/Xcode.app/Contents/Developer/Toolchains/XcodeDefault.xctoolchain/usr/lib/swift/macosx/prebuilt-modules/26.5/Swift.swiftmodule/arm64e-apple-macos.swiftmodule /Applications/Xcode.app/Contents/Developer/Toolchains/XcodeDefault.xctoolchain/usr/lib/swift/macosx/prebuilt-modules/26.5/ObjectiveC.swiftmodule/arm64e-apple-macos.swiftmodule /Applications/Xcode.app/Contents/Developer/Toolchains/XcodeDefault.xctoolchain/usr/lib/swift/macosx/prebuilt-modules/26.5/SwiftUICore.swiftmodule/arm64e-apple-macos.swiftmodule /Users/marcboyer/Library/Developer/Xcode/DerivedData/LogicAudioAssistant-ffojlzgmrzpdrcamounrzekpyefo/Build/Products/Release/AgentCore.swiftmodule/arm64-apple-macos.swiftmodule /Users/marcboyer/Library/Developer/Xcode/DerivedData/LogicAudioAssistant-ffojlzgmrzpdrcamounrzekpyefo/Build/Products/Release/AudioAnalysis.swiftmodule/arm64-apple-macos.swiftmodule /Applications/Xcode.app/Contents/Developer/Toolchains/XcodeDefault.xctoolchain/usr/lib/swift/macosx/prebuilt-modules/26.5/CoreData.swiftmodule/arm64e-apple-macos.swiftmodule /Users/marcboyer/Library/Developer/Xcode/DerivedData/ModuleCache.noindex/ptrauth-6LKNEW9ANOTJPU0AKS0PY18K8.pcm /Users/marcboyer/Library/Developer/Xcode/DerivedData/ModuleCache.noindex/CoreServices-ER44Z05JP97LKK927MOB36CKK.pcm /Users/marcboyer/Library/Developer/Xcode/DerivedData/ModuleCache.noindex/_Builtin_tgmath-AALSG9A8PRV3ZX3LTHMOQQ41R.pcm /Users/marcboyer/Library/Developer/Xcode/DerivedData/ModuleCache.noindex/MachO-7ERTJK7K3TYYT7SRK2Y6QB7YO.pcm /Users/marcboyer/Library/Developer/Xcode/DerivedData/ModuleCache.noindex/Dispatch-BCJ32STNYT9MYL2ECEAGC5CB0.pcm /Users/marcboyer/Library/Developer/Xcode/DerivedData/ModuleCache.noindex/CoreFoundation-29BRIA07X5D8O6P5W2YKDIK5J.pcm /Users/marcboyer/Library/Developer/Xcode/DerivedData/ModuleCache.noindex/DeveloperToolsSupport-JU72HFV4R1YM6HOR7WRVP00Z.pcm /Users/marcboyer/Library/Developer/Xcode/DerivedData/ModuleCache.noindex/simd-A7TP82AWZLWH8A9LFMDLWUZC0.pcm /Users/marcboyer/Library/Developer/Xcode/DerivedData/ModuleCache.noindex/Darwin-7M4IRKD4EHMXNA7HB5P11PRZ9.pcm /Users/marcboyer/Library/Developer/Xcode/DerivedData/ModuleCache.noindex/CoreImage-2LD2OS2R50PGL3Z3R3FUACYXQ.pcm /Users/marcboyer/Library/Developer/Xcode/DerivedData/ModuleCache.noindex/_DarwinFoundation3-3DRNEJKKY87U2XJHQKIHZUVUM.pcm /Users/marcboyer/Library/Developer/Xcode/DerivedData/ModuleCache.noindex/ptrcheck-7OAVUWEOEYLBIN0E1FHTRCICC.pcm /Users/marcboyer/Library/Developer/Xcode/DerivedData/ModuleCache.noindex/os-CCJ25K10QQXMFMJT4WMZZBF0K.pcm /Users/marcboyer/Library/Developer/Xcode/DerivedData/ModuleCache.noindex/_Builtin_stdint-AZH0V5UOWPS5MN9THL7GJTZ3J.pcm /Users/marcboyer/Library/Developer/Xcode/DerivedData/ModuleCache.noindex/AppKit-7WTL3TNJXHJ9ATS4XWQ7T6HVS.pcm /Users/marcboyer/Library/Developer/Xcode/DerivedData/ModuleCache.noindex/CoreText-6MWIVZWMGGNZH3OUBQ4KL8M59.pcm /Users/marcboyer/Library/Developer/Xcode/DerivedData/ModuleCache.noindex/CoreData-2GTP17ZZEX2WV7NNP35FKMBW9.pcm /Users/marcboyer/Library/Developer/Xcode/DerivedData/ModuleCache.noindex/_Builtin_stdbool-DL0UIHL7EDWMBQ5LP86GVY3OE.pcm /Users/marcboyer/Library/Developer/Xcode/DerivedData/ModuleCache.noindex/_Builtin_intrinsics-7M6HO2YGRMS03NQDOBL3FAXB4.pcm /Users/marcboyer/Library/Developer/Xcode/DerivedData/ModuleCache.noindex/XPC-6GW5OGIFVOG978HVT80B09XP5.pcm /Users/marcboyer/Library/Developer/Xcode/DerivedData/ModuleCache.noindex/_Builtin_stdarg-9M6KJ90MRT2T48WIBN1VHEPLV.pcm /Users/marcboyer/Library/Developer/Xcode/DerivedData/ModuleCache.noindex/_AvailabilityInternal-6UYTXX8HQ2N35FMXG8JSE1V6P.pcm /Users/marcboyer/Library/Developer/Xcode/DerivedData/ModuleCache.noindex/CoreVideo-AMGJGRC9HVBBW4C46M60RZD1D.pcm /Users/marcboyer/Library/Developer/Xcode/DerivedData/ModuleCache.noindex/os_object-BD4LRRKYYYICHP3I3MBAH3JK2.pcm /Users/marcboyer/Library/Developer/Xcode/DerivedData/ModuleCache.noindex/CoreGraphics-D0WHJJR5T4HLPNY7YJRADO6K1.pcm /Users/marcboyer/Library/Developer/Xcode/DerivedData/ModuleCache.noindex/DiskArbitration-2MV6M5A85FKDB5ARHSH4LZ8WQ.pcm /Users/marcboyer/Library/Developer/Xcode/DerivedData/ModuleCache.noindex/ObjectiveC-2UIPDBR61B3OKUZ1ZE8H78S71.pcm /Users/marcboyer/Library/Developer/Xcode/DerivedData/ModuleCache.noindex/Symbols-EY8JZVWKB23S5CE6D6AT7VF1B.pcm /Users/marcboyer/Library/Developer/Xcode/DerivedData/ModuleCache.noindex/Foundation-35ABSMGVGH9JNOEIX2Q9AFL9X.pcm /Users/marcboyer/Library/Developer/Xcode/DerivedData/ModuleCache.noindex/_Builtin_inttypes-CGNDFX3SKFJ3QY9C68ADCLUQ7.pcm /Users/marcboyer/Library/Developer/Xcode/DerivedData/ModuleCache.noindex/Security-CQ3UF9R28JUG6S40IBI1S6T48.pcm /Users/marcboyer/Library/Developer/Xcode/DerivedData/ModuleCache.noindex/_Builtin_stddef-7006AZZ7C9JF1NA4XU5W3ASON.pcm /Users/marcboyer/Library/Developer/Xcode/DerivedData/ModuleCache.noindex/_DarwinFoundation2-EDUAZSB5DO4TE0L585A11LXGG.pcm /Users/marcboyer/Library/Developer/Xcode/DerivedData/ModuleCache.noindex/SwiftUICore-BVFSJVXNZKIKJF4K9O7SI2UHO.pcm /Users/marcboyer/Library/Developer/Xcode/DerivedData/ModuleCache.noindex/IOKit-QD3KGNWMTOMEMGQYZ8PNB52I.pcm /Users/marcboyer/Library/Developer/Xcode/DerivedData/ModuleCache.noindex/ImageIO-9H9BR0RN5UPDTB5JTSOIX6RP5.pcm /Users/marcboyer/Library/Developer/Xcode/DerivedData/ModuleCache.noindex/launch-BN0CZ89YJM7HRGZJSF81ZBIT1.pcm /Users/marcboyer/Library/Developer/Xcode/DerivedData/ModuleCache.noindex/SwiftShims-DOMSMT5IN4IK51PRS8ITAY6O.pcm /Users/marcboyer/Library/Developer/Xcode/DerivedData/ModuleCache.noindex/libkern-3VXO00HRXFV2OGFAM55SXDM6U.pcm /Users/marcboyer/Library/Developer/Xcode/DerivedData/ModuleCache.noindex/_Builtin_limits-71CEB73W6ALH9W5NPHK0DC5RU.pcm /Users/marcboyer/Library/Developer/Xcode/DerivedData/ModuleCache.noindex/libDER-C2H3XBF9RC8GOGIW96LLP97GX.pcm /Users/marcboyer/Library/Developer/Xcode/DerivedData/ModuleCache.noindex/CFNetwork-XBB4FO0CNE6F7NNA9WPPFLN.pcm /Users/marcboyer/Library/Developer/Xcode/DerivedData/ModuleCache.noindex/OpenGL-ENMX2IWUADQ14QLLM1YS7E1M3.pcm /Users/marcboyer/Library/Developer/Xcode/DerivedData/ModuleCache.noindex/sys_types-1HZX57XBDDVG7K1RU9OLUP08Q.pcm /Users/marcboyer/Library/Developer/Xcode/DerivedData/ModuleCache.noindex/OSLog-4HHFDJU5YM3NVR2SI8Q8Z6WGL.pcm /Users/marcboyer/Library/Developer/Xcode/DerivedData/ModuleCache.noindex/CUPS-2GYA6J6GE2PVUCTD5I5H2AGS3.pcm /Users/marcboyer/Library/Developer/Xcode/DerivedData/ModuleCache.noindex/_SwiftConcurrencyShims-CU6HDM3R3QSR40CYAZYF205WH.pcm /Users/marcboyer/Library/Developer/Xcode/DerivedData/ModuleCache.noindex/QuartzCore-DP6A3L77ULNXAE10CG24HQV8H.pcm /Users/marcboyer/Library/Developer/Xcode/DerivedData/ModuleCache.noindex/Spatial-GH752239PJ5TNTPFZNOBHCC8.pcm /Users/marcboyer/Library/Developer/Xcode/DerivedData/ModuleCache.noindex/Metal-DDQG37Z5P44BTZAO16MZ5JVFD.pcm /Users/marcboyer/Library/Developer/Xcode/DerivedData/ModuleCache.noindex/_Builtin_float-8U5LSNYSK83ALIUPULAD07B3M.pcm /Users/marcboyer/Library/Developer/Xcode/DerivedData/LogicAudioAssistant-ffojlzgmrzpdrcamounrzekpyefo/Build/Intermediates.noindex/SwiftExplicitPrecompiledModules/CAtomics-528CKBN64304P8RAZ84340ZOL.pcm /Users/marcboyer/Library/Developer/Xcode/DerivedData/ModuleCache.noindex/os_workgroup-9G165UVZBH6YU4MM5G9BWA3CH.pcm /Users/marcboyer/Library/Developer/Xcode/DerivedData/ModuleCache.noindex/ColorSync-B81Y4SY65REXO6FGBMXWD3CU3.pcm /Users/marcboyer/Library/Developer/Xcode/DerivedData/ModuleCache.noindex/LocalAuthentication-E9GBUGW6EZOL2WM7WN6WIFRNX.pcm /Users/marcboyer/Library/Developer/Xcode/DerivedData/ModuleCache.noindex/DataDetection-9M6AH84LD68NFPX53IOL42ZK8.pcm /Users/marcboyer/Library/Developer/Xcode/DerivedData/ModuleCache.noindex/ApplicationServices-E6V7XXSO26LN106YCLST416ZH.pcm /Users/marcboyer/Library/Developer/Xcode/DerivedData/ModuleCache.noindex/IOSurface-F3LDJ5OQQT4H90XKU3NQR60X3.pcm /Users/marcboyer/Library/Developer/Xcode/DerivedData/ModuleCache.noindex/CoreTransferable-3FYSE7R2DKR68OOKW1915G99F.pcm /Users/marcboyer/Library/Developer/Xcode/DerivedData/ModuleCache.noindex/Accessibility-6L212KU6M6QMDC6S744ADEMJ0.pcm /Users/marcboyer/Library/Developer/Xcode/DerivedData/ModuleCache.noindex/_Builtin_stdatomic-CH4MIHRWFQHHJI1ZCUAIAIEE5.pcm /Users/marcboyer/Library/Developer/Xcode/DerivedData/ModuleCache.noindex/UniformTypeIdentifiers-6V9P7Z14KC8BUX362J1KTXIQ.pcm /Users/marcboyer/Library/Developer/Xcode/DerivedData/ModuleCache.noindex/_DarwinFoundation1-F2XQKK1WR6CG48BN6IGXWNNNF.pcm /Users/marcboyer/Library/Developer/Xcode/DerivedData/LogicAudioAssistant-ffojlzgmrzpdrcamounrzekpyefo/Build/Intermediates.noindex/LogicAudioAssistant.build/Release/TutorLogicObserver.build/Objects-normal/arm64/TutorLogicObserver-dependencies-1.json (in target 'TutorLogicObserver' from project 'LogicAudioAssistant' at path '/Users/marcboyer/LogicAudioAssistant/Package.swift')

SwiftCompile normal arm64 /Users/marcboyer/LogicAudioAssistant/packages/TutorLogicObserver/Sources/TutorLogicObserver/LogicReadOnlyObserver.swift (in target 'TutorLogicObserver' from project 'LogicAudioAssistant' at path '/Users/marcboyer/LogicAudioAssistant/Package.swift')
    cd /Users/marcboyer/LogicAudioAssistant/LogicAudioAssistant.xcodeproj
    

SwiftDriverJobDiscovery normal arm64 Compiling LogicReadOnlyObserver.swift (in target 'TutorLogicObserver' from project 'LogicAudioAssistant' at path '/Users/marcboyer/LogicAudioAssistant/Package.swift')

SwiftDriver\ Compilation\ Requirements TutorLogicObserver normal arm64 com.apple.xcode.tools.swift.compiler (in target 'TutorLogicObserver' from project 'LogicAudioAssistant' at path '/Users/marcboyer/LogicAudioAssistant/Package.swift')
    cd /Users/marcboyer/LogicAudioAssistant/LogicAudioAssistant.xcodeproj
    builtin-Swift-Compilation-Requirements -- /Applications/Xcode.app/Contents/Developer/Toolchains/XcodeDefault.xctoolchain/usr/bin/swiftc -module-name TutorLogicObserver -O -whole-module-optimization @/Users/marcboyer/Library/Developer/Xcode/DerivedData/LogicAudioAssistant-ffojlzgmrzpdrcamounrzekpyefo/Build/Intermediates.noindex/LogicAudioAssistant.build/Release/TutorLogicObserver.build/Objects-normal/arm64/TutorLogicObserver.SwiftFileList -DSWIFT_PACKAGE -DSWIFT_MODULE_RESOURCE_BUNDLE_UNAVAILABLE -Xcc -fmodule-map-file\=/Users/marcboyer/Library/Developer/Xcode/DerivedData/LogicAudioAssistant-ffojlzgmrzpdrcamounrzekpyefo/Build/Intermediates.noindex/GeneratedModuleMaps/CAtomics.modulemap -DXcode -plugin-path /Applications/Xcode.app/Contents/Developer/Toolchains/XcodeDefault.xctoolchain/usr/lib/swift/host/plugins/testing -enable-experimental-feature DebugDescriptionMacro -sdk /Applications/Xcode.app/Contents/Developer/Platforms/MacOSX.platform/Developer/SDKs/MacOSX26.5.sdk -target arm64-apple-macos14.0 -g -module-cache-path /Users/marcboyer/Library/Developer/Xcode/DerivedData/ModuleCache.noindex -Xfrontend -serialize-debugging-options -swift-version 6 -I /Users/marcboyer/Library/Developer/Xcode/DerivedData/LogicAudioAssistant-ffojlzgmrzpdrcamounrzekpyefo/Build/Products/Release -Isystem /Applications/Xcode.app/Contents/Developer/Platforms/MacOSX.platform/Developer/usr/lib -F /Users/marcboyer/Library/Developer/Xcode/DerivedData/LogicAudioAssistant-ffojlzgmrzpdrcamounrzekpyefo/Build/Products/Release/PackageFrameworks -F /Users/marcboyer/Library/Developer/Xcode/DerivedData/LogicAudioAssistant-ffojlzgmrzpdrcamounrzekpyefo/Build/Products/Release/PackageFrameworks -F /Users/marcboyer/Library/Developer/Xcode/DerivedData/LogicAudioAssistant-ffojlzgmrzpdrcamounrzekpyefo/Build/Products/Release/PackageFrameworks -F /Users/marcboyer/Library/Developer/Xcode/DerivedData/LogicAudioAssistant-ffojlzgmrzpdrcamounrzekpyefo/Build/Products/Release/PackageFrameworks -F /Users/marcboyer/Library/Developer/Xcode/DerivedData/LogicAudioAssistant-ffojlzgmrzpdrcamounrzekpyefo/Build/Products/Release/PackageFrameworks -F /Users/marcboyer/Library/Developer/Xcode/DerivedData/LogicAudioAssistant-ffojlzgmrzpdrcamounrzekpyefo/Build/Products/Release/PackageFrameworks -F /Users/marcboyer/Library/Developer/Xcode/DerivedData/LogicAudioAssistant-ffojlzgmrzpdrcamounrzekpyefo/Build/Products/Release/PackageFrameworks -F /Users/marcboyer/Library/Developer/Xcode/DerivedData/LogicAudioAssistant-ffojlzgmrzpdrcamounrzekpyefo/Build/Products/Release/PackageFrameworks -F /Users/marcboyer/Library/Developer/Xcode/DerivedData/LogicAudioAssistant-ffojlzgmrzpdrcamounrzekpyefo/Build/Products/Release/PackageFrameworks -F /Users/marcboyer/Library/Developer/Xcode/DerivedData/LogicAudioAssistant-ffojlzgmrzpdrcamounrzekpyefo/Build/Products/Release -F /Applications/Xcode.app/Contents/Developer/Platforms/MacOSX.platform/Developer/Library/Frameworks -parse-as-library -c -num-threads 10 -Xcc -ivfsstatcache -Xcc /Users/marcboyer/Library/Developer/Xcode/DerivedData/SDKStatCaches.noindex/macosx26.5-25F70-e082c4a02f00227109f4ed75e425c832.sdkstatcache -output-file-map /Users/marcboyer/Library/Developer/Xcode/DerivedData/LogicAudioAssistant-ffojlzgmrzpdrcamounrzekpyefo/Build/Intermediates.noindex/LogicAudioAssistant.build/Release/TutorLogicObserver.build/Objects-normal/arm64/TutorLogicObserver-OutputFileMap.json -use-frontend-parseable-output -save-temps -no-color-diagnostics -explicit-module-build -module-cache-path /Users/marcboyer/Library/Developer/Xcode/DerivedData/LogicAudioAssistant-ffojlzgmrzpdrcamounrzekpyefo/Build/Intermediates.noindex/SwiftExplicitPrecompiledModules -clang-scanner-module-cache-path /Users/marcboyer/Library/Developer/Xcode/DerivedData/ModuleCache.noindex -sdk-module-cache-path /Users/marcboyer/Library/Developer/Xcode/DerivedData/ModuleCache.noindex -serialize-diagnostics -emit-dependencies -emit-module -emit-module-path /Users/marcboyer/Library/Developer/Xcode/DerivedData/LogicAudioAssistant-ffojlzgmrzpdrcamounrzekpyefo/Build/Intermediates.noindex/LogicAudioAssistant.build/Release/TutorLogicObserver.build/Objects-normal/arm64/TutorLogicObserver.swiftmodule -validate-clang-modules-once -clang-build-session-file /Users/marcboyer/Library/Developer/Xcode/DerivedData/ModuleCache.noindex/Session.modulevalidation -package-name logicaudioassistant -Xcc -I/Users/marcboyer/Library/Developer/Xcode/DerivedData/LogicAudioAssistant-ffojlzgmrzpdrcamounrzekpyefo/Build/Intermediates.noindex/LogicAudioAssistant.build/Release/TutorLogicObserver.build/swift-overrides.hmap -emit-const-values -Xfrontend -const-gather-protocols-file -Xfrontend /Users/marcboyer/Library/Developer/Xcode/DerivedData/LogicAudioAssistant-ffojlzgmrzpdrcamounrzekpyefo/Build/Intermediates.noindex/LogicAudioAssistant.build/Release/TutorLogicObserver.build/Objects-normal/arm64/TutorLogicObserver_const_extract_protocols.json -Xcc -I/Users/marcboyer/LogicAudioAssistant/packages/CAtomics/include -Xcc -I/Users/marcboyer/Library/Developer/Xcode/DerivedData/LogicAudioAssistant-ffojlzgmrzpdrcamounrzekpyefo/Build/Products/Release/include -Xcc -I/Users/marcboyer/Library/Developer/Xcode/DerivedData/LogicAudioAssistant-ffojlzgmrzpdrcamounrzekpyefo/Build/Intermediates.noindex/LogicAudioAssistant.build/Release/TutorLogicObserver.build/DerivedSources-normal/arm64 -Xcc -I/Users/marcboyer/Library/Developer/Xcode/DerivedData/LogicAudioAssistant-ffojlzgmrzpdrcamounrzekpyefo/Build/Intermediates.noindex/LogicAudioAssistant.build/Release/TutorLogicObserver.build/DerivedSources/arm64 -Xcc -I/Users/marcboyer/Library/Developer/Xcode/DerivedData/LogicAudioAssistant-ffojlzgmrzpdrcamounrzekpyefo/Build/Intermediates.noindex/LogicAudioAssistant.build/Release/TutorLogicObserver.build/DerivedSources -Xcc -DSWIFT_PACKAGE -emit-objc-header -emit-objc-header-path /Users/marcboyer/Library/Developer/Xcode/DerivedData/LogicAudioAssistant-ffojlzgmrzpdrcamounrzekpyefo/Build/Intermediates.noindex/LogicAudioAssistant.build/Release/TutorLogicObserver.build/Objects-normal/arm64/TutorLogicObserver-Swift.h -working-directory /Users/marcboyer/LogicAudioAssistant/LogicAudioAssistant.xcodeproj -no-emit-module-separately-wmo

Copy /Users/marcboyer/Library/Developer/Xcode/DerivedData/LogicAudioAssistant-ffojlzgmrzpdrcamounrzekpyefo/Build/Products/Release/TutorLogicObserver.swiftmodule/arm64-apple-macos.abi.json /Users/marcboyer/Library/Developer/Xcode/DerivedData/LogicAudioAssistant-ffojlzgmrzpdrcamounrzekpyefo/Build/Intermediates.noindex/LogicAudioAssistant.build/Release/TutorLogicObserver.build/Objects-normal/arm64/TutorLogicObserver.abi.json (in target 'TutorLogicObserver' from project 'LogicAudioAssistant' at path '/Users/marcboyer/LogicAudioAssistant/Package.swift')
    cd /Users/marcboyer/LogicAudioAssistant
    builtin-copy -exclude .DS_Store -exclude CVS -exclude .svn -exclude .git -exclude .hg -strip-unsigned-binaries -strip-deterministic -strip-tool /Applications/Xcode.app/Contents/Developer/Toolchains/XcodeDefault.xctoolchain/usr/bin/strip -resolve-src-symlinks -rename /Users/marcboyer/Library/Developer/Xcode/DerivedData/LogicAudioAssistant-ffojlzgmrzpdrcamounrzekpyefo/Build/Intermediates.noindex/LogicAudioAssistant.build/Release/TutorLogicObserver.build/Objects-normal/arm64/TutorLogicObserver.abi.json /Users/marcboyer/Library/Developer/Xcode/DerivedData/LogicAudioAssistant-ffojlzgmrzpdrcamounrzekpyefo/Build/Products/Release/TutorLogicObserver.swiftmodule/arm64-apple-macos.abi.json

SwiftDriver\ Compilation TutorLogicObserver normal arm64 com.apple.xcode.tools.swift.compiler (in target 'TutorLogicObserver' from project 'LogicAudioAssistant' at path '/Users/marcboyer/LogicAudioAssistant/Package.swift')
    cd /Users/marcboyer/LogicAudioAssistant/LogicAudioAssistant.xcodeproj
    builtin-Swift-Compilation -- /Applications/Xcode.app/Contents/Developer/Toolchains/XcodeDefault.xctoolchain/usr/bin/swiftc -module-name TutorLogicObserver -O -whole-module-optimization @/Users/marcboyer/Library/Developer/Xcode/DerivedData/LogicAudioAssistant-ffojlzgmrzpdrcamounrzekpyefo/Build/Intermediates.noindex/LogicAudioAssistant.build/Release/TutorLogicObserver.build/Objects-normal/arm64/TutorLogicObserver.SwiftFileList -DSWIFT_PACKAGE -DSWIFT_MODULE_RESOURCE_BUNDLE_UNAVAILABLE -Xcc -fmodule-map-file\=/Users/marcboyer/Library/Developer/Xcode/DerivedData/LogicAudioAssistant-ffojlzgmrzpdrcamounrzekpyefo/Build/Intermediates.noindex/GeneratedModuleMaps/CAtomics.modulemap -DXcode -plugin-path /Applications/Xcode.app/Contents/Developer/Toolchains/XcodeDefault.xctoolchain/usr/lib/swift/host/plugins/testing -enable-experimental-feature DebugDescriptionMacro -sdk /Applications/Xcode.app/Contents/Developer/Platforms/MacOSX.platform/Developer/SDKs/MacOSX26.5.sdk -target arm64-apple-macos14.0 -g -module-cache-path /Users/marcboyer/Library/Developer/Xcode/DerivedData/ModuleCache.noindex -Xfrontend -serialize-debugging-options -swift-version 6 -I /Users/marcboyer/Library/Developer/Xcode/DerivedData/LogicAudioAssistant-ffojlzgmrzpdrcamounrzekpyefo/Build/Products/Release -Isystem /Applications/Xcode.app/Contents/Developer/Platforms/MacOSX.platform/Developer/usr/lib -F /Users/marcboyer/Library/Developer/Xcode/DerivedData/LogicAudioAssistant-ffojlzgmrzpdrcamounrzekpyefo/Build/Products/Release/PackageFrameworks -F /Users/marcboyer/Library/Developer/Xcode/DerivedData/LogicAudioAssistant-ffojlzgmrzpdrcamounrzekpyefo/Build/Products/Release/PackageFrameworks -F /Users/marcboyer/Library/Developer/Xcode/DerivedData/LogicAudioAssistant-ffojlzgmrzpdrcamounrzekpyefo/Build/Products/Release/PackageFrameworks -F /Users/marcboyer/Library/Developer/Xcode/DerivedData/LogicAudioAssistant-ffojlzgmrzpdrcamounrzekpyefo/Build/Products/Release/PackageFrameworks -F /Users/marcboyer/Library/Developer/Xcode/DerivedData/LogicAudioAssistant-ffojlzgmrzpdrcamounrzekpyefo/Build/Products/Release/PackageFrameworks -F /Users/marcboyer/Library/Developer/Xcode/DerivedData/LogicAudioAssistant-ffojlzgmrzpdrcamounrzekpyefo/Build/Products/Release/PackageFrameworks -F /Users/marcboyer/Library/Developer/Xcode/DerivedData/LogicAudioAssistant-ffojlzgmrzpdrcamounrzekpyefo/Build/Products/Release/PackageFrameworks -F /Users/marcboyer/Library/Developer/Xcode/DerivedData/LogicAudioAssistant-ffojlzgmrzpdrcamounrzekpyefo/Build/Products/Release/PackageFrameworks -F /Users/marcboyer/Library/Developer/Xcode/DerivedData/LogicAudioAssistant-ffojlzgmrzpdrcamounrzekpyefo/Build/Products/Release/PackageFrameworks -F /Users/marcboyer/Library/Developer/Xcode/DerivedData/LogicAudioAssistant-ffojlzgmrzpdrcamounrzekpyefo/Build/Products/Release -F /Applications/Xcode.app/Contents/Developer/Platforms/MacOSX.platform/Developer/Library/Frameworks -parse-as-library -c -num-threads 10 -Xcc -ivfsstatcache -Xcc /Users/marcboyer/Library/Developer/Xcode/DerivedData/SDKStatCaches.noindex/macosx26.5-25F70-e082c4a02f00227109f4ed75e425c832.sdkstatcache -output-file-map /Users/marcboyer/Library/Developer/Xcode/DerivedData/LogicAudioAssistant-ffojlzgmrzpdrcamounrzekpyefo/Build/Intermediates.noindex/LogicAudioAssistant.build/Release/TutorLogicObserver.build/Objects-normal/arm64/TutorLogicObserver-OutputFileMap.json -use-frontend-parseable-output -save-temps -no-color-diagnostics -explicit-module-build -module-cache-path /Users/marcboyer/Library/Developer/Xcode/DerivedData/LogicAudioAssistant-ffojlzgmrzpdrcamounrzekpyefo/Build/Intermediates.noindex/SwiftExplicitPrecompiledModules -clang-scanner-module-cache-path /Users/marcboyer/Library/Developer/Xcode/DerivedData/ModuleCache.noindex -sdk-module-cache-path /Users/marcboyer/Library/Developer/Xcode/DerivedData/ModuleCache.noindex -serialize-diagnostics -emit-dependencies -emit-module -emit-module-path /Users/marcboyer/Library/Developer/Xcode/DerivedData/LogicAudioAssistant-ffojlzgmrzpdrcamounrzekpyefo/Build/Intermediates.noindex/LogicAudioAssistant.build/Release/TutorLogicObserver.build/Objects-normal/arm64/TutorLogicObserver.swiftmodule -validate-clang-modules-once -clang-build-session-file /Users/marcboyer/Library/Developer/Xcode/DerivedData/ModuleCache.noindex/Session.modulevalidation -package-name logicaudioassistant -Xcc -I/Users/marcboyer/Library/Developer/Xcode/DerivedData/LogicAudioAssistant-ffojlzgmrzpdrcamounrzekpyefo/Build/Intermediates.noindex/LogicAudioAssistant.build/Release/TutorLogicObserver.build/swift-overrides.hmap -emit-const-values -Xfrontend -const-gather-protocols-file -Xfrontend /Users/marcboyer/Library/Developer/Xcode/DerivedData/LogicAudioAssistant-ffojlzgmrzpdrcamounrzekpyefo/Build/Intermediates.noindex/LogicAudioAssistant.build/Release/TutorLogicObserver.build/Objects-normal/arm64/TutorLogicObserver_const_extract_protocols.json -Xcc -I/Users/marcboyer/LogicAudioAssistant/packages/CAtomics/include -Xcc -I/Users/marcboyer/Library/Developer/Xcode/DerivedData/LogicAudioAssistant-ffojlzgmrzpdrcamounrzekpyefo/Build/Products/Release/include -Xcc -I/Users/marcboyer/Library/Developer/Xcode/DerivedData/LogicAudioAssistant-ffojlzgmrzpdrcamounrzekpyefo/Build/Intermediates.noindex/LogicAudioAssistant.build/Release/TutorLogicObserver.build/DerivedSources-normal/arm64 -Xcc -I/Users/marcboyer/Library/Developer/Xcode/DerivedData/LogicAudioAssistant-ffojlzgmrzpdrcamounrzekpyefo/Build/Intermediates.noindex/LogicAudioAssistant.build/Release/TutorLogicObserver.build/DerivedSources/arm64 -Xcc -I/Users/marcboyer/Library/Developer/Xcode/DerivedData/LogicAudioAssistant-ffojlzgmrzpdrcamounrzekpyefo/Build/Intermediates.noindex/LogicAudioAssistant.build/Release/TutorLogicObserver.build/DerivedSources -Xcc -DSWIFT_PACKAGE -emit-objc-header -emit-objc-header-path /Users/marcboyer/Library/Developer/Xcode/DerivedData/LogicAudioAssistant-ffojlzgmrzpdrcamounrzekpyefo/Build/Intermediates.noindex/LogicAudioAssistant.build/Release/TutorLogicObserver.build/Objects-normal/arm64/TutorLogicObserver-Swift.h -working-directory /Users/marcboyer/LogicAudioAssistant/LogicAudioAssistant.xcodeproj -no-emit-module-separately-wmo

SwiftDriver CompanionMacApp normal arm64 com.apple.xcode.tools.swift.compiler (in target 'CompanionMacApp' from project 'LogicAudioAssistant' at path '/Users/marcboyer/LogicAudioAssistant/LogicAudioAssistant.xcodeproj')
    cd /Users/marcboyer/LogicAudioAssistant
    builtin-SwiftDriver -- /Applications/Xcode.app/Contents/Developer/Toolchains/XcodeDefault.xctoolchain/usr/bin/swiftc -module-name Logic_Audio_Assistant -O -whole-module-optimization @/Users/marcboyer/Library/Developer/Xcode/DerivedData/LogicAudioAssistant-ffojlzgmrzpdrcamounrzekpyefo/Build/Intermediates.noindex/LogicAudioAssistant.build/Release/CompanionMacApp.build/Objects-normal/arm64/Logic\ Audio\ Assistant.SwiftFileList -Xcc -fmodule-map-file\=/Users/marcboyer/Library/Developer/Xcode/DerivedData/LogicAudioAssistant-ffojlzgmrzpdrcamounrzekpyefo/Build/Intermediates.noindex/GeneratedModuleMaps/CAtomics.modulemap -enable-experimental-feature DebugDescriptionMacro -sdk /Applications/Xcode.app/Contents/Developer/Platforms/MacOSX.platform/Developer/SDKs/MacOSX26.5.sdk -target arm64-apple-macos14.0 -g -module-cache-path /Users/marcboyer/Library/Developer/Xcode/DerivedData/ModuleCache.noindex -Xfrontend -serialize-debugging-options -swift-version 6 -I /Users/marcboyer/Library/Developer/Xcode/DerivedData/LogicAudioAssistant-ffojlzgmrzpdrcamounrzekpyefo/Build/Products/Release -F /Users/marcboyer/Library/Developer/Xcode/DerivedData/LogicAudioAssistant-ffojlzgmrzpdrcamounrzekpyefo/Build/Products/Release/PackageFrameworks -F /Users/marcboyer/Library/Developer/Xcode/DerivedData/LogicAudioAssistant-ffojlzgmrzpdrcamounrzekpyefo/Build/Products/Release/PackageFrameworks -F /Users/marcboyer/Library/Developer/Xcode/DerivedData/LogicAudioAssistant-ffojlzgmrzpdrcamounrzekpyefo/Build/Products/Release/PackageFrameworks -F /Users/marcboyer/Library/Developer/Xcode/DerivedData/LogicAudioAssistant-ffojlzgmrzpdrcamounrzekpyefo/Build/Products/Release/PackageFrameworks -F /Users/marcboyer/Library/Developer/Xcode/DerivedData/LogicAudioAssistant-ffojlzgmrzpdrcamounrzekpyefo/Build/Products/Release/PackageFrameworks -F /Users/marcboyer/Library/Developer/Xcode/DerivedData/LogicAudioAssistant-ffojlzgmrzpdrcamounrzekpyefo/Build/Products/Release/PackageFrameworks -F /Users/marcboyer/Library/Developer/Xcode/DerivedData/LogicAudioAssistant-ffojlzgmrzpdrcamounrzekpyefo/Build/Products/Release/PackageFrameworks -F /Users/marcboyer/Library/Developer/Xcode/DerivedData/LogicAudioAssistant-ffojlzgmrzpdrcamounrzekpyefo/Build/Products/Release/PackageFrameworks -F /Users/marcboyer/Library/Developer/Xcode/DerivedData/LogicAudioAssistant-ffojlzgmrzpdrcamounrzekpyefo/Build/Products/Release/PackageFrameworks -F /Users/marcboyer/Library/Developer/Xcode/DerivedData/LogicAudioAssistant-ffojlzgmrzpdrcamounrzekpyefo/Build/Products/Release/PackageFrameworks -F /Users/marcboyer/Library/Developer/Xcode/DerivedData/LogicAudioAssistant-ffojlzgmrzpdrcamounrzekpyefo/Build/Products/Release/PackageFrameworks -F /Users/marcboyer/Library/Developer/Xcode/DerivedData/LogicAudioAssistant-ffojlzgmrzpdrcamounrzekpyefo/Build/Products/Release/PackageFrameworks -F /Users/marcboyer/Library/Developer/Xcode/DerivedData/LogicAudioAssistant-ffojlzgmrzpdrcamounrzekpyefo/Build/Products/Release/PackageFrameworks -F /Users/marcboyer/Library/Developer/Xcode/DerivedData/LogicAudioAssistant-ffojlzgmrzpdrcamounrzekpyefo/Build/Products/Release/PackageFrameworks -F /Users/marcboyer/Library/Developer/Xcode/DerivedData/LogicAudioAssistant-ffojlzgmrzpdrcamounrzekpyefo/Build/Products/Release/PackageFrameworks -F /Users/marcboyer/Library/Developer/Xcode/DerivedData/LogicAudioAssistant-ffojlzgmrzpdrcamounrzekpyefo/Build/Products/Release/PackageFrameworks -F /Users/marcboyer/Library/Developer/Xcode/DerivedData/LogicAudioAssistant-ffojlzgmrzpdrcamounrzekpyefo/Build/Products/Release -c -num-threads 10 -Xcc -ivfsstatcache -Xcc /Users/marcboyer/Library/Developer/Xcode/DerivedData/SDKStatCaches.noindex/macosx26.5-25F70-e082c4a02f00227109f4ed75e425c832.sdkstatcache -output-file-map /Users/marcboyer/Library/Developer/Xcode/DerivedData/LogicAudioAssistant-ffojlzgmrzpdrcamounrzekpyefo/Build/Intermediates.noindex/LogicAudioAssistant.build/Release/CompanionMacApp.build/Objects-normal/arm64/CompanionMacApp-OutputFileMap.json -use-frontend-parseable-output -save-temps -no-color-diagnostics -explicit-module-build -module-cache-path /Users/marcboyer/Library/Developer/Xcode/DerivedData/LogicAudioAssistant-ffojlzgmrzpdrcamounrzekpyefo/Build/Intermediates.noindex/SwiftExplicitPrecompiledModules -clang-scanner-module-cache-path /Users/marcboyer/Library/Developer/Xcode/DerivedData/ModuleCache.noindex -sdk-module-cache-path /Users/marcboyer/Library/Developer/Xcode/DerivedData/ModuleCache.noindex -serialize-diagnostics -emit-dependencies -emit-module -emit-module-path /Users/marcboyer/Library/Developer/Xcode/DerivedData/LogicAudioAssistant-ffojlzgmrzpdrcamounrzekpyefo/Build/Intermediates.noindex/LogicAudioAssistant.build/Release/CompanionMacApp.build/Objects-normal/arm64/Logic_Audio_Assistant.swiftmodule -validate-clang-modules-once -clang-build-session-file /Users/marcboyer/Library/Developer/Xcode/DerivedData/ModuleCache.noindex/Session.modulevalidation -Xcc -I/Users/marcboyer/Library/Developer/Xcode/DerivedData/LogicAudioAssistant-ffojlzgmrzpdrcamounrzekpyefo/Build/Intermediates.noindex/LogicAudioAssistant.build/Release/CompanionMacApp.build/swift-overrides.hmap -emit-const-values -Xfrontend -const-gather-protocols-file -Xfrontend /Users/marcboyer/Library/Developer/Xcode/DerivedData/LogicAudioAssistant-ffojlzgmrzpdrcamounrzekpyefo/Build/Intermediates.noindex/LogicAudioAssistant.build/Release/CompanionMacApp.build/Objects-normal/arm64/CompanionMacApp_const_extract_protocols.json -Xcc -iquote -Xcc /Users/marcboyer/Library/Developer/Xcode/DerivedData/LogicAudioAssistant-ffojlzgmrzpdrcamounrzekpyefo/Build/Intermediates.noindex/LogicAudioAssistant.build/Release/CompanionMacApp.build/Logic\ Audio\ Assistant-generated-files.hmap -Xcc -I/Users/marcboyer/Library/Developer/Xcode/DerivedData/LogicAudioAssistant-ffojlzgmrzpdrcamounrzekpyefo/Build/Intermediates.noindex/LogicAudioAssistant.build/Release/CompanionMacApp.build/Logic\ Audio\ Assistant-own-target-headers.hmap -Xcc -I/Users/marcboyer/Library/Developer/Xcode/DerivedData/LogicAudioAssistant-ffojlzgmrzpdrcamounrzekpyefo/Build/Intermediates.noindex/LogicAudioAssistant.build/Release/CompanionMacApp.build/Logic\ Audio\ Assistant-all-non-framework-target-headers.hmap -Xcc -ivfsoverlay -Xcc /Users/marcboyer/Library/Developer/Xcode/DerivedData/LogicAudioAssistant-ffojlzgmrzpdrcamounrzekpyefo/Build/Intermediates.noindex/LogicAudioAssistant.build/Release/LogicAudioAssistant-ad80f5d6a5c2eb78a281f1b37698cd26-VFS/all-product-headers.yaml -Xcc -iquote -Xcc /Users/marcboyer/Library/Developer/Xcode/DerivedData/LogicAudioAssistant-ffojlzgmrzpdrcamounrzekpyefo/Build/Intermediates.noindex/LogicAudioAssistant.build/Release/CompanionMacApp.build/Logic\ Audio\ Assistant-project-headers.hmap -Xcc -I/Users/marcboyer/LogicAudioAssistant/packages/CAtomics/include -Xcc -I/Users/marcboyer/Library/Developer/Xcode/DerivedData/LogicAudioAssistant-ffojlzgmrzpdrcamounrzekpyefo/Build/Products/Release/include -Xcc -I/Users/marcboyer/Library/Developer/Xcode/DerivedData/LogicAudioAssistant-ffojlzgmrzpdrcamounrzekpyefo/Build/Intermediates.noindex/LogicAudioAssistant.build/Release/CompanionMacApp.build/DerivedSources-normal/arm64 -Xcc -I/Users/marcboyer/Library/Developer/Xcode/DerivedData/LogicAudioAssistant-ffojlzgmrzpdrcamounrzekpyefo/Build/Intermediates.noindex/LogicAudioAssistant.build/Release/CompanionMacApp.build/DerivedSources/arm64 -Xcc -I/Users/marcboyer/Library/Developer/Xcode/DerivedData/LogicAudioAssistant-ffojlzgmrzpdrcamounrzekpyefo/Build/Intermediates.noindex/LogicAudioAssistant.build/Release/CompanionMacApp.build/DerivedSources -emit-objc-header -emit-objc-header-path /Users/marcboyer/Library/Developer/Xcode/DerivedData/LogicAudioAssistant-ffojlzgmrzpdrcamounrzekpyefo/Build/Intermediates.noindex/LogicAudioAssistant.build/Release/CompanionMacApp.build/Objects-normal/arm64/Logic_Audio_Assistant-Swift.h -working-directory /Users/marcboyer/LogicAudioAssistant -no-emit-module-separately-wmo

SwiftDriver\ Compilation CompanionMacApp normal arm64 com.apple.xcode.tools.swift.compiler (in target 'CompanionMacApp' from project 'LogicAudioAssistant' at path '/Users/marcboyer/LogicAudioAssistant/LogicAudioAssistant.xcodeproj')
    cd /Users/marcboyer/LogicAudioAssistant
    builtin-Swift-Compilation -- /Applications/Xcode.app/Contents/Developer/Toolchains/XcodeDefault.xctoolchain/usr/bin/swiftc -module-name Logic_Audio_Assistant -O -whole-module-optimization @/Users/marcboyer/Library/Developer/Xcode/DerivedData/LogicAudioAssistant-ffojlzgmrzpdrcamounrzekpyefo/Build/Intermediates.noindex/LogicAudioAssistant.build/Release/CompanionMacApp.build/Objects-normal/arm64/Logic\ Audio\ Assistant.SwiftFileList -Xcc -fmodule-map-file\=/Users/marcboyer/Library/Developer/Xcode/DerivedData/LogicAudioAssistant-ffojlzgmrzpdrcamounrzekpyefo/Build/Intermediates.noindex/GeneratedModuleMaps/CAtomics.modulemap -enable-experimental-feature DebugDescriptionMacro -sdk /Applications/Xcode.app/Contents/Developer/Platforms/MacOSX.platform/Developer/SDKs/MacOSX26.5.sdk -target arm64-apple-macos14.0 -g -module-cache-path /Users/marcboyer/Library/Developer/Xcode/DerivedData/ModuleCache.noindex -Xfrontend -serialize-debugging-options -swift-version 6 -I /Users/marcboyer/Library/Developer/Xcode/DerivedData/LogicAudioAssistant-ffojlzgmrzpdrcamounrzekpyefo/Build/Products/Release -F /Users/marcboyer/Library/Developer/Xcode/DerivedData/LogicAudioAssistant-ffojlzgmrzpdrcamounrzekpyefo/Build/Products/Release/PackageFrameworks -F /Users/marcboyer/Library/Developer/Xcode/DerivedData/LogicAudioAssistant-ffojlzgmrzpdrcamounrzekpyefo/Build/Products/Release/PackageFrameworks -F /Users/marcboyer/Library/Developer/Xcode/DerivedData/LogicAudioAssistant-ffojlzgmrzpdrcamounrzekpyefo/Build/Products/Release/PackageFrameworks -F /Users/marcboyer/Library/Developer/Xcode/DerivedData/LogicAudioAssistant-ffojlzgmrzpdrcamounrzekpyefo/Build/Products/Release/PackageFrameworks -F /Users/marcboyer/Library/Developer/Xcode/DerivedData/LogicAudioAssistant-ffojlzgmrzpdrcamounrzekpyefo/Build/Products/Release/PackageFrameworks -F /Users/marcboyer/Library/Developer/Xcode/DerivedData/LogicAudioAssistant-ffojlzgmrzpdrcamounrzekpyefo/Build/Products/Release/PackageFrameworks -F /Users/marcboyer/Library/Developer/Xcode/DerivedData/LogicAudioAssistant-ffojlzgmrzpdrcamounrzekpyefo/Build/Products/Release/PackageFrameworks -F /Users/marcboyer/Library/Developer/Xcode/DerivedData/LogicAudioAssistant-ffojlzgmrzpdrcamounrzekpyefo/Build/Products/Release/PackageFrameworks -F /Users/marcboyer/Library/Developer/Xcode/DerivedData/LogicAudioAssistant-ffojlzgmrzpdrcamounrzekpyefo/Build/Products/Release/PackageFrameworks -F /Users/marcboyer/Library/Developer/Xcode/DerivedData/LogicAudioAssistant-ffojlzgmrzpdrcamounrzekpyefo/Build/Products/Release/PackageFrameworks -F /Users/marcboyer/Library/Developer/Xcode/DerivedData/LogicAudioAssistant-ffojlzgmrzpdrcamounrzekpyefo/Build/Products/Release/PackageFrameworks -F /Users/marcboyer/Library/Developer/Xcode/DerivedData/LogicAudioAssistant-ffojlzgmrzpdrcamounrzekpyefo/Build/Products/Release/PackageFrameworks -F /Users/marcboyer/Library/Developer/Xcode/DerivedData/LogicAudioAssistant-ffojlzgmrzpdrcamounrzekpyefo/Build/Products/Release/PackageFrameworks -F /Users/marcboyer/Library/Developer/Xcode/DerivedData/LogicAudioAssistant-ffojlzgmrzpdrcamounrzekpyefo/Build/Products/Release/PackageFrameworks -F /Users/marcboyer/Library/Developer/Xcode/DerivedData/LogicAudioAssistant-ffojlzgmrzpdrcamounrzekpyefo/Build/Products/Release/PackageFrameworks -F /Users/marcboyer/Library/Developer/Xcode/DerivedData/LogicAudioAssistant-ffojlzgmrzpdrcamounrzekpyefo/Build/Products/Release/PackageFrameworks -F /Users/marcboyer/Library/Developer/Xcode/DerivedData/LogicAudioAssistant-ffojlzgmrzpdrcamounrzekpyefo/Build/Products/Release -c -num-threads 10 -Xcc -ivfsstatcache -Xcc /Users/marcboyer/Library/Developer/Xcode/DerivedData/SDKStatCaches.noindex/macosx26.5-25F70-e082c4a02f00227109f4ed75e425c832.sdkstatcache -output-file-map /Users/marcboyer/Library/Developer/Xcode/DerivedData/LogicAudioAssistant-ffojlzgmrzpdrcamounrzekpyefo/Build/Intermediates.noindex/LogicAudioAssistant.build/Release/CompanionMacApp.build/Objects-normal/arm64/CompanionMacApp-OutputFileMap.json -use-frontend-parseable-output -save-temps -no-color-diagnostics -explicit-module-build -module-cache-path /Users/marcboyer/Library/Developer/Xcode/DerivedData/LogicAudioAssistant-ffojlzgmrzpdrcamounrzekpyefo/Build/Intermediates.noindex/SwiftExplicitPrecompiledModules -clang-scanner-module-cache-path /Users/marcboyer/Library/Developer/Xcode/DerivedData/ModuleCache.noindex -sdk-module-cache-path /Users/marcboyer/Library/Developer/Xcode/DerivedData/ModuleCache.noindex -serialize-diagnostics -emit-dependencies -emit-module -emit-module-path /Users/marcboyer/Library/Developer/Xcode/DerivedData/LogicAudioAssistant-ffojlzgmrzpdrcamounrzekpyefo/Build/Intermediates.noindex/LogicAudioAssistant.build/Release/CompanionMacApp.build/Objects-normal/arm64/Logic_Audio_Assistant.swiftmodule -validate-clang-modules-once -clang-build-session-file /Users/marcboyer/Library/Developer/Xcode/DerivedData/ModuleCache.noindex/Session.modulevalidation -Xcc -I/Users/marcboyer/Library/Developer/Xcode/DerivedData/LogicAudioAssistant-ffojlzgmrzpdrcamounrzekpyefo/Build/Intermediates.noindex/LogicAudioAssistant.build/Release/CompanionMacApp.build/swift-overrides.hmap -emit-const-values -Xfrontend -const-gather-protocols-file -Xfrontend /Users/marcboyer/Library/Developer/Xcode/DerivedData/LogicAudioAssistant-ffojlzgmrzpdrcamounrzekpyefo/Build/Intermediates.noindex/LogicAudioAssistant.build/Release/CompanionMacApp.build/Objects-normal/arm64/CompanionMacApp_const_extract_protocols.json -Xcc -iquote -Xcc /Users/marcboyer/Library/Developer/Xcode/DerivedData/LogicAudioAssistant-ffojlzgmrzpdrcamounrzekpyefo/Build/Intermediates.noindex/LogicAudioAssistant.build/Release/CompanionMacApp.build/Logic\ Audio\ Assistant-generated-files.hmap -Xcc -I/Users/marcboyer/Library/Developer/Xcode/DerivedData/LogicAudioAssistant-ffojlzgmrzpdrcamounrzekpyefo/Build/Intermediates.noindex/LogicAudioAssistant.build/Release/CompanionMacApp.build/Logic\ Audio\ Assistant-own-target-headers.hmap -Xcc -I/Users/marcboyer/Library/Developer/Xcode/DerivedData/LogicAudioAssistant-ffojlzgmrzpdrcamounrzekpyefo/Build/Intermediates.noindex/LogicAudioAssistant.build/Release/CompanionMacApp.build/Logic\ Audio\ Assistant-all-non-framework-target-headers.hmap -Xcc -ivfsoverlay -Xcc /Users/marcboyer/Library/Developer/Xcode/DerivedData/LogicAudioAssistant-ffojlzgmrzpdrcamounrzekpyefo/Build/Intermediates.noindex/LogicAudioAssistant.build/Release/LogicAudioAssistant-ad80f5d6a5c2eb78a281f1b37698cd26-VFS/all-product-headers.yaml -Xcc -iquote -Xcc /Users/marcboyer/Library/Developer/Xcode/DerivedData/LogicAudioAssistant-ffojlzgmrzpdrcamounrzekpyefo/Build/Intermediates.noindex/LogicAudioAssistant.build/Release/CompanionMacApp.build/Logic\ Audio\ Assistant-project-headers.hmap -Xcc -I/Users/marcboyer/LogicAudioAssistant/packages/CAtomics/include -Xcc -I/Users/marcboyer/Library/Developer/Xcode/DerivedData/LogicAudioAssistant-ffojlzgmrzpdrcamounrzekpyefo/Build/Products/Release/include -Xcc -I/Users/marcboyer/Library/Developer/Xcode/DerivedData/LogicAudioAssistant-ffojlzgmrzpdrcamounrzekpyefo/Build/Intermediates.noindex/LogicAudioAssistant.build/Release/CompanionMacApp.build/DerivedSources-normal/arm64 -Xcc -I/Users/marcboyer/Library/Developer/Xcode/DerivedData/LogicAudioAssistant-ffojlzgmrzpdrcamounrzekpyefo/Build/Intermediates.noindex/LogicAudioAssistant.build/Release/CompanionMacApp.build/DerivedSources/arm64 -Xcc -I/Users/marcboyer/Library/Developer/Xcode/DerivedData/LogicAudioAssistant-ffojlzgmrzpdrcamounrzekpyefo/Build/Intermediates.noindex/LogicAudioAssistant.build/Release/CompanionMacApp.build/DerivedSources -emit-objc-header -emit-objc-header-path /Users/marcboyer/Library/Developer/Xcode/DerivedData/LogicAudioAssistant-ffojlzgmrzpdrcamounrzekpyefo/Build/Intermediates.noindex/LogicAudioAssistant.build/Release/CompanionMacApp.build/Objects-normal/arm64/Logic_Audio_Assistant-Swift.h -working-directory /Users/marcboyer/LogicAudioAssistant -no-emit-module-separately-wmo

SwiftCompile normal arm64 Compiling\ ActionBarView.swift,\ Badge.swift,\ CapturePanelView.swift,\ Card.swift,\ ChainPanelView.swift,\ ChangeCard.swift,\ ChangeStackView.swift,\ ClarificationCardView.swift,\ CompanionMacApp.swift,\ CompanionSessionModel.swift,\ ContradictionSectionView.swift,\ DetailDisclosuresView.swift,\ DirectAnswerCardView.swift,\ EvidenceBannerView.swift,\ EvidenceFooterView.swift,\ FeedbackBarView.swift,\ FirstMoveCardView.swift,\ GeneralAnswerView.swift,\ HypothesesPanelView.swift,\ InstrumentSurface.swift,\ InterpretationHeaderView.swift,\ Labels.swift,\ LessonContentView.swift,\ MemoryControlsView.swift,\ PreviewCard.swift,\ PreviewPanelView.swift,\ PromptPanelView.swift,\ ProviderStatusRowView.swift,\ RequestPanelView.swift,\ ResearchControlView.swift,\ RevisionPanelView.swift,\ SettingsView.swift,\ SortedUniqueBulletsView.swift,\ SourceRowView.swift,\ StatusHeaderView.swift,\ StepCardView.swift,\ StrategyCardView.swift,\ StrategySectionView.swift,\ SummaryCardView.swift,\ Theme.swift,\ TutorConversationSessionModel.swift,\ TutorConversationView.swift,\ TutorGuideView.swift,\ TutorSessionModel.swift,\ UnsupportedCardView.swift,\ VocalAnalysisFeedbackView.swift,\ VocalCaptureBriefEditorView.swift,\ VocalCaptureBriefView.swift,\ VocalCaptureInterpretationsView.swift,\ VocalCreativeCandidatesView.swift,\ VocalCreativeIntentView.swift,\ VocalGuideCreateHandoffView.swift,\ VocalWorkspaceComponents.swift,\ VocalWorkspaceModel.swift,\ VocalWorkspacePersistenceCoordinator.swift,\ VocalWorkspacePresentation.swift,\ VocalWorkspaceView.swift,\ WaveformView.swift,\ GeneratedAssetSymbols.swift /Users/marcboyer/LogicAudioAssistant/apps/CompanionMacApp/Views/ActionBarView.swift /Users/marcboyer/LogicAudioAssistant/apps/CompanionMacApp/DesignSystem/Badge.swift /Users/marcboyer/LogicAudioAssistant/apps/CompanionMacApp/Views/CapturePanelView.swift /Users/marcboyer/LogicAudioAssistant/apps/CompanionMacApp/DesignSystem/Card.swift /Users/marcboyer/LogicAudioAssistant/apps/CompanionMacApp/Views/ChainPanelView.swift /Users/marcboyer/LogicAudioAssistant/apps/CompanionMacApp/Views/ChangeCard.swift /Users/marcboyer/LogicAudioAssistant/apps/CompanionMacApp/Views/ChangeStackView.swift /Users/marcboyer/LogicAudioAssistant/apps/CompanionMacApp/Views/ClarificationCardView.swift /Users/marcboyer/LogicAudioAssistant/apps/CompanionMacApp/CompanionMacApp.swift /Users/marcboyer/LogicAudioAssistant/apps/CompanionMacApp/CompanionSessionModel.swift /Users/marcboyer/LogicAudioAssistant/apps/CompanionMacApp/Views/ContradictionSectionView.swift /Users/marcboyer/LogicAudioAssistant/apps/CompanionMacApp/Views/DetailDisclosuresView.swift /Users/marcboyer/LogicAudioAssistant/apps/CompanionMacApp/Views/DirectAnswerCardView.swift /Users/marcboyer/LogicAudioAssistant/apps/CompanionMacApp/Views/EvidenceBannerView.swift /Users/marcboyer/LogicAudioAssistant/apps/CompanionMacApp/Views/EvidenceFooterView.swift /Users/marcboyer/LogicAudioAssistant/apps/CompanionMacApp/Views/FeedbackBarView.swift /Users/marcboyer/LogicAudioAssistant/apps/CompanionMacApp/Views/FirstMoveCardView.swift /Users/marcboyer/LogicAudioAssistant/apps/CompanionMacApp/GeneralAnswerView.swift /Users/marcboyer/LogicAudioAssistant/apps/CompanionMacApp/Views/HypothesesPanelView.swift /Users/marcboyer/LogicAudioAssistant/apps/CompanionMacApp/DesignSystem/InstrumentSurface.swift /Users/marcboyer/LogicAudioAssistant/apps/CompanionMacApp/Views/InterpretationHeaderView.swift /Users/marcboyer/LogicAudioAssistant/apps/CompanionMacApp/Labels.swift /Users/marcboyer/LogicAudioAssistant/apps/CompanionMacApp/Views/LessonContentView.swift /Users/marcboyer/LogicAudioAssistant/apps/CompanionMacApp/Views/MemoryControlsView.swift /Users/marcboyer/LogicAudioAssistant/apps/CompanionMacApp/Views/PreviewCard.swift /Users/marcboyer/LogicAudioAssistant/apps/CompanionMacApp/Views/PreviewPanelView.swift /Users/marcboyer/LogicAudioAssistant/apps/CompanionMacApp/Views/PromptPanelView.swift /Users/marcboyer/LogicAudioAssistant/apps/CompanionMacApp/Views/ProviderStatusRowView.swift /Users/marcboyer/LogicAudioAssistant/apps/CompanionMacApp/Views/RequestPanelView.swift /Users/marcboyer/LogicAudioAssistant/apps/CompanionMacApp/Views/ResearchControlView.swift /Users/marcboyer/LogicAudioAssistant/apps/CompanionMacApp/Views/RevisionPanelView.swift /Users/marcboyer/LogicAudioAssistant/apps/CompanionMacApp/SettingsView.swift /Users/marcboyer/LogicAudioAssistant/apps/CompanionMacApp/Views/SortedUniqueBulletsView.swift /Users/marcboyer/LogicAudioAssistant/apps/CompanionMacApp/Views/SourceRowView.swift /Users/marcboyer/LogicAudioAssistant/apps/CompanionMacApp/Views/StatusHeaderView.swift /Users/marcboyer/LogicAudioAssistant/apps/CompanionMacApp/Views/StepCardView.swift /Users/marcboyer/LogicAudioAssistant/apps/CompanionMacApp/Views/StrategyCardView.swift /Users/marcboyer/LogicAudioAssistant/apps/CompanionMacApp/Views/StrategySectionView.swift /Users/marcboyer/LogicAudioAssistant/apps/CompanionMacApp/Views/SummaryCardView.swift /Users/marcboyer/LogicAudioAssistant/apps/CompanionMacApp/DesignSystem/Theme.swift /Users/marcboyer/LogicAudioAssistant/apps/CompanionMacApp/TutorConversationSessionModel.swift /Users/marcboyer/LogicAudioAssistant/apps/CompanionMacApp/TutorConversationView.swift /Users/marcboyer/LogicAudioAssistant/apps/CompanionMacApp/TutorGuideView.swift /Users/marcboyer/LogicAudioAssistant/apps/CompanionMacApp/TutorSessionModel.swift /Users/marcboyer/LogicAudioAssistant/apps/CompanionMacApp/Views/UnsupportedCardView.swift /Users/marcboyer/LogicAudioAssistant/apps/CompanionMacApp/Vocal/VocalAnalysisFeedbackView.swift /Users/marcboyer/LogicAudioAssistant/apps/CompanionMacApp/Vocal/VocalCaptureBriefEditorView.swift /Users/marcboyer/LogicAudioAssistant/apps/CompanionMacApp/Vocal/VocalCaptureBriefView.swift /Users/marcboyer/LogicAudioAssistant/apps/CompanionMacApp/Vocal/VocalCaptureInterpretationsView.swift /Users/marcboyer/LogicAudioAssistant/apps/CompanionMacApp/Vocal/VocalCreativeCandidatesView.swift /Users/marcboyer/LogicAudioAssistant/apps/CompanionMacApp/Vocal/VocalCreativeIntentView.swift /Users/marcboyer/LogicAudioAssistant/apps/CompanionMacApp/Vocal/VocalGuideCreateHandoffView.swift /Users/marcboyer/LogicAudioAssistant/apps/CompanionMacApp/Vocal/VocalWorkspaceComponents.swift /Users/marcboyer/LogicAudioAssistant/apps/CompanionMacApp/Vocal/VocalWorkspaceModel.swift /Users/marcboyer/LogicAudioAssistant/apps/CompanionMacApp/Vocal/VocalWorkspacePersistenceCoordinator.swift /Users/marcboyer/LogicAudioAssistant/apps/CompanionMacApp/Vocal/VocalWorkspacePresentation.swift /Users/marcboyer/LogicAudioAssistant/apps/CompanionMacApp/Vocal/VocalWorkspaceView.swift /Users/marcboyer/LogicAudioAssistant/apps/CompanionMacApp/Views/WaveformView.swift /Users/marcboyer/Library/Developer/Xcode/DerivedData/LogicAudioAssistant-ffojlzgmrzpdrcamounrzekpyefo/Build/Intermediates.noindex/LogicAudioAssistant.build/Release/CompanionMacApp.build/DerivedSources/GeneratedAssetSymbols.swift /Applications/Xcode.app/Contents/Developer/Toolchains/XcodeDefault.xctoolchain/usr/lib/swift/macosx/prebuilt-modules/26.5/_DarwinFoundation1.swiftmodule/arm64e-apple-macos.swiftmodule /Applications/Xcode.app/Contents/Developer/Toolchains/XcodeDefault.xctoolchain/usr/lib/swift/macosx/prebuilt-modules/26.5/CoreData.swiftmodule/arm64e-apple-macos.swiftmodule /Applications/Xcode.app/Contents/Developer/Toolchains/XcodeDefault.xctoolchain/usr/lib/swift/macosx/prebuilt-modules/26.5/AVFAudio.swiftmodule/arm64e-apple-macos.swiftmodule /Applications/Xcode.app/Contents/Developer/Toolchains/XcodeDefault.xctoolchain/usr/lib/swift/macosx/prebuilt-modules/26.5/AVFoundation.swiftmodule/arm64e-apple-macos.swiftmodule /Applications/Xcode.app/Contents/Developer/Toolchains/XcodeDefault.xctoolchain/usr/lib/swift/macosx/prebuilt-modules/26.5/AppKit.swiftmodule/arm64e-apple-macos.swiftmodule /Users/marcboyer/Library/Developer/Xcode/DerivedData/LogicAudioAssistant-ffojlzgmrzpdrcamounrzekpyefo/Build/Products/Release/AudioAnalysis.swiftmodule/arm64-apple-macos.swiftmodule /Applications/Xcode.app/Contents/Developer/Toolchains/XcodeDefault.xctoolchain/usr/lib/swift/macosx/prebuilt-modules/26.5/AudioToolbox.swiftmodule/arm64e-apple-macos.swiftmodule /Applications/Xcode.app/Contents/Developer/Toolchains/XcodeDefault.xctoolchain/usr/lib/swift/macosx/prebuilt-modules/26.5/IOKit.swiftmodule/arm64e-apple-macos.swiftmodule /Users/marcboyer/Library/Developer/Xcode/DerivedData/LogicAudioAssistant-ffojlzgmrzpdrcamounrzekpyefo/Build/Products/Release/ProductionIntelligence.swiftmodule/arm64-apple-macos.swiftmodule /Users/marcboyer/Library/Developer/Xcode/DerivedData/LogicAudioAssistant-ffojlzgmrzpdrcamounrzekpyefo/Build/Products/Release/AgentCore.swiftmodule/arm64-apple-macos.swiftmodule /Applications/Xcode.app/Contents/Developer/Toolchains/XcodeDefault.xctoolchain/usr/lib/swift/macosx/prebuilt-modules/26.5/ObjectiveC.swiftmodule/arm64e-apple-macos.swiftmodule /Applications/Xcode.app/Contents/Developer/Toolchains/XcodeDefault.xctoolchain/usr/lib/swift/macosx/prebuilt-modules/26.5/_DarwinFoundation3.swiftmodule/arm64e-apple-macos.swiftmodule /Users/marcboyer/Library/Developer/Xcode/DerivedData/LogicAudioAssistant-ffojlzgmrzpdrcamounrzekpyefo/Build/Products/Release/DSPCore.swiftmodule/arm64-apple-macos.swiftmodule /Applications/Xcode.app/Contents/Developer/Toolchains/XcodeDefault.xctoolchain/usr/lib/swift/macosx/prebuilt-modules/26.5/OSLog.swiftmodule/arm64e-apple-macos.swiftmodule /Applications/Xcode.app/Contents/Developer/Toolchains/XcodeDefault.xctoolchain/usr/lib/swift/macosx/prebuilt-modules/26.5/Swift.swiftmodule/arm64e-apple-macos.swiftmodule /Applications/Xcode.app/Contents/Developer/Toolchains/XcodeDefault.xctoolchain/usr/lib/swift/macosx/prebuilt-modules/26.5/DeveloperToolsSupport.swiftmodule/arm64e-apple-macos.swiftmodule /Applications/Xcode.app/Contents/Developer/Toolchains/XcodeDefault.xctoolchain/usr/lib/swift/macosx/prebuilt-modules/26.5/_StringProcessing.swiftmodule/arm64e-apple-macos.swiftmodule /Applications/Xcode.app/Contents/Developer/Toolchains/XcodeDefault.xctoolchain/usr/lib/swift/macosx/prebuilt-modules/26.5/CoreImage.swiftmodule/arm64e-apple-macos.swiftmodule /Applications/Xcode.app/Contents/Developer/Toolchains/XcodeDefault.xctoolchain/usr/lib/swift/macosx/prebuilt-modules/26.5/SwiftUICore.swiftmodule/arm64e-apple-macos.swiftmodule /Applications/Xcode.app/Contents/Developer/Toolchains/XcodeDefault.xctoolchain/usr/lib/swift/macosx/prebuilt-modules/26.5/Accessibility.swiftmodule/arm64e-apple-macos.swiftmodule /Applications/Xcode.app/Contents/Developer/Toolchains/XcodeDefault.xctoolchain/usr/lib/swift/macosx/prebuilt-modules/26.5/XPC.swiftmodule/arm64e-apple-macos.swiftmodule /Users/marcboyer/Library/Developer/Xcode/DerivedData/LogicAudioAssistant-ffojlzgmrzpdrcamounrzekpyefo/Build/Products/Release/SharedIPC.swiftmodule/arm64-apple-macos.swiftmodule /Applications/Xcode.app/Contents/Developer/Toolchains/XcodeDefault.xctoolchain/usr/lib/swift/macosx/prebuilt-modules/26.5/Observation.swiftmodule/arm64e-apple-macos.swiftmodule /Users/marcboyer/Library/Developer/Xcode/DerivedData/LogicAudioAssistant-ffojlzgmrzpdrcamounrzekpyefo/Build/Products/Release/PlanSchema.swiftmodule/arm64-apple-macos.swiftmodule /Users/marcboyer/Library/Developer/Xcode/DerivedData/LogicAudioAssistant-ffojlzgmrzpdrcamounrzekpyefo/Build/Products/Release/ProductionTutor.swiftmodule/arm64-apple-macos.swiftmodule /Applications/Xcode.app/Contents/Developer/Toolchains/XcodeDefault.xctoolchain/usr/lib/swift/macosx/prebuilt-modules/26.5/LocalAuthentication.swiftmodule/arm64e-apple-macos.swiftmodule /Applications/Xcode.app/Contents/Developer/Toolchains/XcodeDefault.xctoolchain/usr/lib/swift/macosx/prebuilt-modules/26.5/CoreText.swiftmodule/arm64e-apple-macos.swiftmodule /Applications/Xcode.app/Contents/Developer/Toolchains/XcodeDefault.xctoolchain/usr/lib/swift/macosx/prebuilt-modules/26.5/CoreGraphics.swiftmodule/arm64e-apple-macos.swiftmodule /Applications/Xcode.app/Contents/Developer/Toolchains/XcodeDefault.xctoolchain/usr/lib/swift/macosx/prebuilt-modules/26.5/_DarwinFoundation2.swiftmodule/arm64e-apple-macos.swiftmodule /Applications/Xcode.app/Contents/Developer/Toolchains/XcodeDefault.xctoolchain/usr/lib/swift/macosx/prebuilt-modules/26.5/Darwin.swiftmodule/arm64e-apple-macos.swiftmodule /Applications/Xcode.app/Contents/Developer/Toolchains/XcodeDefault.xctoolchain/usr/lib/swift/macosx/prebuilt-modules/26.5/Spatial.swiftmodule/arm64e-apple-macos.swiftmodule /Users/marcboyer/Library/Developer/Xcode/DerivedData/LogicAudioAssistant-ffojlzgmrzpdrcamounrzekpyefo/Build/Products/Release/SessionCore.swiftmodule/arm64-apple-macos.swiftmodule /Applications/Xcode.app/Contents/Developer/Toolchains/XcodeDefault.xctoolchain/usr/lib/swift/macosx/prebuilt-modules/26.5/QuartzCore.swiftmodule/arm64e-apple-macos.swiftmodule /Applications/Xcode.app/Contents/Developer/Toolchains/XcodeDefault.xctoolchain/usr/lib/swift/macosx/prebuilt-modules/26.5/CoreVideo.swiftmodule/arm64e-apple-macos.swiftmodule /Users/marcboyer/Library/Developer/Xcode/DerivedData/LogicAudioAssistant-ffojlzgmrzpdrcamounrzekpyefo/Build/Products/Release/TutorLogicObserver.swiftmodule/arm64-apple-macos.swiftmodule /Applications/Xcode.app/Contents/Developer/Toolchains/XcodeDefault.xctoolchain/usr/lib/swift/macosx/prebuilt-modules/26.5/CoreMIDI.swiftmodule/arm64e-apple-macos.swiftmodule /Users/marcboyer/Library/Developer/Xcode/DerivedData/LogicAudioAssistant-ffojlzgmrzpdrcamounrzekpyefo/Build/Products/Release/PreviewAudition.swiftmodule/arm64-apple-macos.swiftmodule /Applications/Xcode.app/Contents/Developer/Toolchains/XcodeDefault.xctoolchain/usr/lib/swift/macosx/prebuilt-modules/26.5/_Builtin_float.swiftmodule/arm64e-apple-macos.swiftmodule /Applications/Xcode.app/Contents/Developer/Toolchains/XcodeDefault.xctoolchain/usr/lib/swift/macosx/prebuilt-modules/26.5/SwiftUI.swiftmodule/arm64e-apple-macos.swiftmodule /Applications/Xcode.app/Contents/Developer/Toolchains/XcodeDefault.xctoolchain/usr/lib/swift/macosx/prebuilt-modules/26.5/DataDetection.swiftmodule/arm64e-apple-macos.swiftmodule /Applications/Xcode.app/Contents/Developer/Toolchains/XcodeDefault.xctoolchain/usr/lib/swift/macosx/prebuilt-modules/26.5/Combine.swiftmodule/arm64e-apple-macos.swiftmodule /Applications/Xcode.app/Contents/Developer/Toolchains/XcodeDefault.xctoolchain/usr/lib/swift/macosx/prebuilt-modules/26.5/Dispatch.swiftmodule/arm64e-apple-macos.swiftmodule /Applications/Xcode.app/Contents/Developer/Toolchains/XcodeDefault.xctoolchain/usr/lib/swift/macosx/prebuilt-modules/26.5/Foundation.swiftmodule/arm64e-apple-macos.swiftmodule /Users/marcboyer/Library/Developer/Xcode/DerivedData/LogicAudioAssistant-ffojlzgmrzpdrcamounrzekpyefo/Build/Products/Release/TutorConversation.swiftmodule/arm64-apple-macos.swiftmodule /Applications/Xcode.app/Contents/Developer/Toolchains/XcodeDefault.xctoolchain/usr/lib/swift/macosx/prebuilt-modules/26.5/Symbols.swiftmodule/arm64e-apple-macos.swiftmodule /Users/marcboyer/Library/Developer/Xcode/DerivedData/LogicAudioAssistant-ffojlzgmrzpdrcamounrzekpyefo/Build/Products/Release/VocalProduction.swiftmodule/arm64-apple-macos.swiftmodule /Applications/Xcode.app/Contents/Developer/Toolchains/XcodeDefault.xctoolchain/usr/lib/swift/macosx/prebuilt-modules/26.5/Synchronization.swiftmodule/arm64e-apple-macos.swiftmodule /Applications/Xcode.app/Contents/Developer/Toolchains/XcodeDefault.xctoolchain/usr/lib/swift/macosx/prebuilt-modules/26.5/Metal.swiftmodule/arm64e-apple-macos.swiftmodule /Applications/Xcode.app/Contents/Developer/Toolchains/XcodeDefault.xctoolchain/usr/lib/swift/macosx/prebuilt-modules/26.5/UniformTypeIdentifiers.swiftmodule/arm64e-apple-macos.swiftmodule /Applications/Xcode.app/Contents/Developer/Toolchains/XcodeDefault.xctoolchain/usr/lib/swift/macosx/prebuilt-modules/26.5/System.swiftmodule/arm64e-apple-macos.swiftmodule /Applications/Xcode.app/Contents/Developer/Toolchains/XcodeDefault.xctoolchain/usr/lib/swift/macosx/prebuilt-modules/26.5/CoreTransferable.swiftmodule/arm64e-apple-macos.swiftmodule /Users/marcboyer/Library/Developer/Xcode/DerivedData/LogicAudioAssistant-ffojlzgmrzpdrcamounrzekpyefo/Build/Products/Release/PreviewWorkflow.swiftmodule/arm64-apple-macos.swiftmodule /Users/marcboyer/Library/Developer/Xcode/DerivedData/LogicAudioAssistant-ffojlzgmrzpdrcamounrzekpyefo/Build/Products/Release/PreviewRenderer.swiftmodule/arm64-apple-macos.swiftmodule /Applications/Xcode.app/Contents/Developer/Toolchains/XcodeDefault.xctoolchain/usr/lib/swift/macosx/prebuilt-modules/26.5/CoreAudio.swiftmodule/arm64e-apple-macos.swiftmodule /Applications/Xcode.app/Contents/Developer/Toolchains/XcodeDefault.xctoolchain/usr/lib/swift/macosx/prebuilt-modules/26.5/CryptoKit.swiftmodule/arm64e-apple-macos.swiftmodule /Applications/Xcode.app/Contents/Developer/Toolchains/XcodeDefault.xctoolchain/usr/lib/swift/macosx/prebuilt-modules/26.5/os.swiftmodule/arm64e-apple-macos.swiftmodule /Applications/Xcode.app/Contents/Developer/Toolchains/XcodeDefault.xctoolchain/usr/lib/swift/macosx/prebuilt-modules/26.5/simd.swiftmodule/arm64e-apple-macos.swiftmodule /Applications/Xcode.app/Contents/Developer/Toolchains/XcodeDefault.xctoolchain/usr/lib/swift/macosx/prebuilt-modules/26.5/FoundationModels.swiftmodule/arm64e-apple-macos.swiftmodule /Applications/Xcode.app/Contents/Developer/Toolchains/XcodeDefault.xctoolchain/usr/lib/swift/macosx/prebuilt-modules/26.5/_Concurrency.swiftmodule/arm64e-apple-macos.swiftmodule /Applications/Xcode.app/Contents/Developer/Toolchains/XcodeDefault.xctoolchain/usr/lib/swift/macosx/prebuilt-modules/26.5/CoreMedia.swiftmodule/arm64e-apple-macos.swiftmodule /Applications/Xcode.app/Contents/Developer/Toolchains/XcodeDefault.xctoolchain/usr/lib/swift/macosx/prebuilt-modules/26.5/CoreFoundation.swiftmodule/arm64e-apple-macos.swiftmodule /Users/marcboyer/Library/Developer/Xcode/DerivedData/ModuleCache.noindex/_Builtin_inttypes-38LWMPAH6APK5PAVC5EJGTXAB.pcm /Users/marcboyer/Library/Developer/Xcode/DerivedData/ModuleCache.noindex/UniformTypeIdentifiers-1149EDNK1J6SO2EFH4EUJ1CBE.pcm /Users/marcboyer/Library/Developer/Xcode/DerivedData/ModuleCache.noindex/CoreMedia-1O3WSAM3V80BAUYDUX64Y3C35.pcm /Users/marcboyer/Library/Developer/Xcode/DerivedData/ModuleCache.noindex/os_workgroup-9R1SAUTUALB7P757RRKHVXXW2.pcm /Users/marcboyer/Library/Developer/Xcode/DerivedData/ModuleCache.noindex/_Builtin_stdbool-8NXOZVL7LYZSVR6J5Z5FA4R6I.pcm /Users/marcboyer/Library/Developer/Xcode/DerivedData/ModuleCache.noindex/LocalAuthentication-B2YZSMRM0MCF6H6EMZ6NLZ5TL.pcm /Users/marcboyer/Library/Developer/Xcode/DerivedData/ModuleCache.noindex/_Builtin_stdint-4UH68GLY9L9MFU441XUOWH4BE.pcm /Users/marcboyer/Library/Developer/Xcode/DerivedData/ModuleCache.noindex/_DarwinFoundation1-8RIN8YTC7S2N4BDERRJ1UU769.pcm /Users/marcboyer/Library/Developer/Xcode/DerivedData/ModuleCache.noindex/ApplicationServices-GHNIPWDIUGL1NATB1E10KSGP.pcm /Users/marcboyer/Library/Developer/Xcode/DerivedData/ModuleCache.noindex/Security-888V2RJA0PZBEBTI8FDBYXBH4.pcm /Users/marcboyer/Library/Developer/Xcode/DerivedData/ModuleCache.noindex/Accessibility-PVYOV5YPOM1D4J32GEALN208.pcm /Users/marcboyer/Library/Developer/Xcode/DerivedData/ModuleCache.noindex/os-5A34XX348MG4Z6BU10GHZ2473.pcm /Users/marcboyer/Library/Developer/Xcode/DerivedData/ModuleCache.noindex/SwiftUI-88NR9AQE449D0QTB6RYNRCLB.pcm /Users/marcboyer/Library/Developer/Xcode/DerivedData/ModuleCache.noindex/_Builtin_float-C2NU8W0CZFBXBOBNRKE347QXY.pcm /Users/marcboyer/Library/Developer/Xcode/DerivedData/ModuleCache.noindex/_DarwinFoundation2-86V1MT33WC8BM4VBRVGFK3L72.pcm /Users/marcboyer/Library/Developer/Xcode/DerivedData/ModuleCache.noindex/CFNetwork-94BPQVAGKJHRGA018RFMHL4MD.pcm /Users/marcboyer/Library/Developer/Xcode/DerivedData/ModuleCache.noindex/AppKit-9ZDW7L4M8LP26AMR1S7TRAZ3.pcm /Users/marcboyer/Library/Developer/Xcode/DerivedData/ModuleCache.noindex/Spatial-83NDUCBARFG22WITJPJ5MNFRZ.pcm /Users/marcboyer/Library/Developer/Xcode/DerivedData/ModuleCache.noindex/OSLog-AWHCEZG9HP4TZA7GH18UN3S6K.pcm /Users/marcboyer/Library/Developer/Xcode/DerivedData/ModuleCache.noindex/IOKit-75JO6QO88FTLNU1ACM59FK7QT.pcm /Users/marcboyer/Library/Developer/Xcode/DerivedData/ModuleCache.noindex/ptrauth-9X1YPSKCJHKRHTBW1NGMK7IZC.pcm /Users/marcboyer/Library/Developer/Xcode/DerivedData/ModuleCache.noindex/_AvailabilityInternal-4OF5EDLHYJZEIJU8JFE6H3VUS.pcm /Users/marcboyer/Library/Developer/Xcode/DerivedData/ModuleCache.noindex/simd-9WXX19533T3V3YZBLBGCG4ICF.pcm /Users/marcboyer/Library/Developer/Xcode/DerivedData/ModuleCache.noindex/CoreImage-2E50H4T5XO7MRHXEZAWDGK1EB.pcm /Users/marcboyer/Library/Developer/Xcode/DerivedData/ModuleCache.noindex/_Builtin_stddef-5FGO5C5LAS8UMJWFO4GPUNE2U.pcm /Users/marcboyer/Library/Developer/Xcode/DerivedData/ModuleCache.noindex/Foundation-AI2TL2QFBIKCZ6WCW562WOF1Q.pcm /Users/marcboyer/Library/Developer/Xcode/DerivedData/ModuleCache.noindex/CoreVideo-2NSJX9DVKHEC66HGKYPXT7GOJ.pcm /Users/marcboyer/Library/Developer/Xcode/DerivedData/ModuleCache.noindex/XPC-6BGKKMKM2J8TERX1GNOC6WZE7.pcm /Users/marcboyer/Library/Developer/Xcode/DerivedData/ModuleCache.noindex/Metal-A3O0L56BVQ63L8GUPTAD801K2.pcm /Users/marcboyer/Library/Developer/Xcode/DerivedData/ModuleCache.noindex/CoreMIDI-5XGQI9BLGEW3G140QKZMGZZ0Q.pcm /Users/marcboyer/Library/Developer/Xcode/DerivedData/ModuleCache.noindex/MediaToolbox-5L29IIYH1INK5UJ5QE8P33L9D.pcm /Users/marcboyer/Library/Developer/Xcode/DerivedData/ModuleCache.noindex/_SwiftConcurrencyShims-290L5TFZX1OLU29WRMK87DLBX.pcm /Users/marcboyer/Library/Developer/Xcode/DerivedData/ModuleCache.noindex/CoreAudio-2X148B3WM6DU3OB0U6S7UVKG7.pcm /Users/marcboyer/Library/Developer/Xcode/DerivedData/ModuleCache.noindex/libDER-5VN7VKSFMJ38SBY07MVA0AC2I.pcm /Users/marcboyer/Library/Developer/Xcode/DerivedData/ModuleCache.noindex/os_object-38IF3VNVR01K0JO6BMQ1IQK54.pcm /Users/marcboyer/Library/Developer/Xcode/DerivedData/ModuleCache.noindex/SwiftShims-5ZHBPXICEM48X9H7XB2WEVNJB.pcm /Users/marcboyer/Library/Developer/Xcode/DerivedData/ModuleCache.noindex/DiskArbitration-6JZWQLF99LT2GGV0S86K5HG22.pcm /Users/marcboyer/Library/Developer/Xcode/DerivedData/ModuleCache.noindex/Symbols-3CO63856O5PPG8Q1SIKF0DD8Z.pcm /Users/marcboyer/Library/Developer/Xcode/DerivedData/ModuleCache.noindex/CoreTransferable-9VAN12YQ7ER840I00Y4079EZ6.pcm /Users/marcboyer/Library/Developer/Xcode/DerivedData/ModuleCache.noindex/DeveloperToolsSupport-60Z8MYL3NQD8Q8TNEWZ5UR51A.pcm /Users/marcboyer/Library/Developer/Xcode/DerivedData/ModuleCache.noindex/CoreServices-39RD9OP2FCPSDQJ3X5GI8PAVI.pcm /Users/marcboyer/Library/Developer/Xcode/DerivedData/ModuleCache.noindex/AVFoundation-9TH3H8GGOJUEKLNYORN380S56.pcm /Users/marcboyer/Library/Developer/Xcode/DerivedData/ModuleCache.noindex/MachO-STQXQ17Q7YNEWJYOCWZ6VDRK.pcm /Users/marcboyer/Library/Developer/Xcode/DerivedData/ModuleCache.noindex/_DarwinFoundation3-3V2HPNPZE68YA10TMSEJS9OCA.pcm /Users/marcboyer/Library/Developer/Xcode/DerivedData/LogicAudioAssistant-ffojlzgmrzpdrcamounrzekpyefo/Build/Intermediates.noindex/SwiftExplicitPrecompiledModules/CAtomics-BWW98Q2TGIN8EI10IXW6LWR10.pcm /Users/marcboyer/Library/Developer/Xcode/DerivedData/ModuleCache.noindex/_Builtin_limits-81SNZPLVG5NTB5W99M1OT3U7B.pcm /Users/marcboyer/Library/Developer/Xcode/DerivedData/ModuleCache.noindex/Carbon-59Y5BK32IBFBB9YXU1AB10UCW.pcm /Users/marcboyer/Library/Developer/Xcode/DerivedData/ModuleCache.noindex/libkern-88P7E32V77NI053C29S6QQIPD.pcm /Users/marcboyer/Library/Developer/Xcode/DerivedData/ModuleCache.noindex/launch-F1U65GIQI9F1WQZ4UHLU4LKCE.pcm /Users/marcboyer/Library/Developer/Xcode/DerivedData/ModuleCache.noindex/IOSurface-EX566K1ZOCACDT3QVLIEK0F0B.pcm /Users/marcboyer/Library/Developer/Xcode/DerivedData/ModuleCache.noindex/CoreGraphics-ASAUO5928MNSZXNQH1DH3JGR.pcm /Users/marcboyer/Library/Developer/Xcode/DerivedData/ModuleCache.noindex/CoreText-3FCBKDE0R22VR9EBZW7VNLF2I.pcm /Users/marcboyer/Library/Developer/Xcode/DerivedData/ModuleCache.noindex/Dispatch-ATPPAHD34YUNABGJV2N43RSM5.pcm /Users/marcboyer/Library/Developer/Xcode/DerivedData/ModuleCache.noindex/ptrcheck-9OFHDPHMIA9AEDLQNQFB754QK.pcm /Users/marcboyer/Library/Developer/Xcode/DerivedData/ModuleCache.noindex/ImageIO-EWSXWVUD0QP7MQKKF1IZI7R4W.pcm /Users/marcboyer/Library/Developer/Xcode/DerivedData/ModuleCache.noindex/CoreAudioTypes-8IUMBJ1BK00XFV7P0X902OY74.pcm /Users/marcboyer/Library/Developer/Xcode/DerivedData/ModuleCache.noindex/ColorSync-BYQ4EHJR9I2IPO7K5V5N11OD2.pcm /Users/marcboyer/Library/Developer/Xcode/DerivedData/ModuleCache.noindex/CoreFoundation-2Z2D9KIPIIH9YKICMQMLYO770.pcm /Users/marcboyer/Library/Developer/Xcode/DerivedData/ModuleCache.noindex/CUPS-CR518O9E27VCHJ1PM1PZDOIX2.pcm /Users/marcboyer/Library/Developer/Xcode/DerivedData/ModuleCache.noindex/DataDetection-DQ7DR4ELRMUVCZC28VPLDM128.pcm /Users/marcboyer/Library/Developer/Xcode/DerivedData/ModuleCache.noindex/_Builtin_stdarg-7ACR03ALC4JW1FIK36Z28T830.pcm /Users/marcboyer/Library/Developer/Xcode/DerivedData/ModuleCache.noindex/_Builtin_intrinsics-CG0C2DYCY2SZMYK5LUOSPDLSX.pcm /Users/marcboyer/Library/Developer/Xcode/DerivedData/ModuleCache.noindex/AudioToolbox-CLPRO3FZOK7DP9KH1DHYPMITU.pcm /Users/marcboyer/Library/Developer/Xcode/DerivedData/ModuleCache.noindex/sys_types-2E347G4YV1XAQ28P5XQAJ6A9E.pcm /Users/marcboyer/Library/Developer/Xcode/DerivedData/ModuleCache.noindex/CoreData-5X136QUMVAW8VN9HBB84HBHGV.pcm /Users/marcboyer/Library/Developer/Xcode/DerivedData/ModuleCache.noindex/_Builtin_tgmath-6YOHF4T5PO1FS3SR4FQG55KTN.pcm /Users/marcboyer/Library/Developer/Xcode/DerivedData/ModuleCache.noindex/_Builtin_stdatomic-BCB210ZSCZDTFL0N65TBTQFO4.pcm /Users/marcboyer/Library/Developer/Xcode/DerivedData/ModuleCache.noindex/SwiftUICore-5CC29J011N99NPX1Q08QZRKC0.pcm /Users/marcboyer/Library/Developer/Xcode/DerivedData/ModuleCache.noindex/QuartzCore-ZS6FH2160KZURICCT1PO4943.pcm /Users/marcboyer/Library/Developer/Xcode/DerivedData/ModuleCache.noindex/AVFAudio-DN6XWWV26CY0JNT3ZCZOIM745.pcm /Users/marcboyer/Library/Developer/Xcode/DerivedData/ModuleCache.noindex/Darwin-BPD68WANZNUEQP6O10V9AEPEF.pcm /Users/marcboyer/Library/Developer/Xcode/DerivedData/ModuleCache.noindex/ObjectiveC-AEXWUGY10G3JXOD834GXKS2DQ.pcm /Users/marcboyer/Library/Developer/Xcode/DerivedData/ModuleCache.noindex/OpenGL-6T7H28O88TOFUYCRCHDP9FJQD.pcm /Users/marcboyer/Library/Developer/Xcode/DerivedData/LogicAudioAssistant-ffojlzgmrzpdrcamounrzekpyefo/Build/Intermediates.noindex/LogicAudioAssistant.build/Release/CompanionMacApp.build/Objects-normal/arm64/Logic_Audio_Assistant-dependencies-1.json (in target 'CompanionMacApp' from project 'LogicAudioAssistant' at path '/Users/marcboyer/LogicAudioAssistant/LogicAudioAssistant.xcodeproj')

CompileSwift normal arm64 (in target 'CompanionMacApp' from project 'LogicAudioAssistant' at path '/Users/marcboyer/LogicAudioAssistant/LogicAudioAssistant.xcodeproj')
    cd /Users/marcboyer/LogicAudioAssistant
    

SwiftDriverJobDiscovery normal arm64 Compiling ActionBarView.swift, Badge.swift, CapturePanelView.swift, Card.swift, ChainPanelView.swift, ChangeCard.swift, ChangeStackView.swift, ClarificationCardView.swift, CompanionMacApp.swift, CompanionSessionModel.swift, ContradictionSectionView.swift, DetailDisclosuresView.swift, DirectAnswerCardView.swift, EvidenceBannerView.swift, EvidenceFooterView.swift, FeedbackBarView.swift, FirstMoveCardView.swift, GeneralAnswerView.swift, HypothesesPanelView.swift, InstrumentSurface.swift, InterpretationHeaderView.swift, Labels.swift, LessonContentView.swift, MemoryControlsView.swift, PreviewCard.swift, PreviewPanelView.swift, PromptPanelView.swift, ProviderStatusRowView.swift, RequestPanelView.swift, ResearchControlView.swift, RevisionPanelView.swift, SettingsView.swift, SortedUniqueBulletsView.swift, SourceRowView.swift, StatusHeaderView.swift, StepCardView.swift, StrategyCardView.swift, StrategySectionView.swift, SummaryCardView.swift, Theme.swift, TutorConversationSessionModel.swift, TutorConversationView.swift, TutorGuideView.swift, TutorSessionModel.swift, UnsupportedCardView.swift, VocalAnalysisFeedbackView.swift, VocalCaptureBriefEditorView.swift, VocalCaptureBriefView.swift, VocalCaptureInterpretationsView.swift, VocalCreativeCandidatesView.swift, VocalCreativeIntentView.swift, VocalGuideCreateHandoffView.swift, VocalWorkspaceComponents.swift, VocalWorkspaceModel.swift, VocalWorkspacePersistenceCoordinator.swift, VocalWorkspacePresentation.swift, VocalWorkspaceView.swift, WaveformView.swift, GeneratedAssetSymbols.swift (in target 'CompanionMacApp' from project 'LogicAudioAssistant' at path '/Users/marcboyer/LogicAudioAssistant/LogicAudioAssistant.xcodeproj')

SwiftDriver\ Compilation\ Requirements CompanionMacApp normal arm64 com.apple.xcode.tools.swift.compiler (in target 'CompanionMacApp' from project 'LogicAudioAssistant' at path '/Users/marcboyer/LogicAudioAssistant/LogicAudioAssistant.xcodeproj')
    cd /Users/marcboyer/LogicAudioAssistant
    builtin-Swift-Compilation-Requirements -- /Applications/Xcode.app/Contents/Developer/Toolchains/XcodeDefault.xctoolchain/usr/bin/swiftc -module-name Logic_Audio_Assistant -O -whole-module-optimization @/Users/marcboyer/Library/Developer/Xcode/DerivedData/LogicAudioAssistant-ffojlzgmrzpdrcamounrzekpyefo/Build/Intermediates.noindex/LogicAudioAssistant.build/Release/CompanionMacApp.build/Objects-normal/arm64/Logic\ Audio\ Assistant.SwiftFileList -Xcc -fmodule-map-file\=/Users/marcboyer/Library/Developer/Xcode/DerivedData/LogicAudioAssistant-ffojlzgmrzpdrcamounrzekpyefo/Build/Intermediates.noindex/GeneratedModuleMaps/CAtomics.modulemap -enable-experimental-feature DebugDescriptionMacro -sdk /Applications/Xcode.app/Contents/Developer/Platforms/MacOSX.platform/Developer/SDKs/MacOSX26.5.sdk -target arm64-apple-macos14.0 -g -module-cache-path /Users/marcboyer/Library/Developer/Xcode/DerivedData/ModuleCache.noindex -Xfrontend -serialize-debugging-options -swift-version 6 -I /Users/marcboyer/Library/Developer/Xcode/DerivedData/LogicAudioAssistant-ffojlzgmrzpdrcamounrzekpyefo/Build/Products/Release -F /Users/marcboyer/Library/Developer/Xcode/DerivedData/LogicAudioAssistant-ffojlzgmrzpdrcamounrzekpyefo/Build/Products/Release/PackageFrameworks -F /Users/marcboyer/Library/Developer/Xcode/DerivedData/LogicAudioAssistant-ffojlzgmrzpdrcamounrzekpyefo/Build/Products/Release/PackageFrameworks -F /Users/marcboyer/Library/Developer/Xcode/DerivedData/LogicAudioAssistant-ffojlzgmrzpdrcamounrzekpyefo/Build/Products/Release/PackageFrameworks -F /Users/marcboyer/Library/Developer/Xcode/DerivedData/LogicAudioAssistant-ffojlzgmrzpdrcamounrzekpyefo/Build/Products/Release/PackageFrameworks -F /Users/marcboyer/Library/Developer/Xcode/DerivedData/LogicAudioAssistant-ffojlzgmrzpdrcamounrzekpyefo/Build/Products/Release/PackageFrameworks -F /Users/marcboyer/Library/Developer/Xcode/DerivedData/LogicAudioAssistant-ffojlzgmrzpdrcamounrzekpyefo/Build/Products/Release/PackageFrameworks -F /Users/marcboyer/Library/Developer/Xcode/DerivedData/LogicAudioAssistant-ffojlzgmrzpdrcamounrzekpyefo/Build/Products/Release/PackageFrameworks -F /Users/marcboyer/Library/Developer/Xcode/DerivedData/LogicAudioAssistant-ffojlzgmrzpdrcamounrzekpyefo/Build/Products/Release/PackageFrameworks -F /Users/marcboyer/Library/Developer/Xcode/DerivedData/LogicAudioAssistant-ffojlzgmrzpdrcamounrzekpyefo/Build/Products/Release/PackageFrameworks -F /Users/marcboyer/Library/Developer/Xcode/DerivedData/LogicAudioAssistant-ffojlzgmrzpdrcamounrzekpyefo/Build/Products/Release/PackageFrameworks -F /Users/marcboyer/Library/Developer/Xcode/DerivedData/LogicAudioAssistant-ffojlzgmrzpdrcamounrzekpyefo/Build/Products/Release/PackageFrameworks -F /Users/marcboyer/Library/Developer/Xcode/DerivedData/LogicAudioAssistant-ffojlzgmrzpdrcamounrzekpyefo/Build/Products/Release/PackageFrameworks -F /Users/marcboyer/Library/Developer/Xcode/DerivedData/LogicAudioAssistant-ffojlzgmrzpdrcamounrzekpyefo/Build/Products/Release/PackageFrameworks -F /Users/marcboyer/Library/Developer/Xcode/DerivedData/LogicAudioAssistant-ffojlzgmrzpdrcamounrzekpyefo/Build/Products/Release/PackageFrameworks -F /Users/marcboyer/Library/Developer/Xcode/DerivedData/LogicAudioAssistant-ffojlzgmrzpdrcamounrzekpyefo/Build/Products/Release/PackageFrameworks -F /Users/marcboyer/Library/Developer/Xcode/DerivedData/LogicAudioAssistant-ffojlzgmrzpdrcamounrzekpyefo/Build/Products/Release/PackageFrameworks -F /Users/marcboyer/Library/Developer/Xcode/DerivedData/LogicAudioAssistant-ffojlzgmrzpdrcamounrzekpyefo/Build/Products/Release -c -num-threads 10 -Xcc -ivfsstatcache -Xcc /Users/marcboyer/Library/Developer/Xcode/DerivedData/SDKStatCaches.noindex/macosx26.5-25F70-e082c4a02f00227109f4ed75e425c832.sdkstatcache -output-file-map /Users/marcboyer/Library/Developer/Xcode/DerivedData/LogicAudioAssistant-ffojlzgmrzpdrcamounrzekpyefo/Build/Intermediates.noindex/LogicAudioAssistant.build/Release/CompanionMacApp.build/Objects-normal/arm64/CompanionMacApp-OutputFileMap.json -use-frontend-parseable-output -save-temps -no-color-diagnostics -explicit-module-build -module-cache-path /Users/marcboyer/Library/Developer/Xcode/DerivedData/LogicAudioAssistant-ffojlzgmrzpdrcamounrzekpyefo/Build/Intermediates.noindex/SwiftExplicitPrecompiledModules -clang-scanner-module-cache-path /Users/marcboyer/Library/Developer/Xcode/DerivedData/ModuleCache.noindex -sdk-module-cache-path /Users/marcboyer/Library/Developer/Xcode/DerivedData/ModuleCache.noindex -serialize-diagnostics -emit-dependencies -emit-module -emit-module-path /Users/marcboyer/Library/Developer/Xcode/DerivedData/LogicAudioAssistant-ffojlzgmrzpdrcamounrzekpyefo/Build/Intermediates.noindex/LogicAudioAssistant.build/Release/CompanionMacApp.build/Objects-normal/arm64/Logic_Audio_Assistant.swiftmodule -validate-clang-modules-once -clang-build-session-file /Users/marcboyer/Library/Developer/Xcode/DerivedData/ModuleCache.noindex/Session.modulevalidation -Xcc -I/Users/marcboyer/Library/Developer/Xcode/DerivedData/LogicAudioAssistant-ffojlzgmrzpdrcamounrzekpyefo/Build/Intermediates.noindex/LogicAudioAssistant.build/Release/CompanionMacApp.build/swift-overrides.hmap -emit-const-values -Xfrontend -const-gather-protocols-file -Xfrontend /Users/marcboyer/Library/Developer/Xcode/DerivedData/LogicAudioAssistant-ffojlzgmrzpdrcamounrzekpyefo/Build/Intermediates.noindex/LogicAudioAssistant.build/Release/CompanionMacApp.build/Objects-normal/arm64/CompanionMacApp_const_extract_protocols.json -Xcc -iquote -Xcc /Users/marcboyer/Library/Developer/Xcode/DerivedData/LogicAudioAssistant-ffojlzgmrzpdrcamounrzekpyefo/Build/Intermediates.noindex/LogicAudioAssistant.build/Release/CompanionMacApp.build/Logic\ Audio\ Assistant-generated-files.hmap -Xcc -I/Users/marcboyer/Library/Developer/Xcode/DerivedData/LogicAudioAssistant-ffojlzgmrzpdrcamounrzekpyefo/Build/Intermediates.noindex/LogicAudioAssistant.build/Release/CompanionMacApp.build/Logic\ Audio\ Assistant-own-target-headers.hmap -Xcc -I/Users/marcboyer/Library/Developer/Xcode/DerivedData/LogicAudioAssistant-ffojlzgmrzpdrcamounrzekpyefo/Build/Intermediates.noindex/LogicAudioAssistant.build/Release/CompanionMacApp.build/Logic\ Audio\ Assistant-all-non-framework-target-headers.hmap -Xcc -ivfsoverlay -Xcc /Users/marcboyer/Library/Developer/Xcode/DerivedData/LogicAudioAssistant-ffojlzgmrzpdrcamounrzekpyefo/Build/Intermediates.noindex/LogicAudioAssistant.build/Release/LogicAudioAssistant-ad80f5d6a5c2eb78a281f1b37698cd26-VFS/all-product-headers.yaml -Xcc -iquote -Xcc /Users/marcboyer/Library/Developer/Xcode/DerivedData/LogicAudioAssistant-ffojlzgmrzpdrcamounrzekpyefo/Build/Intermediates.noindex/LogicAudioAssistant.build/Release/CompanionMacApp.build/Logic\ Audio\ Assistant-project-headers.hmap -Xcc -I/Users/marcboyer/LogicAudioAssistant/packages/CAtomics/include -Xcc -I/Users/marcboyer/Library/Developer/Xcode/DerivedData/LogicAudioAssistant-ffojlzgmrzpdrcamounrzekpyefo/Build/Products/Release/include -Xcc -I/Users/marcboyer/Library/Developer/Xcode/DerivedData/LogicAudioAssistant-ffojlzgmrzpdrcamounrzekpyefo/Build/Intermediates.noindex/LogicAudioAssistant.build/Release/CompanionMacApp.build/DerivedSources-normal/arm64 -Xcc -I/Users/marcboyer/Library/Developer/Xcode/DerivedData/LogicAudioAssistant-ffojlzgmrzpdrcamounrzekpyefo/Build/Intermediates.noindex/LogicAudioAssistant.build/Release/CompanionMacApp.build/DerivedSources/arm64 -Xcc -I/Users/marcboyer/Library/Developer/Xcode/DerivedData/LogicAudioAssistant-ffojlzgmrzpdrcamounrzekpyefo/Build/Intermediates.noindex/LogicAudioAssistant.build/Release/CompanionMacApp.build/DerivedSources -emit-objc-header -emit-objc-header-path /Users/marcboyer/Library/Developer/Xcode/DerivedData/LogicAudioAssistant-ffojlzgmrzpdrcamounrzekpyefo/Build/Intermediates.noindex/LogicAudioAssistant.build/Release/CompanionMacApp.build/Objects-normal/arm64/Logic_Audio_Assistant-Swift.h -working-directory /Users/marcboyer/LogicAudioAssistant -no-emit-module-separately-wmo

Copy /Users/marcboyer/Library/Developer/Xcode/DerivedData/LogicAudioAssistant-ffojlzgmrzpdrcamounrzekpyefo/Build/Products/Release/Logic_Audio_Assistant.swiftmodule/arm64-apple-macos.abi.json /Users/marcboyer/Library/Developer/Xcode/DerivedData/LogicAudioAssistant-ffojlzgmrzpdrcamounrzekpyefo/Build/Intermediates.noindex/LogicAudioAssistant.build/Release/CompanionMacApp.build/Objects-normal/arm64/Logic_Audio_Assistant.abi.json (in target 'CompanionMacApp' from project 'LogicAudioAssistant' at path '/Users/marcboyer/LogicAudioAssistant/LogicAudioAssistant.xcodeproj')
    cd /Users/marcboyer/LogicAudioAssistant
    builtin-copy -exclude .DS_Store -exclude CVS -exclude .svn -exclude .git -exclude .hg -resolve-src-symlinks -rename /Users/marcboyer/Library/Developer/Xcode/DerivedData/LogicAudioAssistant-ffojlzgmrzpdrcamounrzekpyefo/Build/Intermediates.noindex/LogicAudioAssistant.build/Release/CompanionMacApp.build/Objects-normal/arm64/Logic_Audio_Assistant.abi.json /Users/marcboyer/Library/Developer/Xcode/DerivedData/LogicAudioAssistant-ffojlzgmrzpdrcamounrzekpyefo/Build/Products/Release/Logic_Audio_Assistant.swiftmodule/arm64-apple-macos.abi.json

Ld /Users/marcboyer/Library/Developer/Xcode/DerivedData/LogicAudioAssistant-ffojlzgmrzpdrcamounrzekpyefo/Build/Products/Release/Logic\ Audio\ Assistant.app/Contents/MacOS/Logic\ Audio\ Assistant normal (in target 'CompanionMacApp' from project 'LogicAudioAssistant' at path '/Users/marcboyer/LogicAudioAssistant/LogicAudioAssistant.xcodeproj')
    cd /Users/marcboyer/LogicAudioAssistant
    /Applications/Xcode.app/Contents/Developer/Toolchains/XcodeDefault.xctoolchain/usr/bin/clang -Xlinker -reproducible -target arm64-apple-macos14.0 -isysroot /Applications/Xcode.app/Contents/Developer/Platforms/MacOSX.platform/Developer/SDKs/MacOSX26.5.sdk -Os -L/Users/marcboyer/Library/Developer/Xcode/DerivedData/LogicAudioAssistant-ffojlzgmrzpdrcamounrzekpyefo/Build/Intermediates.noindex/EagerLinkingTBDs/Release -L/Users/marcboyer/Library/Developer/Xcode/DerivedData/LogicAudioAssistant-ffojlzgmrzpdrcamounrzekpyefo/Build/Products/Release -F/Users/marcboyer/Library/Developer/Xcode/DerivedData/LogicAudioAssistant-ffojlzgmrzpdrcamounrzekpyefo/Build/Intermediates.noindex/EagerLinkingTBDs/Release -F/Users/marcboyer/Library/Developer/Xcode/DerivedData/LogicAudioAssistant-ffojlzgmrzpdrcamounrzekpyefo/Build/Products/Release/PackageFrameworks -F/Users/marcboyer/Library/Developer/Xcode/DerivedData/LogicAudioAssistant-ffojlzgmrzpdrcamounrzekpyefo/Build/Products/Release/PackageFrameworks -F/Users/marcboyer/Library/Developer/Xcode/DerivedData/LogicAudioAssistant-ffojlzgmrzpdrcamounrzekpyefo/Build/Products/Release/PackageFrameworks -F/Users/marcboyer/Library/Developer/Xcode/DerivedData/LogicAudioAssistant-ffojlzgmrzpdrcamounrzekpyefo/Build/Products/Release/PackageFrameworks -F/Users/marcboyer/Library/Developer/Xcode/DerivedData/LogicAudioAssistant-ffojlzgmrzpdrcamounrzekpyefo/Build/Products/Release/PackageFrameworks -F/Users/marcboyer/Library/Developer/Xcode/DerivedData/LogicAudioAssistant-ffojlzgmrzpdrcamounrzekpyefo/Build/Products/Release/PackageFrameworks -F/Users/marcboyer/Library/Developer/Xcode/DerivedData/LogicAudioAssistant-ffojlzgmrzpdrcamounrzekpyefo/Build/Products/Release/PackageFrameworks -F/Users/marcboyer/Library/Developer/Xcode/DerivedData/LogicAudioAssistant-ffojlzgmrzpdrcamounrzekpyefo/Build/Products/Release/PackageFrameworks -F/Users/marcboyer/Library/Developer/Xcode/DerivedData/LogicAudioAssistant-ffojlzgmrzpdrcamounrzekpyefo/Build/Products/Release/PackageFrameworks -F/Users/marcboyer/Library/Developer/Xcode/DerivedData/LogicAudioAssistant-ffojlzgmrzpdrcamounrzekpyefo/Build/Products/Release/PackageFrameworks -F/Users/marcboyer/Library/Developer/Xcode/DerivedData/LogicAudioAssistant-ffojlzgmrzpdrcamounrzekpyefo/Build/Products/Release/PackageFrameworks -F/Users/marcboyer/Library/Developer/Xcode/DerivedData/LogicAudioAssistant-ffojlzgmrzpdrcamounrzekpyefo/Build/Products/Release/PackageFrameworks -F/Users/marcboyer/Library/Developer/Xcode/DerivedData/LogicAudioAssistant-ffojlzgmrzpdrcamounrzekpyefo/Build/Products/Release/PackageFrameworks -F/Users/marcboyer/Library/Developer/Xcode/DerivedData/LogicAudioAssistant-ffojlzgmrzpdrcamounrzekpyefo/Build/Products/Release/PackageFrameworks -F/Users/marcboyer/Library/Developer/Xcode/DerivedData/LogicAudioAssistant-ffojlzgmrzpdrcamounrzekpyefo/Build/Products/Release/PackageFrameworks -F/Users/marcboyer/Library/Developer/Xcode/DerivedData/LogicAudioAssistant-ffojlzgmrzpdrcamounrzekpyefo/Build/Products/Release/PackageFrameworks -F/Users/marcboyer/Library/Developer/Xcode/DerivedData/LogicAudioAssistant-ffojlzgmrzpdrcamounrzekpyefo/Build/Products/Release -filelist /Users/marcboyer/Library/Developer/Xcode/DerivedData/LogicAudioAssistant-ffojlzgmrzpdrcamounrzekpyefo/Build/Intermediates.noindex/LogicAudioAssistant.build/Release/CompanionMacApp.build/Objects-normal/arm64/Logic\ Audio\ Assistant.LinkFileList -Xlinker -rpath -Xlinker /usr/lib/swift -Xlinker -rpath -Xlinker @executable_path/../Frameworks -Xlinker -object_path_lto -Xlinker /Users/marcboyer/Library/Developer/Xcode/DerivedData/LogicAudioAssistant-ffojlzgmrzpdrcamounrzekpyefo/Build/Intermediates.noindex/LogicAudioAssistant.build/Release/CompanionMacApp.build/Objects-normal/arm64/Logic\ Audio\ Assistant_lto.o -Xlinker -dependency_info -Xlinker /Users/marcboyer/Library/Developer/Xcode/DerivedData/LogicAudioAssistant-ffojlzgmrzpdrcamounrzekpyefo/Build/Intermediates.noindex/LogicAudioAssistant.build/Release/CompanionMacApp.build/Objects-normal/arm64/Logic\ Audio\ Assistant_dependency_info.dat -fobjc-link-runtime -L/Applications/Xcode.app/Contents/Developer/Toolchains/XcodeDefault.xctoolchain/usr/lib/swift/macosx -L/usr/lib/swift -Xlinker -add_ast_path -Xlinker /Users/marcboyer/Library/Developer/Xcode/DerivedData/LogicAudioAssistant-ffojlzgmrzpdrcamounrzekpyefo/Build/Intermediates.noindex/LogicAudioAssistant.build/Release/CompanionMacApp.build/Objects-normal/arm64/Logic_Audio_Assistant.swiftmodule @/Users/marcboyer/Library/Developer/Xcode/DerivedData/LogicAudioAssistant-ffojlzgmrzpdrcamounrzekpyefo/Build/Intermediates.noindex/LogicAudioAssistant.build/Release/CompanionMacApp.build/Objects-normal/arm64/Logic_Audio_Assistant-linker-args.resp -Wl,-no_warn_duplicate_libraries -Wl,-no_warn_duplicate_libraries -Wl,-no_warn_duplicate_libraries -Wl,-no_warn_duplicate_libraries -Wl,-no_warn_duplicate_libraries -Wl,-no_warn_duplicate_libraries -Wl,-no_warn_duplicate_libraries -Wl,-no_warn_duplicate_libraries -Wl,-no_warn_duplicate_libraries -Wl,-no_warn_duplicate_libraries -Wl,-no_warn_duplicate_libraries -Wl,-no_warn_duplicate_libraries -Wl,-no_warn_duplicate_libraries -Wl,-no_warn_duplicate_libraries -Wl,-no_warn_duplicate_libraries -Wl,-no_warn_duplicate_libraries -framework AppKit -framework ApplicationServices -framework Security -o /Users/marcboyer/Library/Developer/Xcode/DerivedData/LogicAudioAssistant-ffojlzgmrzpdrcamounrzekpyefo/Build/Products/Release/Logic\ Audio\ Assistant.app/Contents/MacOS/Logic\ Audio\ Assistant -Xlinker -add_ast_path -Xlinker /Users/marcboyer/Library/Developer/Xcode/DerivedData/LogicAudioAssistant-ffojlzgmrzpdrcamounrzekpyefo/Build/Intermediates.noindex/LogicAudioAssistant.build/Release/SharedIPC.build/Objects-normal/arm64/SharedIPC.swiftmodule @/Users/marcboyer/Library/Developer/Xcode/DerivedData/LogicAudioAssistant-ffojlzgmrzpdrcamounrzekpyefo/Build/Intermediates.noindex/LogicAudioAssistant.build/Release/SharedIPC.build/Objects-normal/arm64/SharedIPC-linker-args.resp -Xlinker -add_ast_path -Xlinker /Users/marcboyer/Library/Developer/Xcode/DerivedData/LogicAudioAssistant-ffojlzgmrzpdrcamounrzekpyefo/Build/Intermediates.noindex/LogicAudioAssistant.build/Release/PlanSchema.build/Objects-normal/arm64/PlanSchema.swiftmodule @/Users/marcboyer/Library/Developer/Xcode/DerivedData/LogicAudioAssistant-ffojlzgmrzpdrcamounrzekpyefo/Build/Intermediates.noindex/LogicAudioAssistant.build/Release/PlanSchema.build/Objects-normal/arm64/PlanSchema-linker-args.resp -Xlinker -add_ast_path -Xlinker /Users/marcboyer/Library/Developer/Xcode/DerivedData/LogicAudioAssistant-ffojlzgmrzpdrcamounrzekpyefo/Build/Intermediates.noindex/LogicAudioAssistant.build/Release/SessionCore.build/Objects-normal/arm64/SessionCore.swiftmodule @/Users/marcboyer/Library/Developer/Xcode/DerivedData/LogicAudioAssistant-ffojlzgmrzpdrcamounrzekpyefo/Build/Intermediates.noindex/LogicAudioAssistant.build/Release/SessionCore.build/Objects-normal/arm64/SessionCore-linker-args.resp -Xlinker -add_ast_path -Xlinker /Users/marcboyer/Library/Developer/Xcode/DerivedData/LogicAudioAssistant-ffojlzgmrzpdrcamounrzekpyefo/Build/Intermediates.noindex/LogicAudioAssistant.build/Release/DSPCore.build/Objects-normal/arm64/DSPCore.swiftmodule @/Users/marcboyer/Library/Developer/Xcode/DerivedData/LogicAudioAssistant-ffojlzgmrzpdrcamounrzekpyefo/Build/Intermediates.noindex/LogicAudioAssistant.build/Release/DSPCore.build/Objects-normal/arm64/DSPCore-linker-args.resp -Xlinker -add_ast_path -Xlinker /Users/marcboyer/Library/Developer/Xcode/DerivedData/LogicAudioAssistant-ffojlzgmrzpdrcamounrzekpyefo/Build/Intermediates.noindex/LogicAudioAssistant.build/Release/AudioAnalysis.build/Objects-normal/arm64/AudioAnalysis.swiftmodule @/Users/marcboyer/Library/Developer/Xcode/DerivedData/LogicAudioAssistant-ffojlzgmrzpdrcamounrzekpyefo/Build/Intermediates.noindex/LogicAudioAssistant.build/Release/AudioAnalysis.build/Objects-normal/arm64/AudioAnalysis-linker-args.resp -Xlinker -add_ast_path -Xlinker /Users/marcboyer/Library/Developer/Xcode/DerivedData/LogicAudioAssistant-ffojlzgmrzpdrcamounrzekpyefo/Build/Intermediates.noindex/LogicAudioAssistant.build/Release/StateStore.build/Objects-normal/arm64/StateStore.swiftmodule @/Users/marcboyer/Library/Developer/Xcode/DerivedData/LogicAudioAssistant-ffojlzgmrzpdrcamounrzekpyefo/Build/Intermediates.noindex/LogicAudioAssistant.build/Release/StateStore.build/Objects-normal/arm64/StateStore-linker-args.resp -Xlinker -add_ast_path -Xlinker /Users/marcboyer/Library/Developer/Xcode/DerivedData/LogicAudioAssistant-ffojlzgmrzpdrcamounrzekpyefo/Build/Intermediates.noindex/LogicAudioAssistant.build/Release/AgentCore.build/Objects-normal/arm64/AgentCore.swiftmodule @/Users/marcboyer/Library/Developer/Xcode/DerivedData/LogicAudioAssistant-ffojlzgmrzpdrcamounrzekpyefo/Build/Intermediates.noindex/LogicAudioAssistant.build/Release/AgentCore.build/Objects-normal/arm64/AgentCore-linker-args.resp -Xlinker -add_ast_path -Xlinker /Users/marcboyer/Library/Developer/Xcode/DerivedData/LogicAudioAssistant-ffojlzgmrzpdrcamounrzekpyefo/Build/Intermediates.noindex/LogicAudioAssistant.build/Release/PreviewRenderer.build/Objects-normal/arm64/PreviewRenderer.swiftmodule @/Users/marcboyer/Library/Developer/Xcode/DerivedData/LogicAudioAssistant-ffojlzgmrzpdrcamounrzekpyefo/Build/Intermediates.noindex/LogicAudioAssistant.build/Release/PreviewRenderer.build/Objects-normal/arm64/PreviewRenderer-linker-args.resp -Xlinker -add_ast_path -Xlinker /Users/marcboyer/Library/Developer/Xcode/DerivedData/LogicAudioAssistant-ffojlzgmrzpdrcamounrzekpyefo/Build/Intermediates.noindex/LogicAudioAssistant.build/Release/VocalProduction.build/Objects-normal/arm64/VocalProduction.swiftmodule @/Users/marcboyer/Library/Developer/Xcode/DerivedData/LogicAudioAssistant-ffojlzgmrzpdrcamounrzekpyefo/Build/Intermediates.noindex/LogicAudioAssistant.build/Release/VocalProduction.build/Objects-normal/arm64/VocalProduction-linker-args.resp -Xlinker -add_ast_path -Xlinker /Users/marcboyer/Library/Developer/Xcode/DerivedData/LogicAudioAssistant-ffojlzgmrzpdrcamounrzekpyefo/Build/Intermediates.noindex/LogicAudioAssistant.build/Release/PreviewWorkflow.build/Objects-normal/arm64/PreviewWorkflow.swiftmodule @/Users/marcboyer/Library/Developer/Xcode/DerivedData/LogicAudioAssistant-ffojlzgmrzpdrcamounrzekpyefo/Build/Intermediates.noindex/LogicAudioAssistant.build/Release/PreviewWorkflow.build/Objects-normal/arm64/PreviewWorkflow-linker-args.resp -Xlinker -add_ast_path -Xlinker /Users/marcboyer/Library/Developer/Xcode/DerivedData/LogicAudioAssistant-ffojlzgmrzpdrcamounrzekpyefo/Build/Intermediates.noindex/LogicAudioAssistant.build/Release/PreviewAudition.build/Objects-normal/arm64/PreviewAudition.swiftmodule @/Users/marcboyer/Library/Developer/Xcode/DerivedData/LogicAudioAssistant-ffojlzgmrzpdrcamounrzekpyefo/Build/Intermediates.noindex/LogicAudioAssistant.build/Release/PreviewAudition.build/Objects-normal/arm64/PreviewAudition-linker-args.resp -Xlinker -add_ast_path -Xlinker /Users/marcboyer/Library/Developer/Xcode/DerivedData/LogicAudioAssistant-ffojlzgmrzpdrcamounrzekpyefo/Build/Intermediates.noindex/LogicAudioAssistant.build/Release/ProductionIntelligence.build/Objects-normal/arm64/ProductionIntelligence.swiftmodule @/Users/marcboyer/Library/Developer/Xcode/DerivedData/LogicAudioAssistant-ffojlzgmrzpdrcamounrzekpyefo/Build/Intermediates.noindex/LogicAudioAssistant.build/Release/ProductionIntelligence.build/Objects-normal/arm64/ProductionIntelligence-linker-args.resp -Xlinker -add_ast_path -Xlinker /Users/marcboyer/Library/Developer/Xcode/DerivedData/LogicAudioAssistant-ffojlzgmrzpdrcamounrzekpyefo/Build/Intermediates.noindex/LogicAudioAssistant.build/Release/ProductionTutor.build/Objects-normal/arm64/ProductionTutor.swiftmodule @/Users/marcboyer/Library/Developer/Xcode/DerivedData/LogicAudioAssistant-ffojlzgmrzpdrcamounrzekpyefo/Build/Intermediates.noindex/LogicAudioAssistant.build/Release/ProductionTutor.build/Objects-normal/arm64/ProductionTutor-linker-args.resp -Xlinker -add_ast_path -Xlinker /Users/marcboyer/Library/Developer/Xcode/DerivedData/LogicAudioAssistant-ffojlzgmrzpdrcamounrzekpyefo/Build/Intermediates.noindex/LogicAudioAssistant.build/Release/TutorConversation.build/Objects-normal/arm64/TutorConversation.swiftmodule @/Users/marcboyer/Library/Developer/Xcode/DerivedData/LogicAudioAssistant-ffojlzgmrzpdrcamounrzekpyefo/Build/Intermediates.noindex/LogicAudioAssistant.build/Release/TutorConversation.build/Objects-normal/arm64/TutorConversation-linker-args.resp -Xlinker -add_ast_path -Xlinker /Users/marcboyer/Library/Developer/Xcode/DerivedData/LogicAudioAssistant-ffojlzgmrzpdrcamounrzekpyefo/Build/Intermediates.noindex/LogicAudioAssistant.build/Release/TutorLogicObserver.build/Objects-normal/arm64/TutorLogicObserver.swiftmodule @/Users/marcboyer/Library/Developer/Xcode/DerivedData/LogicAudioAssistant-ffojlzgmrzpdrcamounrzekpyefo/Build/Intermediates.noindex/LogicAudioAssistant.build/Release/TutorLogicObserver.build/Objects-normal/arm64/TutorLogicObserver-linker-args.resp

ExtractAppIntentsMetadata (in target 'CompanionMacApp' from project 'LogicAudioAssistant' at path '/Users/marcboyer/LogicAudioAssistant/LogicAudioAssistant.xcodeproj')
    cd /Users/marcboyer/LogicAudioAssistant
    /Applications/Xcode.app/Contents/Developer/Toolchains/XcodeDefault.xctoolchain/usr/bin/appintentsmetadataprocessor --toolchain-dir /Applications/Xcode.app/Contents/Developer/Toolchains/XcodeDefault.xctoolchain --module-name Logic_Audio_Assistant --sdk-root /Applications/Xcode.app/Contents/Developer/Platforms/MacOSX.platform/Developer/SDKs/MacOSX26.5.sdk --xcode-version 17F113 --platform-family macOS --deployment-target 14.0 --bundle-identifier com.marcboyer.logicaudioassistant --output /Users/marcboyer/Library/Developer/Xcode/DerivedData/LogicAudioAssistant-ffojlzgmrzpdrcamounrzekpyefo/Build/Products/Release/Logic\ Audio\ Assistant.app/Contents/Resources --target-triple arm64-apple-macos14.0 --binary-file /Users/marcboyer/Library/Developer/Xcode/DerivedData/LogicAudioAssistant-ffojlzgmrzpdrcamounrzekpyefo/Build/Products/Release/Logic\ Audio\ Assistant.app/Contents/MacOS/Logic\ Audio\ Assistant --dependency-file /Users/marcboyer/Library/Developer/Xcode/DerivedData/LogicAudioAssistant-ffojlzgmrzpdrcamounrzekpyefo/Build/Intermediates.noindex/LogicAudioAssistant.build/Release/CompanionMacApp.build/Objects-normal/arm64/Logic\ Audio\ Assistant_dependency_info.dat --stringsdata-file /Users/marcboyer/Library/Developer/Xcode/DerivedData/LogicAudioAssistant-ffojlzgmrzpdrcamounrzekpyefo/Build/Intermediates.noindex/LogicAudioAssistant.build/Release/CompanionMacApp.build/Objects-normal/arm64/ExtractedAppShortcutsMetadata.stringsdata --source-file-list /Users/marcboyer/Library/Developer/Xcode/DerivedData/LogicAudioAssistant-ffojlzgmrzpdrcamounrzekpyefo/Build/Intermediates.noindex/LogicAudioAssistant.build/Release/CompanionMacApp.build/Objects-normal/arm64/Logic\ Audio\ Assistant.SwiftFileList --metadata-file-list /Users/marcboyer/Library/Developer/Xcode/DerivedData/LogicAudioAssistant-ffojlzgmrzpdrcamounrzekpyefo/Build/Intermediates.noindex/LogicAudioAssistant.build/Release/CompanionMacApp.build/Logic\ Audio\ Assistant.DependencyMetadataFileList --static-metadata-file-list /Users/marcboyer/Library/Developer/Xcode/DerivedData/LogicAudioAssistant-ffojlzgmrzpdrcamounrzekpyefo/Build/Intermediates.noindex/LogicAudioAssistant.build/Release/CompanionMacApp.build/Logic\ Audio\ Assistant.DependencyStaticMetadataFileList --swift-const-vals-list /Users/marcboyer/Library/Developer/Xcode/DerivedData/LogicAudioAssistant-ffojlzgmrzpdrcamounrzekpyefo/Build/Intermediates.noindex/LogicAudioAssistant.build/Release/CompanionMacApp.build/Objects-normal/arm64/Logic\ Audio\ Assistant.SwiftConstValuesFileList --compile-time-extraction --deployment-aware-processing --validate-assistant-intents --no-app-shortcuts-localization
2026-08-14 20:31:16.178 appintentsmetadataprocessor[23477:4426499] Starting appintentsmetadataprocessor export
2026-08-14 20:31:16.180 appintentsmetadataprocessor[23477:4426499] warning: Metadata extraction skipped. No AppIntents.framework dependency found.

Copy /Users/marcboyer/Library/Developer/Xcode/DerivedData/LogicAudioAssistant-ffojlzgmrzpdrcamounrzekpyefo/Build/Products/Release/Logic\ Audio\ Assistant.app/Contents/Resources/LogicAudioAssistant_ProductionTutor.bundle /Users/marcboyer/Library/Developer/Xcode/DerivedData/LogicAudioAssistant-ffojlzgmrzpdrcamounrzekpyefo/Build/Products/Release/LogicAudioAssistant_ProductionTutor.bundle (in target 'CompanionMacApp' from project 'LogicAudioAssistant' at path '/Users/marcboyer/LogicAudioAssistant/LogicAudioAssistant.xcodeproj')
    cd /Users/marcboyer/LogicAudioAssistant
    builtin-copy -exclude .DS_Store -exclude CVS -exclude .svn -exclude .git -exclude .hg -resolve-src-symlinks /Users/marcboyer/Library/Developer/Xcode/DerivedData/LogicAudioAssistant-ffojlzgmrzpdrcamounrzekpyefo/Build/Products/Release/LogicAudioAssistant_ProductionTutor.bundle /Users/marcboyer/Library/Developer/Xcode/DerivedData/LogicAudioAssistant-ffojlzgmrzpdrcamounrzekpyefo/Build/Products/Release/Logic\ Audio\ Assistant.app/Contents/Resources

CopySwiftLibs /Users/marcboyer/Library/Developer/Xcode/DerivedData/LogicAudioAssistant-ffojlzgmrzpdrcamounrzekpyefo/Build/Products/Release/Logic\ Audio\ Assistant.app (in target 'CompanionMacApp' from project 'LogicAudioAssistant' at path '/Users/marcboyer/LogicAudioAssistant/LogicAudioAssistant.xcodeproj')
    cd /Users/marcboyer/LogicAudioAssistant
    builtin-swiftStdLibTool --copy --verbose --scan-executable /Users/marcboyer/Library/Developer/Xcode/DerivedData/LogicAudioAssistant-ffojlzgmrzpdrcamounrzekpyefo/Build/Products/Release/Logic\ Audio\ Assistant.app/Contents/MacOS/Logic\ Audio\ Assistant --scan-folder /Users/marcboyer/Library/Developer/Xcode/DerivedData/LogicAudioAssistant-ffojlzgmrzpdrcamounrzekpyefo/Build/Products/Release/Logic\ Audio\ Assistant.app/Contents/Frameworks --scan-folder /Users/marcboyer/Library/Developer/Xcode/DerivedData/LogicAudioAssistant-ffojlzgmrzpdrcamounrzekpyefo/Build/Products/Release/Logic\ Audio\ Assistant.app/Contents/PlugIns --scan-folder /Users/marcboyer/Library/Developer/Xcode/DerivedData/LogicAudioAssistant-ffojlzgmrzpdrcamounrzekpyefo/Build/Products/Release/Logic\ Audio\ Assistant.app/Contents/Library/SystemExtensions --scan-folder /Users/marcboyer/Library/Developer/Xcode/DerivedData/LogicAudioAssistant-ffojlzgmrzpdrcamounrzekpyefo/Build/Products/Release/Logic\ Audio\ Assistant.app/Contents/Extensions --platform macosx --toolchain /Applications/Xcode.app/Contents/Developer/Toolchains/XcodeDefault.xctoolchain --destination /Users/marcboyer/Library/Developer/Xcode/DerivedData/LogicAudioAssistant-ffojlzgmrzpdrcamounrzekpyefo/Build/Products/Release/Logic\ Audio\ Assistant.app/Contents/Frameworks --strip-bitcode --strip-bitcode-tool /Applications/Xcode.app/Contents/Developer/Toolchains/XcodeDefault.xctoolchain/usr/bin/bitcode_strip --emit-dependency-info /Users/marcboyer/Library/Developer/Xcode/DerivedData/LogicAudioAssistant-ffojlzgmrzpdrcamounrzekpyefo/Build/Intermediates.noindex/LogicAudioAssistant.build/Release/CompanionMacApp.build/SwiftStdLibToolInputDependencies.dep --filter-for-swift-os --back-deploy-swift-span
Ignoring --strip-bitcode because --sign was not passed

ProcessInfoPlistFile /Users/marcboyer/Library/Developer/Xcode/DerivedData/LogicAudioAssistant-ffojlzgmrzpdrcamounrzekpyefo/Build/Products/Release/Logic\ Audio\ Assistant.app/Contents/Info.plist /Users/marcboyer/LogicAudioAssistant/apps/CompanionMacApp/Info.plist (in target 'CompanionMacApp' from project 'LogicAudioAssistant' at path '/Users/marcboyer/LogicAudioAssistant/LogicAudioAssistant.xcodeproj')
    cd /Users/marcboyer/LogicAudioAssistant
    builtin-infoPlistUtility /Users/marcboyer/LogicAudioAssistant/apps/CompanionMacApp/Info.plist -producttype com.apple.product-type.application -genpkginfo /Users/marcboyer/Library/Developer/Xcode/DerivedData/LogicAudioAssistant-ffojlzgmrzpdrcamounrzekpyefo/Build/Products/Release/Logic\ Audio\ Assistant.app/Contents/PkgInfo -expandbuildsettings -platform macosx -additionalcontentfile /Users/marcboyer/Library/Developer/Xcode/DerivedData/LogicAudioAssistant-ffojlzgmrzpdrcamounrzekpyefo/Build/Intermediates.noindex/LogicAudioAssistant.build/Release/CompanionMacApp.build/assetcatalog_generated_info.plist -scanforprivacyfile /Users/marcboyer/Library/Developer/Xcode/DerivedData/LogicAudioAssistant-ffojlzgmrzpdrcamounrzekpyefo/Build/Products/Release/Logic\ Audio\ Assistant.app/Contents/PlugIns/Logic\ Audio\ Assistant\ AU.appex -scanforprivacyfile /Users/marcboyer/Library/Developer/Xcode/DerivedData/LogicAudioAssistant-ffojlzgmrzpdrcamounrzekpyefo/Build/Products/Release/Logic\ Audio\ Assistant.app/Contents/Resources/LogicAudioAssistant_ProductionTutor.bundle -o /Users/marcboyer/Library/Developer/Xcode/DerivedData/LogicAudioAssistant-ffojlzgmrzpdrcamounrzekpyefo/Build/Products/Release/Logic\ Audio\ Assistant.app/Contents/Info.plist

GenerateDSYMFile /Users/marcboyer/Library/Developer/Xcode/DerivedData/LogicAudioAssistant-ffojlzgmrzpdrcamounrzekpyefo/Build/Products/Release/Logic\ Audio\ Assistant.app.dSYM /Users/marcboyer/Library/Developer/Xcode/DerivedData/LogicAudioAssistant-ffojlzgmrzpdrcamounrzekpyefo/Build/Products/Release/Logic\ Audio\ Assistant.app/Contents/MacOS/Logic\ Audio\ Assistant (in target 'CompanionMacApp' from project 'LogicAudioAssistant' at path '/Users/marcboyer/LogicAudioAssistant/LogicAudioAssistant.xcodeproj')
    cd /Users/marcboyer/LogicAudioAssistant
    /Applications/Xcode.app/Contents/Developer/Toolchains/XcodeDefault.xctoolchain/usr/bin/dsymutil /Users/marcboyer/Library/Developer/Xcode/DerivedData/LogicAudioAssistant-ffojlzgmrzpdrcamounrzekpyefo/Build/Products/Release/Logic\ Audio\ Assistant.app/Contents/MacOS/Logic\ Audio\ Assistant -o /Users/marcboyer/Library/Developer/Xcode/DerivedData/LogicAudioAssistant-ffojlzgmrzpdrcamounrzekpyefo/Build/Products/Release/Logic\ Audio\ Assistant.app.dSYM

** BUILD SUCCEEDED **

XCODE_EXIT=0
